-- phpMyAdmin SQL Dump
-- version 5.2.2
-- https://www.phpmyadmin.net/
--
-- Servidor: localhost:3306
-- Tiempo de generaciĂłn: 19-06-2026 a las 10:16:17
-- VersiĂłn del servidor: 10.11.17-MariaDB-cll-lve
-- VersiĂłn de PHP: 8.3.31

SET SQL_MODE = "NO_AUTO_VALUE_ON_ZERO";
START TRANSACTION;
SET time_zone = "+00:00";


/*!40101 SET @OLD_CHARACTER_SET_CLIENT=@@CHARACTER_SET_CLIENT */;
/*!40101 SET @OLD_CHARACTER_SET_RESULTS=@@CHARACTER_SET_RESULTS */;
/*!40101 SET @OLD_COLLATION_CONNECTION=@@COLLATION_CONNECTION */;
/*!40101 SET NAMES utf8mb4 */;

--
-- Base de datos: `admkoda_BBDD_APPS`
--

-- --------------------------------------------------------

--
-- Estructura de tabla para la tabla `accounts`
--

CREATE TABLE `accounts` (
  `account_id` bigint(20) NOT NULL,
  `tenant_id` bigint(20) NOT NULL,
  `name` varchar(255) NOT NULL,
  `legal_name` varchar(255) DEFAULT NULL,
  `tax_id` varchar(50) DEFAULT NULL,
  `website` varchar(255) DEFAULT NULL,
  `phone` varchar(50) DEFAULT NULL,
  `address` text DEFAULT NULL,
  `custom_fields` longtext CHARACTER SET utf8mb4 COLLATE utf8mb4_bin NOT NULL CHECK (json_valid(`custom_fields`)),
  `created_at` timestamp NOT NULL DEFAULT current_timestamp(),
  `updated_at` timestamp NOT NULL DEFAULT current_timestamp() ON UPDATE current_timestamp()
) ENGINE=InnoDB DEFAULT CHARSET=utf8mb4 COLLATE=utf8mb4_unicode_ci;

--
-- Volcado de datos para la tabla `accounts`
--

INSERT INTO `accounts` (`account_id`, `tenant_id`, `name`, `legal_name`, `tax_id`, `website`, `phone`, `address`, `custom_fields`, `created_at`, `updated_at`) VALUES
(1, 13, 'Acme Corporation Inc', 'Acme Corp S.A. de C.V.', 'RFC-ACM850101-1A1', 'https://acme.com', '+1 (555) 123-4567', '123 Industrial Blvd, Suite 400, Austin, TX', '{}', '2026-06-15 21:44:49', '2026-06-15 21:44:49'),
(2, 13, 'Globex Corporation', 'Globex Holdings Ltd.', 'TAX-GBX990214-X32', 'https://globex.com', '+1 (555) 987-6543', '456 Cypress Ave, Silicon Valley, CA', '{}', '2026-06-15 21:44:49', '2026-06-15 21:44:49'),
(3, 13, 'Initech LLC', 'Initech Software Systems', 'TAX-INI010417-AA9', 'https://initech.com', '+1 (555) 234-5678', '789 Office Park Road, Boulder, CO', '{}', '2026-06-15 21:44:49', '2026-06-15 21:44:49'),
(4, 12, 'Acme Corporation Inc', 'Acme Corp S.A. de C.V.', 'RFC-ACM850101-1A1', 'https://acme.com', '+1 (555) 123-4567', '123 Industrial Blvd, Suite 400, Austin, TX', '{}', '2026-06-15 21:48:50', '2026-06-15 21:48:50'),
(5, 12, 'Globex Corporation', 'Globex Holdings Ltd.', 'TAX-GBX990214-X32', 'https://globex.com', '+1 (555) 987-6543', '456 Cypress Ave, Silicon Valley, CA', '{}', '2026-06-15 21:48:50', '2026-06-15 21:48:50'),
(6, 12, 'Initech LLC', 'Initech Software Systems', 'TAX-INI010417-AA9', 'https://initech.com', '+1 (555) 234-5678', '789 Office Park Road, Boulder, CO', '{}', '2026-06-15 21:48:50', '2026-06-15 21:48:50');

-- --------------------------------------------------------

--
-- Estructura de tabla para la tabla `apps`
--

CREATE TABLE `apps` (
  `app_id` varchar(50) NOT NULL,
  `name` varchar(100) NOT NULL,
  `description` varchar(255) DEFAULT NULL,
  `is_active` tinyint(1) NOT NULL DEFAULT 1,
  `created_at` timestamp NOT NULL DEFAULT current_timestamp()
) ENGINE=InnoDB DEFAULT CHARSET=utf8mb4 COLLATE=utf8mb4_unicode_ci;

--
-- Volcado de datos para la tabla `apps`
--

INSERT INTO `apps` (`app_id`, `name`, `description`, `is_active`, `created_at`) VALUES
('crm', 'kodanCRM', 'Customer Relationship Management', 1, '2026-06-15 20:41:52'),
('tracker', 'kodanTracker', 'Time Tracking & Project Management', 1, '2026-06-15 20:41:52');

-- --------------------------------------------------------

--
-- Estructura de tabla para la tabla `app_configs`
--

CREATE TABLE `app_configs` (
  `tenant_id` bigint(20) NOT NULL,
  `app_id` varchar(50) NOT NULL,
  `config_key` varchar(100) NOT NULL,
  `config_value` text DEFAULT NULL,
  `updated_at` timestamp NOT NULL DEFAULT current_timestamp() ON UPDATE current_timestamp()
) ENGINE=InnoDB DEFAULT CHARSET=utf8mb4 COLLATE=utf8mb4_unicode_ci;

-- --------------------------------------------------------

--
-- Estructura de tabla para la tabla `audit_logs`
--

CREATE TABLE `audit_logs` (
  `id` bigint(20) NOT NULL,
  `tenant_id` bigint(20) NOT NULL COMMENT '0 = sistema (Super Admin)',
  `user_id` bigint(20) DEFAULT NULL,
  `action` varchar(255) NOT NULL,
  `details` mediumtext DEFAULT NULL,
  `created_at` timestamp NOT NULL DEFAULT current_timestamp()
) ENGINE=InnoDB DEFAULT CHARSET=utf8mb4 COLLATE=utf8mb4_unicode_ci;

--
-- Volcado de datos para la tabla `audit_logs`
--

INSERT INTO `audit_logs` (`id`, `tenant_id`, `user_id`, `action`, `details`, `created_at`) VALUES
(22, 1, 9, 'THEME_CHANGED', '{\"theme\":\"light\",\"user_id\":9}', '2026-06-15 20:55:45'),
(23, 1, 9, 'THEME_CHANGED', '{\"theme\":\"dark\",\"user_id\":9}', '2026-06-15 20:55:49'),
(24, 1, 9, 'THEME_CHANGED', '{\"theme\":\"light\",\"user_id\":9}', '2026-06-15 20:55:53'),
(25, 1, 9, 'TENANT_CREATED', '{\"tenant_id\":12,\"name\":\"Pruebas\",\"plan_id\":1,\"modules\":[\"crm\",\"tracker\"],\"admin_user_id\":10,\"admin_email\":\"admin@pruebas.com\",\"theme\":\"dark\"}', '2026-06-15 20:57:56'),
(26, 1, 9, 'THEME_CHANGED', '{\"theme\":\"light\",\"user_id\":9}', '2026-06-15 21:45:18'),
(27, 1, 9, 'THEME_CHANGED', '{\"theme\":\"dark\",\"user_id\":9}', '2026-06-16 08:54:04'),
(28, 1, 9, 'THEME_CHANGED', '{\"theme\":\"light\",\"user_id\":9}', '2026-06-16 08:54:10'),
(30, 1, 9, 'TENANT_UPDATED', '{\"tenant_id\":13,\"changes\":{\"name\":\"Editado\",\"subscription_plan_id\":2}}', '2026-06-16 14:11:56'),
(32, 1, 9, 'TENANT_UPDATED', '{\"tenant_id\":13,\"changes\":{\"name\":\"Test Edit Final\",\"subscription_plan_id\":2,\"logo_url\":null}}', '2026-06-16 14:13:36'),
(36, 1, 9, 'TENANT_DEACTIVATED', '{\"tenant_id\":12}', '2026-06-16 14:16:18'),
(37, 1, 9, 'TENANT_PLAN_CHANGED', '{\"tenant_id\":12,\"new_plan_id\":2}', '2026-06-16 14:19:08'),
(38, 1, 9, 'TENANT_UPDATED', '{\"tenant_id\":12,\"changes\":{\"name\":\"Fix Test\",\"subscription_plan_id\":2,\"logo_url\":null}}', '2026-06-16 14:19:08'),
(39, 1, 9, 'TENANT_ACTIVATED', '{\"tenant_id\":12}', '2026-06-16 14:21:00'),
(40, 1, 9, 'TENANT_UPDATED', '{\"tenant_id\":13,\"changes\":{\"name\":\"Kodan Enterprise Demo (CRM)\",\"subscription_plan_id\":2,\"logo_url\":null}}', '2026-06-16 14:21:09'),
(41, 1, 9, 'TENANT_DEACTIVATED', '{\"tenant_id\":13}', '2026-06-16 14:21:09'),
(42, 1, 9, 'TENANT_ACTIVATED', '{\"tenant_id\":13}', '2026-06-16 14:21:09'),
(43, 1, 9, 'TENANT_DEACTIVATED', '{\"tenant_id\":12}', '2026-06-16 14:22:59'),
(44, 1, 9, 'TENANT_PLAN_CHANGED', '{\"tenant_id\":12,\"new_plan_id\":3}', '2026-06-16 14:24:07');
INSERT INTO `audit_logs` (`id`, `tenant_id`, `user_id`, `action`, `details`, `created_at`) VALUES
(45, 1, 9, 'TENANT_UPDATED', '{\"tenant_id\":12,\"changes\":{\"name\":\"Test con logo\",\"subscription_plan_id\":3,\"logo_url\":\"data:image\\/jpeg;base64,AAAAAAAAAAAAAAAAAAAAAAAAAAAAAAAAAAAAAAAAAAAAAAAAAAAAAAAAAAAAAAAAAAAAAAAAAAAAAAAAAAAAAAAAAAAAAAAAAAAAAAAAAAAAAAAAAAAAAAAAAAAAAAAAAAAAAAAAAAAAAAAAAAAAAAAAAAAAAAAAAAAAAAAAAAAAAAAAAAAAAAAAAAAAAAAAAAAAAAAAAAAAAAAAAAAAAAAAAAAAAAAAAAAAAAAAAAAAAAAAAAAAAAAAAAAAAAAAAAAAAAAAAAAAAAAAAAAAAAAAAAAAAAAAAAAAAAAAAAAAAAAAAAAAAAAAAAAAAAAAAAAAAAAAAAAAAAAAAAAAAAAAAAAAAAAAAAAAAAAAAAAAAAAAAAAAAAAAAAAAAAAAAAAAAAAAAAAAAAAAAAAAAAAAAAAAAAAAAAAAAAAAAAAAAAAAAAAAAAAAAAAAAAAAAAAAAAAAAAAAAAAAAAAAAAAAAAAAAAAAAAAAAAAAAAAAAAAAAAAAAAAAAAAAAAAAAAAAAAAAAAAAAAAAAAAAAAAAAAAAAAAAAAAAAAAAAAAAAAAAAAAAAAAAAAAAAAAAAAAAAAAAAAAAAAAAAAAAAAAAAAAAAAAAAAAAAAAAAAAAAAAAAAAAAAAAAAAAAAAAAAAAAAAAAAAAAAAAAAAAAAAAAAAAAAAAAAAAAAAAAAAAAAAAAAAAAAAAAAAAAAAAAAAAAAAAAAAAAAAAAAAAAAAAAAAAAAAAAAAAAAAAAAAAAAAAAAAAAAAAAAAAAAAAAAAAAAAAAAAAAAAAAAAAAAAAAAAAAAAAAAAAAAAAAAAAAAAAAAAAAAAAAAAAAAAAAAAAAAAAAAAAAAAAAAAAAAAAAAAAAAAAAAAAAAAAAAAAAAAAAAAAAAAAAAAAAAAAAAAAAAAAAAAAAAAAAAAAAAAAAAAAAAAAAAAAAAAAAAAAAAAAAAAAAAAAAAAAAAAAAAAAAAAAAAAAAAAAAAAAAAAAAAAAAAAAAAAAAAAAAAAAAAAAAAAAAAAAAAAAAAAAAAAAAAAAAAAAAAAAAAAAAAAAAAAAAAAAAAAAAAAAAAAAAAAAAAAAAAAAAAAAAAAAAAAAAAAAAAAAAAAAAAAAAAAAAAAAAAAAAAAAAAAAAAAAAAAAAAAAAAAAAAAAAAAAAAAAAAAAAAAAAAAAAAAAAAAAAAAAAAAAAAAAAAAAAAAAAAAAAAAAAAAAAAAAAAAAAAAAAAAAAAAAAAAAAAAAAAAAAAAAAAAAAAAAAAAAAAAAAAAAAAAAAAAAAAAAAAAAAAAAAAAAAAAAAAAAAAAAAAAAAAAAAAAAAAAAAAAAAAAAAAAAAAAAAAAAAAAAAAAAAAAAAAAAAAAAAAAAAAAAAAAAAAAAAAAAAAAAAAAAAAAAAAAAAAAAAAAAAAAAAAAAAAAAAAAAAAAAAAAAAAAAAAAAAAAAAAAAAAAAAAAAAAAAAAAAAAAAAAAAAAAAAAAAAAAAAAAAAAAAAAAAAAAAAAAAAAAAAAAAAAAAAAAAAAAAAAAAAAAAAAAAAAAAAAAAAAAAAAAAAAAAAAAAAAAAAAAAAAAAAAAAAAAAAAAAAAAAAAAAAAAAAAAAAAAAAAAAAAAAAAAAAAAAAAAAAAAAAAAAAAAAAAAAAAAAAAAAAAAAAAAAAAAAAAAAAAAAAAAAAAAAAAAAAAAAAAAAAAAAAAAAAAAAAAAAAAAAAAAAAAAAAAAAAAAAAAAAAAAAAAAAAAAAAAAAAAAAAAAAAAAAAAAAAAAAAAAAAAAAAAAAAAAAAAAAAAAAAAAAAAAAAAAAAAAAAAAAAAAAAAAAAAAAAAAAAAAAAAAAAAAAAAAAAAAAAAAAAAAAAAAAAAAAAAAAAAAAAAAAAAAAAAAAAAAAAAAAAAAAAAAAAAAAAAAAAAAAAAAAAAAAAAAAAAAAAAAAAAAAAAAAAAAAAAAAAAAAAAAAAAAAAAAAAAAAAAAAAAAAAAAAAAAAAAAAAAAAAAAAAAAAAAAAAAAAAAAAAAAAAAAAAAAAAAAAAAAAAAAAAAAAAAAAAAAAAAAAAAAAAAAAAAAAAAAAAAAAAAAAAAAAAAAAAAAAAAAAAAAAAAAAAAAAAAAAAAAAAAAAAAAAAAAAAAAAAAAAAAAAAAAAAAAAAAAAAAAAAAAAAAAAAAAAAAAAAAAAAAAAAAAAAAAAAAAAAAAAAAAAAAAAAAAAAAAAAAAAAAAAAAAAAAAAAAAAAAAAAAAAAAAAAAAAAAAAAAAAAAAAAAAAAAAAAAAAAAAAAAAAAAAAAAAAAAAAAAAAAAAAAAAAAAAAAAAAAAAAAAAAAAAAAAAAAAAAAAAAAAAAAAAAAAAAAAAAAAAAAAAAAAAAAAAAAAAAAAAAAAAAAAAAAAAAAAAAAAAAAAAAAAAAAAAAAAAAAAAAAAAAAAAAAAAAAAAAAAAAAAAAAAAAAAAAAAAAAAAAAAAAAAAAAAAAAAAAAAAAAAAAAAAAAAAAAAAAAAAAAAAAAAAAAAAAAAAAAAAAAAAAAAAAAAAAAAAAAAAAAAAAAAAAAAAAAAAAAAAAAAAAAAAAAAAAAAAAAAAAAAAAAAAAAAAAAAAAAAAAAAAAAAAAAAAAAAAAAAAAAAAAAAAAAAAAAAAAAAAAAAAAAAAAAAAAAAAAAAAAAAAAAAAAAAAAAAAAAAAAAAAAAAAAAAAAAAAAAAAAAAAAAAAAAAAAAAAAAAAAAAAAAAAAAAAAAAAAAAAAAAAAAAAAAAAAAAAAAAAAAAAAAAAAAAAAAAAAAAAAAAAAAAAAAAAAAAAAAAAAAAAAAAAAAAAAAAAAAAAAAAAAAAAAAAAAAAAAAAAAAAAAAAAAAAAAAAAAAAAAAAAAAAAAAAAAAAAAAAAAAAAAAAAAAAAAAAAAAAAAAAAAAAAAAAAAAAAAAAAAAAAAAAAAAAAAAAAAAAAAAAAAAAAAAAAAAAAAAAAAAAAAAAAAAAAAAAAAAAAAAAAAAAAAAAAAAAAAAAAAAAAAAAAAAAAAAAAAAAAAAAAAAAAAAAAAAAAAAAAAAAAAAAAAAAAAAAAAAAAAAAAAAAAAAAAAAAAAAAAAAAAAAAAAAAAAAAAAAAAAAAAAAAAAAAAAAAAAAAAAAAAAAAAAAAAAAAAAAAAAAAAAAAAAAAAAAAAAAAAAAAAAAAAAAAAAAAAAAAAAAAAAAAAAAAAAAAAAAAAAAAAAAAAAAAAAAAAAAAAAAAAAAAAAAAAAAAAAAAAAAAAAAAAAAAAAAAAAAAAAAAAAAAAAAAAAAAAAAAAAAAAAAAAAAAAAAAAAAAAAAAAAAAAAAAAAAAAAAAAAAAAAAAAAAAAAAAAAAAAAAAAAAAAAAAAAAAAAAAAAAAAAAAAAAAAAAAAAAAAAAAAAAAAAAAAAAAAAAAAAAAAAAAAAAAAAAAAAAAAAAAAAAAAAAAAAAAAAAAAAAAAAAAAAAAAAAAAAAAAAAAAAAAAAAAAAAAAAAAAAAAAAAAAAAAAAAAAAAAAAAAAAAAAAAAAAAAAAAAAAAAAAAAAAAAAAAAAAAAAAAAAAAAAAAAAAAAAAAAAAAAAAAAAAAAAAAAAAAAAAAAAAAAAAAAAAAAAAAAAAAAAAAAAAAAAAAAAAAAAAAAAAAAAAAAAAAAAAAAAAAAAAAAAAAAAAAAAAAAAAAAAAAAAAAAAAAAAAAAAAAAAAAAAAAAAAAAAAAAAAAAAAAAAAAAAAAAAAAAAAAAAAAAAAAAAAAAAAAAAAAAAAAAAAAAAAAAAAAAAAAAAAAAAAAAAAAAAAAAAAAAAAAAAAAAAAAAAAAAAAAAAAAAAAAAAAAAAAAAAAAAAAAAAAAAAAAAAAAAAAAAAAAAAAAAAAAAAAAAAAAAAAAAAAAAAAAAAAAAAAAAAAAAAAAAAAAAAAAAAAAAAAAAAAAAAAAAAAAAAAAAAAAAAAAAAAAAAAAAAAAAAAAAAAAAAAAAAAAAAAAAAAAAAAAAAAAAAAAAAAAAAAAAAAAAAAAAAAAAAAAAAAAAAAAAAAAAAAAAAAAAAAAAAAAAAAAAAAAAAAAAAAAAAAAAAAAAAAAAAAAAAAAAAAAAAAAAAAAAAAAAAAAAAAAAAAAAAAAAAAAAAAAAAAAAAAAAAAAAAAAAAAAAAAAAAAAAAAAAAAAAAAAAAAAAAAAAAAAAAAAAAAAAAAAAAAAAAAAAAAAAAAAAAAAAAAAAAAAAAAAAAAAAAAAAAAAAAAAAAAAAAAAAAAAAAAAAAAAAAAAAAAAAAAAAAAAAAAAAAAAAAAAAAAAAAAAAAAAAAAAAAAAAAAAAAAAAAAAAAAAAAAAAAAAAAAAAAAAAAAAAAAAAAAAAAAAAAAAAAAAAAAAAAAAAAAAAAAAAAAAAAAAAAAAAAAAAAAAAAAAAAAAAAAAAAAAAAAAAAAAAAAAAAAAAAAAAAAAAAAAAAAAAAAAAAAAAAAAAAAAAAAAAAAAAAAAAAAAAAAAAAAAAAAAAAAAAAAAAAAAAAAAAAAAAAAAAAAAAAAAAAAAAAAAAAAAAAAAAAAAAAAAAAAAAAAAAAAAAAAAAAAAAAAAAAAAAAAAAAAAAAAAAAAAAAAAAAAAAAAAAAAAAAAAAAAAAAAAAAAAAAAAAAAAAAAAAAAAAAAAAAAAAAAAAAAAAAAAAAAAAAAAAAAAAAAAAAAAAAAAAAAAAAAAAAAAAAAAAAAAAAAAAAAAAAAAAAAAAAAAAAAAAAAAAAAAAAAAAAAAAAAAAAAAAAAAAAAAAAAAAAAAAAAAAAAAAAAAAAAAAAAAAAAAAAAAAAAAAAAAAAAAAAAAAAAAAAAAAAAAAAAAAAAAAAAAAAAAAAAAAAAAAAAAAAAAAAAAAAAAAAAAAAAAAAAAAAAAAAAAAAAAAAAAAAAAAAAAAAAAAAAAAAAAAAAAAAAAAAAAAAAAAAAAAAAAAAAAAAAAAAAAAAAAAAAAAAAAAAAAAAAAAAAAAAAAAAAAAAAAAAAAAAAAAAAAAAAAAAAAAAAAAAAAAAAAAAAAAAAAAAAAAAAAAAAAAAAAAAAAAAAAAAAAAAAAAAAAAAAAAAAAAAAAAAAAAAAAAAAAAAAAAAAAAAAAAAAAAAAAAAAAAAAAAAAAAAAAAAAAAAAAAAAAAAAAAAAAAAAAAAAAAAAAAAAAAAAAAAAAAAAAAAAAAAAAAAAAAAAAAAAAAAAAAAAAAAAAAAAAAAAAAAAAAAAAAAAAAAAAAAAAAAAAAAAAAAAAAAAAAAAAAAAAAAAAAAAAAAAAAAAAAAAAAAAAAAAAAAAAAAAAAAAAAAAAAAAAAAAAAAAAAAAAAAAAAAAAAAAAAAAAAAAAAAAAAAAAAAAAAAAAAAAAAAAAAAAAAAAAAAAAAAAAAAAAAAAAAAAAAAAAAAAAAAAAAAAAAAAAAAAAAAAAAAAAAAAAAAAAAAAAAAAAAAAAAAAAAAAAAAAAAAAAAAAAAAAAAAAAAAAAAAAAAAAAAAAAAAAAAAAAAAAAAAAAAAAAAAAAAAAAAAAAAAAAAAAAAAAAAAAAAAAAAAAAAAAAAAAAAAAAAAAAAAAAAAAAAAAAAAAAAAAAAAAAAAAAAAAAAAAAAAAAAAAAAAAAAAAAAAAAAAAAAAAAAAAAAAAAAAAAAAAAAAAAAAAAAAAAAAAAAAAAAAAAAAAAAAAAAAAAAAAAAAAAAAAAAAAAAAAAAAAAAAAAAAAAAAAAAAAAAAAAAAAAAAAAAAAAAAAAAAAAAAAAAAAAAAAAAAAAAAAAAAAAAAAAAAAAAAAAAAAAAAAAAAAAAAAAAAAAAAAAAAAAAAAAAAAAAAAAAAAAAAAAAAAAAAAAAAAAAAAAAAAAAAAAAAAAAAAAAAAAAAAAAAAAAAAAAAAAAAAAAAAAAAAAAAAAAAAAAAAAAAAAAAAAAAAAAAAAAAAAAAAAAAAAAAAAAAAAAAAAAAAAAAAAAAAAAAAAAAAAAAAAAAAAAAAAAAAAAAAAAAAAAAAAAAAAAAAAAAAAAAAAAAAAAAAAAAAAAAAAAAAAAAAAAAAAAAAAAAAAAAAAAAAAAAAAAAAAAAAAAAAAAAAAAAAAAAAAAAAAAAAAAAAAAAAAAAAAAAAAAAAAAAAAAAAAAAAAAAAAAAAAAAAAAAAAAAAAAAAAAAAAAAAAAAAAAAAAAAAAAAAAAAAAAAAAAAAAAAAAAAAAAAAAAAAAAAAAAAAAAAAAAAAAAAAAAAAAAAAAAAAAAAAAAAAAAAAAAAAAAAAAAAAAAAAAAAAAAAAAAAAAAAAAAAAAAAAAAAAAAAAAAAAAAAAAAAAAAAAAAAAAAAAAAAAAAAAAAAAAAAAAAAAAAAAAAAAAAAAAAAAAAAAAAAAAAAAAAAAAAAAAAAAAAAAAAAAAAAAAAAAAAAAAAAAAAAAAAAAAAAAAAAAAAAAAAAAAAAAAAAAAAAAAAAAAAAAAAAAAAAAAAAAAAAAAAAAAAAAAAAAAAAAAAAAAAAAAAAAAAAAAAAAAAAAAAAAAAAAAAAAAAAAAAAAAAAAAAAAAAAAAAAAAAAAAAAAAAAAAAAAAAAAAAAAAAAAAAAAAAAAAAAAAAAAAAAAAAAAAAAAAAAAAAAAAAAAAAAAAAAAAAAAAAAAAAAAAAAAAAAAAAAAAAAAAAAAAAAAAAAAAAAAAAAAAAAAAAAAAAAAAAAAAAAAAAAAAAAAAAAAAAAAAAAAAAAAAAAAAAAAAAAAAAAAAAAAAAAAAAAAAAAAAAAAAAAAAAAAAAAAAAAAAAAAAAAAAAAAAAAAAAAAAAAAAAAAAAAAAAAAAAAAAAAAAAAAAAAAAAAAAAAAAAAAAAAAAAAAAAAAAAAAAAAAAAAAAAAAAAAAAAAAAAAAAAAAAAAAAAAAAAAAAAAAAAAAAAAAAAAAAAAAAAAAAAAAAAAAAAAAAAAAAAAAAAAAAAAAAAAAAAAAAAAAAAAAAAAAAAAAAAAAAAAAAAAAAAAAAAAAAAAAAAAAAAAAAAAAAAAAAAAAAAAAAAAAAAAAAAAAAAAAAAAAAAAAAAAAAAAAAAAAAAAAAAAAAAAAAAAAAAAAAAAAAAAAAAAAAAAAAAAAAAAAAAAAAAAAAAAAAAAAAAAAAAAAAAAAAAAAAAAAAAAAAAAAAAAAAAAAAAAAAAAAAAAAAAAAAAAAAAAAAAAAAAAAAAAAAAAAAAAAAAAAAAAAAAAAAAAAAAAAAAAAAAAAAAAAAAAAAAAAAAAAAAAAAAAAAAAAAAAAAAAAAAAAAAAAAAAAAAAAAAAAAAAAAAAAAAAAAAAAAAAAAAAAAAAAAAAAAAAAAAAAAAAAAAAAAAAAAAAAAAAAAAAAAAAAAAAAAAAAAAAAAAAAAAAAAAAAAAAAAAAAAAAAAAAAAAAAAAAAAAAAAAAAAAAAAAAAAAAAAAAAAAAAAAAAAAAAAAAAAAAAAAAAAAAAAAAAAAAAAAAAAAAAAAAAAAAAAAAAAAAAAAAAAAAAAAAAAAAAAAAAAAAAAAAAAAAAAAAAAAAAAAAAAAAAAAAAAAAAAAAAAAAAAAAAAAAAAAAAAAAAAAAAAAAAAAAAAAAAAAAAAAAAAAAAAAAAAAAAAAAAAAAAAAAAAAAAAAAAAAAAAAAAAAAAAAAAAAAAAAAAAAAAAAAAAAAAAAAAAAAAAAAAAAAAAAAAAAAAAAAAAAAAAAAAAAAAAAAAAAAAAAAAAAAAAAAAAAAAAAAAAAAAAAAAAAAAAAAAAAAAAAAAAAAAAAAAAAAAAAAAAAAAAAAAAAAAAAAAAAAAAAAAAAAAAAAAAAAAAAAAAAAAAAAAAAAAAAAAAAAAAAAAAAAAAAAAAAAAAAAAAAAAAAAAAAAAAAAAAAAAAAAAAAAAAAAAAAAAAAAAAAAAAAAAAAAAAAAAAAAAAAAAAAAAAAAAAAAAAAAAAAAAAAAAAAAAAAAAAAAAAAAAAAAAAAAAAAAAAAAAAAAAAAAAAAAAAAAAAAAAAAAAAAAAAAAAAAAAAAAAAAAAAAAAAAAAAAAAAAAAAAAAAAAAAAAAAAAAAAAAAAAAAAAAAAAAAAAAAAAAAAAAAAAAAAAAAAAAAAAAAAAAAAAAAAAAAAAAAAAAAAAAAAAAAAAAAAAAAAAAAAAAAAAAAAAAAAAAAAAAAAAAAAAAAAAAAAAAAAAAAAAAAAAAAAAAAAAAAAAAAAAAAAAAAAAAAAAAAAAAAAAAAAAAAAAAAAAAAAAAAAAAAAAAAAAAAAAAAAAAAAAAAAAAAAAAAAAAAAAAAAAAAAAAAAAAAAAAAAAAAAAAAAAAAAAAAAAAAAAAAAAAAAAAAAAAAAAAAAAAAAAAAAAAAAAAAAAAAAAAAAAAAAAAAAAAAAAAAAAAAAAAAAAAAAAAAAAAAAAAAAAAAAAAAAAAAAAAAAAAAAAAAAAAAAAAAAAAAAAAAAAAAAAAAAAAAAAAAAAAAAAAAAAAAAAAAAAAAAAAAAAAAAAAAAAAAAAAAAAAAAAAAAAAAAAAAAAAAAAAAAAAAAAAAAAAAAAAAAAAAAAAAAAAAAAAAAAAAAAAAAAAAAAAAAAAAAAAAAAAAAAAAAAAAAAAAAAAAAAAAAAAAAAAAAAAAAAAAAAAAAAAAAAAAAAAAAAAAAAAAAAAAAAAAAAAAAAAAAAAAAAAAAAAAAAAAAAAAAAAAAAAAAAAAAAAAAAAAAAAAAAAAAAAAAAAAAAAAAAAAAAAAAAAAAAAAAAAAAAAAAAAAAAAAAAAAAAAAAAAAAAAAAAAAAAAAAAAAAAAAAAAAAAAAAAAAAAAAAAAAAAAAAAAAAAAAAAAAAAAAAAAAAAAAAAAAAAAAAAAAAAAAAAAAAAAAAAAAAAAAAAAAAAAAAAAAAAAAAAAAAAAAAAAAAAAAAAAAAAAAAAAAAAAAAAAAAAAAAAAAAAAAAAAAAAAAAAAAAAAAAAAAAAAAAAAAAAAAAAAAAAAAAAAAAAAAAAAAAAAAAAAAAAAAAAAAAAAAAAAAAAAAAAAAAAAAAAAAAAAAAAAAAAAAAAAAAAAAAAAAAAAAAAAAAAAAAAAAAAAAAAAAAAAAAAAAAAAAAAAAAAAAAAAAAAAAAAAAAAAAAAAAAAAAAAAAAAAAAAAAAAAAAAAAAAAAAAAAAAAAAAAAAAAAAAAAAAAAAAAAAAAAAAAAAAAAAAAAAAAAAAAAAAAAAAAAAAAAAAAAAAAAAAAAAAAAAAAAAAAAAAAAAAAAAAAAAAAAAAAAAAAAAAAAAAAAAAAAAAAAAAAAAAAAAAAAAAAAAAAAAAAAAAAAAAAAAAAAAAAAAAAAAAAAAAAAAAAAAAAAAAAAAAAAAAAAAAAAAAAAAAAAAAAAAAAAAAAAAAAAAAAAAAAAAAAAAAAAAAAAAAAAAAAAAAAAAAAAAAAAAAAAAAAAAAAAAAAAAAAAAAAAAAAAAAAAAAAAAAAAAAAAAAAAAAAAAAAAAAAAAAAAAAAAAAAAAAAAAAAAAAAAAAAAAAAAAAAAAAAAAAAAAAAAAAAAAAAAAAAAAAAAAAAAAAAAAAAAAAAAAAAAAAAAAAAAAAAAAAAAAAAAAAAAAAAAAAAAAAAAAAAAAAAAAAAAAAAAAAAAAAAAAAAAAAAAAAAAAAAAAAAAAAAAAAAAAAAAAAAAAAAAAAAAAAAAAAAAAAAAAAAAAAAAAAAAAAAAAAAAAAAAAAAAAAAAAAAAAAAAAAAAAAAAAAAAAAAAAAAAAAAAAAAAAAAAAAAAAAAAAAAAAAAAAAAAAAAAAAAAAAAAAAAAAAAAAAAAAAAAAAAAAAAAAAAAAAAAAAAAAAAAAAAAAAAAAAAAAAAAAAAAAAAAAAAAAAAAAAAAAAAAAAAAAAAAAAAAAAAAAAAAAAAAAAAAAAAAAAAAAAAAAAAAAAAAAAAAAAAAAAAAAAAAAAAAAAAAAAAAAAAAAAAAAAAAAAAAAAAAAAAAAAAAAAAAAAAAAAAAAAAAAAAAAAAAAAAAAAAAAAAAAAAAAAAAAAAAAAAAAAAAAAAAAAAAAAAAAAAAAAAAAAAAAAAAAAAAAAAAAAAAAAAAAAAAAAAAAAAAAAAAAAAAAAAAAAAAAAAAAAAAAAAAAAAAAAAAAAAAAAAAAAAAAAAAAAAAAAAAAAAAAAAAAAAAAAAAAAAAAAAAAAAAAAAAAAAAAAAAAAAAAAAAAAAAAAAAAAAAAAAAAAAAAAAAAAAAAAAAAAAAAAAAAAAAAAAAAAAAAAAAAAAAAAAAAAAAAAAAAAAAAAAAAAAAAAAAAAAAAAAAAAAAAAAAAAAAAAAAAAAAAAAAAAAAAAAAAAAAAAAAAAAAAAAAAAAAAAAAAAAAAAAAAAAAAAAAAAAAAAAAAAAAAAAAAAAAAAAAAAAAAAAAAAAAAAAAAAAAAAAAAAAAAAAAAAAAAAAAAAAAAAAAAAAAAAAAAAAAAAAAAAAAAAAAAAAAAAAAAAAAAAAAAAAAAAAAAAAAAAAAAAAAAAAAAAAAAAAAAAAAAAAAAAAAAAAAAAAAAAAAAAAAAAAAAAAAAAAAAAAAAAAAAAAAAAAAAAAAAAAAAAAAAAAAAAAAAAAAAAAAAAAAAAAAAAAAAAAAAAAAAAAAAAAAAAAAAAAAAAAAAAAAAAAAAAAAAAAAAAAAAAAAAAAAAAAAAAAAAAAAAAAAAAAAAAAAAAAAAAAAAAAAAAAAAAAAAAAAAAAAAAAAAAAAAAAAAAAAAAAAAAAAAAAAAAAAAAAAAAAAAAAAAAAAAAAAAAAAAAAAAAAAAAAAAAAAAAAAAAAAAAAAAAAAAAAAAAAAAAAAAAAAAAAAAAAAAAAAAAAAAAAAAAAAAAAAAAAAAAAAAAAAAAAAAAAAAAAAAAAAAAAAAAAAAAAAAAAAAAAAAAAAAAAAAAAAAAAAAAAAAAAAAAAAAAAAAAAAAAAAAAAAAAAAAAAAAAAAAAAAAAAAAAAAAAAAAAAAAAAAAAAAAAAAAAAAAAAAAAAAAAAAAAAAAAAAAAAAAAAAAAAAAAAAAAAAAAAAAAAAAAAAAAAAAAAAAAAAAAAAAAAAAAAAAAAAAAAAAAAAAAAAAAAAAAAAAAAAAAAAAAAAAAAAAAAAAAAAAAAAAAAAAAAAAAAAAAAAAAAAAAAAAAAAAAAAAAAAAAAAAAAAAAAAAAAAAAAAAAAAAAAAAAAAAAAAAAAAAAAAAAAAAAAAAAAAAAAAAAAAAAAAAAAAAAAAAAAAAAAAAAAAAAAAAAAAAAAAAAAAAAAAAAAAAAAAAAAAAAAAAAAAAAAAAAAAAAAAAAAAAAAAAAAAAAAAAAAAAAAAAAAAAAAAAAAAAAAAAAAAAAAAAAAAAAAAAAAAAAAAAAAAAAAAAAAAAAAAAAAAAAAAAAAAAAAAAAAAAAAAAAAAAAAAAAAAAAAAAAAAAAAAAAAAAAAAAAAAAAAAAAAAAAAAAAAAAAAAAAAAAAAAAAAAAAAAAAAAAAAAAAAAAAAAAAAAAAAAAAAAAAAAAAAAAAAAAAAAAAAAAAAAAAAAAAAAAAAAAAAAAAAAAAAAAAAAAAAAAAAAAAAAAAAAAAAAAAAAAAAAAAAAAAAAAAAAAAAAAAAAAAAAAAAAAAAAAAAAAAAAAAAAAAAAAAAAAAAAAAAAAAAAAAAAAAAAAAAAAAAAAAAAAAAAAAAAAAAAAAAAAAAAAAAAAAAAAAAAAAAAAAAAAAAAAAAAAAAAAAAAAAAAAAAAAAAAAAAAAAAAAAAAAAAAAAAAAAAAAAAAAAAAAAAAAAAAAAAAAAAAAAAAAAAAAAAAAAAAAAAAAAAAAAAAAAAAAAAAAAAAAAAAAAAAAAAAAAAAAAAAAAAAAAAAAAAAAAAAAAAAAAAAAAAAAAAAAAAAAAAAAAAAAAAAAAAAAAAAAAAAAAAAAAAAAAAAAAAAAAAAAAAAAAAAAAAAAAAAAAAAAAAAAAAAAAAAAAAAAAAAAAAAAAAAAAAAAAAAAAAAAAAAAAAAAAAAAAAAAAAAAAAAAAAAAAAAAAAAAAAAAAAAAAAAAAAAAAAAAAAAAAAAAAAAAAAAAAAAAAAAAAAAAAAAAAAAAAAAAAAAAAAAAAAAAAAAAAAAAAAAAAAAAAAAAAAAAAAAAAAAAAAAAAAAAAAAAAAAAAAAAAAAAAAAAAAAAAAAAAAAAAAAAAAAAAAAAAAAAAAAAAAAAAAAAAAAAAAAAAAAAAAAAAAAAAAAAAAAAAAAAAAAAAAAAAAAAAAAAAAAAAAAAAAAAAAAAAAAAAAAAAAAAAAAAAAAAAAAAAAAAAAAAAAAAAAAAAAAAAAAAAAAAAAAAAAAAAAAAAAAAAAAAAAAAAAAAAAAAAAAAAAAAAAAAAAAAAAAAAAAAAAAAAAAAAAAAAAAAAAAAAAAAAAAAAAAAAAAAAAAAAAAAAAAAAAAAAAAAAAAAAAAAAAAAAAAAAAAAAAAAAAAAAAAAAAAAAAAAAAAAAAAAAAAAAAAAAAAAAAAAAAAAAAAAAAAAAAAAAAAAAAAAAAAAAAAAAAAAAAAAAAAAAAAAAAAAAAAAAAAAAAAAAAAAAAAAAAAAAAAAAAAAAAAAAAAAAAAAAAAAAAAAAAAAAAAAAAAAAAAAAAAAAAAAAAAAAAAAAAAAAAAAAAAAAAAAAAAAAAAAAAAAAAAAAAAAAAAAAAAAAAAAAAAAAAAAAAAAAAAAAAAAAAAAAAAAAAAAAAAAAAAAAAAAAAAAAAAAAAAAAAAAAAAAAAAAAAAAAAAAAAAAAAAAAAAAAAAAAAAAAAAAAAAAAAAAAAAAAAAAAAAAAAAAAAAAAAAAAAAAAAAAAAAAAAAAAAAAAAAAAAAAAAAAAAAAAAAAAAAAAAAAAAAAAAAAAAAAAAAAAAAAAAAAAAAAAAAAAAAAAAAAAAAAAAAAAAAAAAAAAAAAAAAAAAAAAAAAAAAAAAAAAAAAAAAAAAAAAAAAAAAAAAAAAAAAAAAAAAAAAAAAAAAAAAAAAAAAAAAAAAAAAAAAAAAAAAAAAAAAAAAAAAAAAAAAAAAAAAAAAAAAAAAAAAAAAAAAAAAAAAAAAAAAAAAAAAAAAAAAAAAAAAAAAAAAAAAAAAAAAAAAAAAAAAAAAAAAAAAAAAAAAAAAAAAAAAAAAAAAAAAAAAAAAAAAAAAAAAAAAAAAAAAAAAAAAAAAAAAAAAAAAAAAAAAAAAAAAAAAAAAAAAAAAAAAAAAAAAAAAAAAAAAAAAAAAAAAAAAAAAAAAAAAAAAAAAAAAAAAAAAAAAAAAAAAAAAAAAAAAAAAAAAAAAAAAAAAAAAAAAAAAAAAAAAAAAAAAAAAAAAAAAAAAAAAAAAAAAAAAAAAAAAAAAAAAAAAAAAAAAAAAAAAAAAAAAAAAAAAAAAAAAAAAAAAAAAAAAAAAAAAAAAAAAAAAAAAAAAAAAAAAAAAAAAAAAAAAAAAAAAAAAAAAAAAAAAAAAAAAAAAAAAAAAAAAAAAAAAAAAAAAAAAAAAAAAAAAAAAAAAAAAAAAAAAAAAAAAAAAAAAAAAAAAAAAAAAAAAAAAAAAAAAAAAAAAAAAAAAAAAAAAAAAAAAAAAAAAAAAAAAAAAAAAAAAAAAAAAAAAAAAAAAAAAAAAAAAAAAAAAAAAAAAAAAAAAAAAAAAAAAAAAAAAAAAAAAAAAAAAAAAAAAAAAAAAAAAAAAAAAAAAAAAAAAAAAAAAAAAAAAAAAAAAAAAAAAAAAAAAAAAAAAAAAAAAAAAAAAAAAAAAAAAAAAAAAAAAAAAAAAAAAAAAAAAAAAAAAAAAAAAAAAAAAAAAAAAAAAAAAAAAAAAAAAAAAAAAAAAAAAAAAAAAAAAAAAAAAAAAAAAAAAAAAAAAAAAAAAAAAAAAAAAAAAAAAAAAAAAAAAAAAAAAAAAAAAAAAAAAAAAAAAAAAAAAAAAAAAAAAAAAAAAAAAAAAAAAAAAAAAAAAAAAAAAAAAAAAAAAAAAAAAAAAAAAAAAAAAAAAAAAAAAAAAAAAAAAAAAAAAAAAAAAAAAAAAAAAAAAAAAAAAAAAAAAAAAAAAAAAAAAAAAAAAAAAAAAAAAAAAAAAAAAAAAAAAAAAAAAAAAAAAAAAAAAAAAAAAAAAAAAAAAAAAAAAAAAAAAAAAAAAAAAAAAAAAAAAAAAAAAAAAAAAAAAAAAAAAAAAAAAAAAAAAAAAAAAAAAAAAAAAAAAAAAAAAAAAAAAAAAAAAAAAAAAAAAAAAAAAAAAAAAAAAAAAAAAAAAAAAAAAAAAAAAAAAAAAAAAAAAAAAAAAAAAAAAAAAAAAAAAAAAAAAAAAAAAAAAAAAAAAAAAAAAAAAAAAAAAAAAAAAAAAAAAAAAAAAAAAAAAAAAAAAAAAAAAAAAAAAAAAAAAAAAAAAAAAAAAAAAAAAAAAAAAAAAAAAAAAAAAAAAAAAAAAAAAAAAAAAAAAAAAAAAAAAAAAAAAAAAAAAAAAAAAAAAAAAAAAAAAAAAAAAAAAAAAAAAAAAAAAAAAAAAAAAAAAAAAAAAAAAAAAAAAAAAAAAAAAAAAAAAAAAAAAAAAAAAAAAAAAAAAAAAAAAAAAAAAAAAAAAAAAAAAAAAAAAAAAAAAAAAAAAAAAAAAAAAAAAAAAAAAAAAAAAAAAAAAAAAAAAAAAAAAAAAAAAAAAAAAAAAAAAAAAAAAAAAAAAAAAAAAAAAAAAAAAAAAAAAAAAAAAAAAAAAAAAAAAAAAAAAAAAAAAAAAAAAAAAAAAAAAAAAAAAAAAAAAAAAAAAAAAAAAAAAAAAAAAAAAAAAAAAAAAAAAAAAAAAAAAAAAAAAAAAAAAAAAAAAAAAAAAAAAAAAAAAAAAAAAAAAAAAAAAAAAAAAAAAAAAAAAAAAAAAAAAAAAAAAAAAAAAAAAAAAAAAAAAAAAAAAAAAAAAAAAAAAAAAAAAAAAAAAAAAAAAAAAAAAAAAAAAAAAAAAAAAAAAAAAAAAAAAAAAAAAAAAAAAAAAAAAAAAAAAAAAAAAAAAAAAAAAAAAAAAAAAAAAAAAAAAAAAAAAAAAAAAAAAAAAAAAAAAAAAAAAAAAAAAAAAAAAAAAAAAAAAAAAAAAAAAAAAAAAAAAAAAAAAAAAAAAAAAAAAAAAAAAAAAAAAAAAAAAAAAAAAAAAAAAAAAAAAAAAAAAAAAAAAAAAAAAAAAAAAAAAAAAAAAAAAAAAAAAAAAAAAAAAAAAAAAAAAAAAAAAAAAAAAAAAAAAAAAAAAAAAAAAAAAAAAAAAAAAAAAAAAAAAAAAAAAAAAAAAAAAAAAAAAAAAAAAAAAAAAAAAAAAAAAAAAAAAAAAAAAAAAAAAAAAAAAAAAAAAAAAAAAAAAAAAAAAAAAAAAAAAAAAAAAAAAAAAAAAAAAAAAAAAAAAAAAAAAAAAAAAAAAAAAAAAAAAAAAAAAAAAAAAAAAAAAAAAAAAAAAAAAAAAAAAAAAAAAAAAAAAAAAAAAAAAAAAAAAAAAAAAAAAAAAAAAAAAAAAAAAAAAAAAAAAAAAAAAAAAAAAAAAAAAAAAAAAAAAAAAAAAAAAAAAAAAAAAAAAAAAAAAAAAAAAAAAAAAAAAAAAAAAAAAAAAAAAAAAAAAAAAAAAAAAAAAAAAAAAAAAAAAAAAAAAAAAAAAAAAAAAAAAAAAAAAAAAAAAAAAAAAAAAAAAAAAAAAAAAAAAAAAAAAAAAAAAAAAAAAAAAAAAAAAAAAAAAAAAAAAAAAAAAAAAAAAAAAAAAAAAAAAAAAAAAAAAAAAAAAAAAAAAAAAAAAAAAAAAAAAAAAAAAAAAAAAAAAAAAAAAAAAAAAAAAAAAAAAAAAAAAAAAAAAAAAAAAAAAAAAAAAAAAAAAAAAAAAAAAAAAAAAAAAAAAAAAAAAAAAAAAAAAAAAAAAAAAAAAAAAAAAAAAAAAAAAAAAAAAAAAAAAAAAAAAAAAAAAAAAAAAAAAAAAAAAAAAAAAAAAAAAAAAAAAAAAAAAAAAAAAAAAAAAAAAAAAAAAAAAAAAAAAAAAAAAAAAAAAAAAAAAAAAAAAAAAAAAAAAAAAAAAAAAAAAAAAAAAAAAAAAAAAAAAAAAAAAAAAAAAAAAAAAAAAAAAAAAAAAAAAAAAAAAAAAAAAAAAAAAAAAAAAAAAAAAAAAAAAAAAAAAAAAAAAAAAAAAAAAAAAAAAAAAAAAAAAAAAAAAAAAAAAAAAAAAAAAAAAAAAAAAAAAAAAAAAAAAAAAAAAAAAAAAAAAAAAAAAAAAAAAAAAAAAAAAAAAAAAAAAAAAAAAAAAAAAAAAAAAAAAAAAAAAAAAAAAAAAAAAAAAAAAAAAAAAAAAAAAAAAAAAAAAAAAAAAAAAAAAAAAAAAAAAAAAAAAAAAAAAAAAAAAAAAAAAAAAAAAAAAAAAAAAAAAAAAAAAAAAAAAAAAAAAAAAAAAAAAAAAAAAAAAAAAAAAAAAAAAAAAAAAAAAAAAAAAAAAAAAAAAAAAAAAAAAAAAAAAAAAAAAAAAAAAAAAAAAAAAAAAAAAAAAAAAAAAAAAAAAAAAAAAAAAAAAAAAAAAAAAAAAAAAAAAAAAAAAAAAAAAAAAAAAAAAAAAAAAAAAAAAAAAAAAAAAAAAAAAAAAAAAAAAAAAAAAAAAAAAAAAAAAAAAAAAAAAAAAAAAAAAAAAAAAAAAAAAAAAAAAAAAAAAAAAAAAAAAAAAAAAAAAAAAAAAAAAAAAAAAAAAAAAAAAAAAAAAAAAAAAAAAAAAAAAAAAAAAAAAAAAAAAAAAAAAAAAAAAAAAAAAAAAAAAAAAAAAAAAAAAAAAAAAAAAAAAAAAAAAAAAAAAAAAAAAAAAAAAAAAAAAAAAAAAAAAAAAAAAAAAAAAAAAAAAAAAAAAAAAAAAAAAAAAAAAAAAAAAAAAAAAAAAAAAAAAAAAAAAAAAAAAAAAAAAAAAAAAAAAAAAAAAAAAAAAAAAAAAAAAAAAAAAAAAAAAAAAAAAAAAAAAAAAAAAAAAAAAAAAAAAAAAAAAAAAAAAAAAAAAAAAAAAAAAAAAAAAAAAAAAAAAAAAAAAAAAAAAAAAAAAAAAAAAAAAAAAAAAAAAAAAAAAAAAAAAAAAAAAAAAAAAAAAAAAAAAAAAAAAAAAAAAAAAAAAAAAAAAAAAAAAAAAAAAAAAAAAAAAAAAAAAAAAAAAAAAAAAAAAAAAAAAAAAAAAAAAAAAAAAAAAAAAAAAAAAAAAAAAAAAAAAAAAAAAAAAAAAAAAAAAAAAAAAAAAAAAAAAAAAAAAAAAAAAAAAAAAAAAAAAAAAAAAAAAAAAAAAAAAAAAAAAAAAAAAAAAAAAAAAAAAAAAAAAAAAAAAAAAAAAAAAAAAAAAAAAAAAAAAAAAAAAAAAAAAAAAAAAAAAAAAAAAAAAAAAAAAAAAAAAAAAAAAAAAAAAAAAAAAAAAAAAAAAAAAAAAAAAAAAAAAAAAAAAAAAAAAAAAAAAAAAAAAAAAAAAAAAAAAAAAAAAAAAAAAAAAAAAAAAAAAAAAAAAAAAAAAAAAAAAAAAAAAAAAAAAAAAAAAAAAAAAAAAAAAAAAAAAAAAAAAAAAAAAAAAAAAAAAAAAAAAAAAAAAAAAAAAAAAAAAAAAAAAAAAAAAAAAAAAAAAAAAAAAAAAAAAAAAAAAAAAAAAAAAAAAAAAAAAAAAAAAAAAAAAAAAAAAAAAAAAAAAAAAAAAAAAAAAAAAAAAAAAAAAAAAAAAAAAAAAAAAAAAAAAAAAAAAAAAAAAAAAAAAAAAAAAAAAAAAAAAAAAAAAAAAAAAAAAAAAAAAAAAAAAAAAAAAAAAAAAAAAAAAAAAAAAAAAAAAAAAAAAAAAAAAAAAAAAAAAAAAAAAAAAAAAAAAAAAAAAAAAAAAAAAAAAAAAAAAAAAAAAAAAAAAAAAAAAAAAAAAAAAAAAAAAAAAAAAAAAAAAAAAAAAAAAAAAAAAAAAAAAAAAAAAAAAAAAAAAAAAAAAAAAAAAAAAAAAAAAAAAAAAAAAAAAAAAAAAAAAAAAAAAAAAAAAAAAAAAAAAAAAAAAAAAAAAAAAAAAAAAAAAAAAAAAAAAAAAAAAAAAAAAAAAAAAAAAAAAAAAAAAAAAAAAAAAAAAAAAAAAAAAAAAAAAAAAAAAAAAAAAAAAAAAAAAAAAAAAAAAAAAAAAAAAAAAAAAAAAAAAAAAAAAAAAAAAAAAAAAAAAAAAAAAAAAAAAAAAAAAAAAAAAAAAAAAAAAAAAAAAAAAAAAAAAAAAAAAAAAAAAAAAAAAAAAAAAAAAAAAAAAAAAAAAAAAAAAAAAAAAAAAAAAAAAAAAAAAAAAAAAAAAAAAAAAAAAAAAAAAAAAAAAAAAAAAAAAAAAAAAAAAAAAAAAAAAAAAAAAAAAAAAAAAAAAAAAAAAAAAAAAAAAAAAAAAAAAAAAAAAAAAAAAAAAAAAAAAAAAAAAAAAAAAAAAAAAAAAAAAAAAAAAAAAAAAAAAAAAAAAAAAAAAAAAAAAAAAAAAAAAAAAAAAAAAAAAAAAAAAAAAAAAAAAAAAAAAAAAAAAAAAAAAAAAAAAAAAAAAAAAAAAAAAAAAAAAAAAAAAAAAAAAAAAAAAAAAAAAAAAAAAAAAAAAAAAAAAAAAAAAAAAAAAAAAAAAAAAAAAAAAAAAAAAAAAAAAAAAAAAAAAAAAAAAAAAAAAAAAAAAAAAAAAAAAAAAAAAAAAAAAAAAAAAAAAAAAAAAAAAAAAAAAAAAAAAAAAAAAAAAAAAAAAAAAAAAAAAAAAAAAAAAAAAAAAAAAAAAAAAAAAAAAAAAAAAAAAAAAAAAAAAAAAAAAAAAAAAAAAAAAAAAAAAAAAAAAAAAAAAAAAAAAAAAAAAAAAAAAAAAAAAAAAAAAAAAAAAAAAAAAAAAAAAAAAAAAAAAAAAAAAAAAAAAAAAAAAAAAAAAAAAAAAAAAAAAAAAAAAAAAAAAAAAAAAAAAAAAAAAAAAAAAAAAAAAAAAAAAAAAAAAAAAAAAAAAAAAAAAAAAAAAAAAAAAAAAAAAAAAAAAAAAAAAAAAAAAAAAAAAAAAAAAAAAAAAAAAAAAAAAAAAAAAAAAAAAAAAAAAAAAAAAAAAAAAAAAAAAAAAAAAAAAAAAAAAAAAAAAAAAAAAAAAAAAAAAAAAAAAAAAAAAAAAAAAAAAAAAAAAAAAAAAAAAAAAAAAAAAAAAAAAAAAAAAAAAAAAAAAAAAAAAAAAAAAAAAAAAAAAAAAAAAAAAAAAAAAAAAAAAAAAAAAAAAAAAAAAAAAAAAAAAAAAAAAAAAAAAAAAAAAAAAAAAAAAAAAAAAAAAAAAAAAAAAAAAAAAAAAAAAAAAAAAAAAAAAAAAAAAAAAAAAAAAAAAAAAAAAAAAAAAAAAAAAAAAAAAAAAAAAAAAAAAAAAAAAAAAAAAAAAAAAAAAAAAAAAAAAAAAAAAAAAAAAAAAAAAAAAAAAAAAAAAAAAAAAAAAAAAAAAAAAAAAAAAAAAAAAAAAAAAAAAAAAAAAAAAAAAAAAAAAAAAAAAAAAAAAAAAAAAAAAAAAAAAAAAAAAAAAAAAAAAAAAAAAAAAAAAAAAAAAAAAAAAAAAAAAAAAAAAAAAAAAAAAAAAAAAAAAAAAAAAAAAAAAAAAAAAAAAAAAAAAAAAAAAAAAAAAAAAAAAAAAAAAAAAAAAAAAAAAAAAAAAAAAAAAAAAAAAAAAAAAAAAAAAAAAAAAAAAAAAAAAAAAAAAAAAAAAAAAAAAAAAAAAAAAAAAAAAAAAAAAAAAAAAAAAAAAAAAAAAAAAAAAAAAAAAAAAAAAAAAAAAAAAAAAAAAAAAAAAAAAAAAAAAAAAAAAAAAAAAAAAAAAAAAAAAAAAAAAAAAAAAAAAAAAAAAAAAAAAAAAAAAAAAAAAAAAAAAAAAAAAAAAAAAAAAAAAAAAAAAAAAAAAAAAAAAAAAAAAAAAAAAAAAAAAAAAAAAAAAAAAAAAAAAAAAAAAAAAAAAAAAAAAAAAAAAAAAAAAAAAAAAAAAAAAAAAAAAAAAAAAAAAAAAAAAAAAAAAAAAAAAAAAAAAAAAAAAAAAAAAAAAAAAAAAAAAAAAAAAAAAAAAAAAAAAAAAAAAAAAAAAAAAAAAAAAAAAAAAAAAAAAAAAAAAAAAAAAAAAAAAAAAAAAAAAAAAAAAAAAAAAAAAAAAAAAAAAAAAAAAAAAAAAAAAAAAAAAAAAAAAAAAAAAAAAAAAAAAAAAAAAAAAAAAAAAAAAAAAAAAAAAAAAAAAAAAAAAAAAAAAAAAAAAAAAAAAAAAAAAAAAAAAAAAAAAAAAAAAAAAAAAAAAAAAAAAAAAAAAAAAAAAAAAAAAAAAAAAAAAAAAAAAAAAAAAAAAAAAAAAAAAAAAAAAAAAAAAAAAAAAAAAAAAAAAAAAAAAAAAAAAAAAAAAAAAAAAAAAAAAAAAAAAAAAAAAAAAAAAAAAAAAAAAAAAAAAAAAAAAAAAAAAAAAAAAAAAAAAAAAAAAAAAAAAAAAAAAAAAAAAAAAAAAAAAAAAAAAAAAAAAAAAAAAAAAAAAAAAAAAAAAAAAAAAAAAAAAAAAAAAAAAAAAAAAAAAAAAAAAAAAAAAAAAAAAAAAAAAAAAAAAAAAAAAAAAAAAAAAAAAAAAAAAAAAAAAAAAAAAAAAAAAAAAAAAAAAAAAAAAAAAAAAAAAAAAAAAAAAAAAAAAAAAAAAAAAAAAAAAAAAAAAAAAAAAAAAAAAAAAAAAAAAAAAAAAAAAAAAAAAAAAAAAAAAAAAAAAAAAAAAAAAAAAAAAAAAAAAAAAAAAAAAAAAAAAAAAAAAAAAAAAAAAAAAAAAAAAAAAAAAAAAAAAAAAAAAAAAAAAAAAAAAAAAAAAAAAAAAAAAAAAAAAAAAAAAAAAAAAAAAAAAAAAAAAAAAAAAAAAAAAAAAAAAAAAAAAAAAAAAAAAAAAAAAAAAAAAAAAAAAAAAAAAAAAAAAAAAAAAAAAAAAAAAAAAAAAAAAAAAAAAAAAAAAAAAAAAAAAAAAAAAAAAAAAAAAAAAAAAAAAAAAAAAAAAAAAAAAAAAAAAAAAAAAAAAAAAAAAAAAAAAAAAAAAAAAAAAAAAAAAAAAAAAAAAAAAAAAAAAAAAAAAAAAAAAAAAAAAAAAAAAAAAAAAAAAAAAAAAAAAAAAAAAAAAAAAAAAAAAAAAAAAAAAAAAAAAAAAAAAAAAAAAAAAAAAAAAAAAAAAAAAAAAAAAAAAAAAAAAAAAAAAAAAAAAAAAAAAAAAAAAAAAAAAAAAAAAAAAAAAAAAAAAAAAAAAAAAAAAAAAAAAAAAAAAAAAAAAAAAAAAAAAAAAAAAAAAAAAAAAAAAAAAAAAAAAAAAAAAAAAAAAAAAAAAAAAAAAAAAAAAAAAAAAAAAAAAAAAAAAAAAAAAAAAAAAAAAAAAAAAAAAAAAAAAAAAAAAAAAAAAAAAAAAAAAAAAAAAAAAAAAAAAAAAAAAAAAAAAAAAAAAAAAAAAAAAAAAAAAAAAAAAAAAAAAAAAAAAAAAAAAAAAAAAAAAAAAAAAAAAAAAAAAAAAAAAAAAAAAAAAAAAAAAAAAAAAAAAAAAAAAAAAAAAAAAAAAAAAAAAAAAAAAAAAAAAAAAAAAAAAAAAAAAAAAAAAAAAAAAAAAAAAAAAAAAAAAAAAAAAAAAAAAAAAAAAAAAAAAAAAAAAAAAAAAAAAAAAAAAAAAAAAAAAAAAAAAAAAAAAAAAAAAAAAAAAAAAAAAAAAAAAAAAAAAAAAAAAAAAAAAAAAAAAAAAAAAAAAAAAAAAAAAAAAAAAAAAAAAAAAAAAAAAAAAAAAAAAAAAAAAAAAAAAAAAAAAAAAAAAAAAAAAAAAAAAAAAAAAAAAAAAAAAAAAAAAAAAAAAAAAAAAAAAAAAAAAAAAAAAAAAAAAAAAAAAAAAAAAAAAAAAAAAAAAAAAAAAAAAAAAAAAAAAAAAAAAAAAAAAAAAAAAAAAAAAAAAAAAAAAAAAAAAAAAAAAAAAAAAAAAAAAAAAAAAAAAAAAAAAAAAAAAAAAAAAAAAAAAAAAAAAAAAAAAAAAAAAAAAAAAAAAAAAAAAAAAAAAAAAAAAAAAAAAAAAAAAAAAAAAAAAAAAAAAAAAAAAAAAAAAAAAAAAAAAAAAAAAAAAAAAAAAAAAAAAAAAAAAAAAAAAAAAAAAAAAAAAAAAAAAAAAAAAAAAAAAAAAAAAAAAAAAAAAAAAAAAAAAAAAAAAAAAAAAAAAAAAAAAAAAAAAAAAAAAAAAAAAAAAAAAAAAAAAAAAAAAAAAAAAAAAAAAAAAAAAAAAAAAAAAAAAAAAAAAAAAAAAAAAAAAAAAAAAAAAAAAAAAAAAAAAAAAAAAAAAAAAAAAAAAAAAAAAAAAAAAAAAAAAAAAAAAAAAAAAAAAAAAAAAAAAAAAAAAAAAAAAAAAAAAAAAAAAAAAAAAAAAAAAAAAAAAAAAAAAAAAAAAAAAAAAAAAAAAAAAAAAAAAAAAAAAAAAAAAAAAAAAAAAAAAAAAAAAAAAAAAAAAAAAAAAAAAAAAAAAAAAAAAAAAAAAAAAAAAAAAAAAAAAAAAAAAAAAAAAAAAAAAAAAAAAAAAAAAAAAAAAAAAAAAAAAAAAAAAAAAAAAAAAAAAAAAAAAAAAAAAAAAAAAAAAAAAAAAAAAAAAAAAAAAAAAAAAAAAAAAAAAAAAAAAAAAAAAAAAAAAAAAAAAAAAAAAAAAAAAAAAAAAAAAAAAAAAAAAAAAAAAAAAAAAAAAAAAAAAAAAAAAAAAAAAAAAAAAAAAAAAAAAAAAAAAAAAAAAAAAAAAAAAAAAAAAAAAAAAAAAAAAAAAAAAAAAAAAAAAAAAAAAAAAAAAAAAAAAAAAAAAAAAAAAAAAAAAAAAAAAAAAAAAAAAAAAAAAAAAAAAAAAAAAAAAAAAAAAAAAAAAAAAAAAAAAAAAAAAAAAAAAAAAAAAAAAAAAAAAAAAAAAAAAAAAAAAAAAAAAAAAAAAAAAAAAAAAAAAAAAAAAAAAAAAAAAAAAAAAAAAAAAAAAAAAAAAAAAAAAAAAAAAAAAAAAAAAAAAAAAAAAAAAAAAAAAAAAAAAAAAAAAAAAAAAAAAAAAAAAAAAAAAAAAAAAAAAAAAAAAAAAAAAAAAAAAAAAAAAAAAAAAAAAAAAAAAAAAAAAAAAAAAAAAAAAAAAAAAAAAAAAAAAAAAAAAAAAAAAAAAAAAAAAAAAAAAAAAAAAAAAAAAAAAAAAAAAAAAAAAAAAAAAAAAAAAAAAAAAAAAAAAAAAAAAAAAAAAAAAAAAAAAAAAAAAAAAAAAAAAAAAAAAAAAAAAAAAAAAAAAAAAAAAAAAAAAAAAAAAAAAAAAAAAAAAAAAAAAAAAAAAAAAAAAAAAAAAAAAAAAAAAAAAAAAAAAAAAAAAAAAAAAAAAAAAAAAAAAAAAAAAAAAAAAAAAAAAAAAAAAAAAAAAAAAAAAAAAAAAAAAAAAAAAAAAAAAAAAAAAAAAAAAAAAAAAAAAAAAAAAAAAAAAAAAAAAAAAAAAAAAAAAAAAAAAAAAAAAAAAAAAAAAAAAAAAAAAAAAAAAAAAAAAAAAAAAAAAAAAAAAAAAAAAAAAAAAAAAAAAAAAAAAAAAAAAAAAAAAAAAAAAAAAAAAAAAAAAAAAAAAAAAAAAAAAAAAAAAAAAAAAAAAAAAAAAAAAAAAAAAAAAAAAAAAAAAAAAAAAAAAAAAAAAAAAAAAAAAAAAAAAAAAAAAAAAAAAAAAAAAAAAAAAAAAAAAAAAAAAAAAAAAAAAAAAAAAAAAAAAAAAAAAAAAAAAAAAAAAAAAAAAAAAAAAAAAAAAAAAAAAAAAAAAAAAAAAAAAAAAAAAAAAAAAAAAAAAAAAAAAAAAAAAAAAAAAAAAAAAAAAAAAAAAAAAAAAAAAAAAAAAAAAAAAAAAAAAAAAAAAAAAAAAAAAAAAAAAAAAAAAAAAAAAAAAAAAAAAAAAAAAAAAAAAAAAAAAAAAAAAAAAAAAAAAAAAAAAAAAAAAAAAAAAAAAAAAAAAAAAAAAAAAAAAAAAAAAAAAAAAAAAAAAAAAAAAAAAAAAAAAAAAAAAAAAAAAAAAAAAAAAAAAAAAAAAAAAAAAAAAAAAAAAAAAAAAAAAAAAAAAAAAAAAAAAAAAAAAAAAAAAAAAAAAAAAAAAAAAAAAAAAAAAAAAAAAAAAAAAAAAAAAAAAAAAAAAAAAAAAAAAAAAAAAAAAAAAAAAAAAAAAAAAAAAAAAAAAAAAAAAAAAAAAAAAAAAAAAAAAAAAAAAAAAAAAAAAAAAAAAAAAAAAAAAAAAAAAAAAAAAAAAAAAAAAAAAAAAAAAAAAAAAAAAAAAAAAAAAAAAAAAAAAAAAAAAAAAAAAAAAAAAAAAAAAAAAAAAAAAAAAAAAAAAAAAAAAAAAAAAAAAAAAAAAAAAAAAAAAAAAAAAAAAAAAAAAAAAAAAAAAAAAAAAAAAAAAAAAAAAAAAAAAAAAAAAAAAAAAAAAAAAAAAAAAAAAAAAAAAAAAAAAAAAAAAAAAAAAAAAAAAAAAAAAAAAAAAAAAAAAAAAAAAAAAAAAAAAAAAAAAAAAAAAAAAAAAAAAAAAAAAAAAAAAAAAAAAAAAAAAAAAAAAAAAAAAAAAAAAAAAAAAAAAAAAAAAAAAAAAAAAAAAAAAAAAAAAAAAAAAAAAAAAAAAAAAAAAAAAAAAAAAAAAAAAAAAAAAAAAAAAAAAAAAAAAAAAAAAAAAAAAAAAAAAAAAAAAAAAAAAAAAAAAAAAAAAAAAAAAAAAAAAAAAAAAAAAAAAAAAAAAAAAAAAAAAAAAAAAAAAAAAAAAAAAAAAAAAAAAAAAAAAAAAAAAAAAAAAAAAAAAAAAAAAAAAAAAAAAAAAAAAAAAAAAAAAAAAAAAAAAAAAAAAAAAAAAAAAAAAAAAAAAAAAAAAAAAAAAAAAAAAAAAAAAAAAAAAAAAAAAAAAAAAAAAAAAAAAAAAAAAAAAAAAAAAAAAAAAAAAAAAAAAAAAAAAAAAAAAAAAAAAAAAAAAAAAAAAAAAAAAAAAAAAAAAAAAAAAAAAAAAAAAAAAAAAAAAAAAAAAAAAAAAAAAAAAAAAAAAAAAAAAAAAAAAAAAAAAAAAAAAAAAAAAAAAAAAAAAAAAAAAAAAAAAAAAAAAAAAAAAAAAAAAAAAAAAAAAAAAAAAAAAAAAAAAAAAAAAAAAAAAAAAAAAAAAAAAAAAAAAAAAAAAAAAAAAAAAAAAAAAAAAAAAAAAAAAAAAAAAAAAAAAAAAAAAAAAAAAAAAAAAAAAAAAAAAAAAAAAAAAAAAAAAAAAAAAAAAAAAAAAAAAAAAAAAAAAAAAAAAAAAAAAAAAAAAAAAAAAAAAAAAAAAAAAAAAAAAAAAAAAAAAAAAAAAAAAAAAAAAAAAAAAAAAAAAAAAAAAAAAAAAAAAAAAAAAAAAAAAAAAAAAAAAAAAAAAAAAAAAAAAAAAAAAAAAAAAAAAAAAAAAAAAAAAAAAAAAAAAAAAAAAAAAAAAAAAAAAAAAAAAAAAAAAAAAAAAAAAAAAAAAAAAAAAAAAAAAAAAAAAAAAAAAAAAAAAAAAAAAAAAAAAAAAAAAAAAAAAAAAAAAAAAAAAAAAAAAAAAAAAAAAAAAAAAAAAAAAAAAAAAAAAAAAAAAAAAAAAAAAAAAAAAAAAAAAAAAAAAAAAAAAAAAAAAAAAAAAAAAAAAAAAAAAAAAAAAAAAAAAAAAAAAAAAAAAAAAAAAAAAAAAAAAAAAAAAAAAAAAAAAAAAAAAAAAAAAAAAAAAAAAAAAAAAAAAAAAAAAAAAAAAAAAAAAAAAAAAAAAAAAAAAAAAAAAAAAAAAAAAAAAAAAAAAAAAAAAAAAAAAAAAAAAAAAAAAAAAAAAAAAAAAAAAAAAAAAAAAAAAAAAAAAAAAAAAAAAAAAAAAAAAAAAAAAAAAAAAAAAAAAAAAAAAAAAAAAAAAAAAAAAAAAAAAAAAAAAAAAAAAAAAAAAAAAAAAAAAAAAAAAAAAAAAAAAAAAAAAAAAAAAAAAAAAAAAAAAAAAAAAAAAAAAAAAAAAAAAAAAAAAAAAAAAAAAAAAAAAAAAAAAAAAAAAAAAAAAAAAAAAAAAAAAAAAAAAAAAAAAAAAAAAAAAAAAAAAAAAAAAAAAAAAAAAAAAAAAAAAAAAAAAAAAAAAAAAAAAAAAAAAAAAAAAAAAAAAAAAAAAAAAAAAAAAAAAAAAAAAAAAAAAAAAAAAAAAAAAAAAAAAAAAAAAAAAAAAAAAAAAAAAAAAAAAAAAAAAAAAAAAAAAAAAAAAAAAAAAAAAAAAAAAAAAAAAAAAAAAAAAAAAAAAAAAAAAAAAAAAAAAAAAAAAAAAAAAAAAAAAAAAAAAAAAAAAAAAAAAAAAAAAAAAAAAAAAAAAAAAAAAAAAAAAAAAAAAAAAAAAAAAAAAAAAAAAAAAAAAAAAAAAAAAAAAAAAAAAAAAAAAAAAAAAAAAAAAAAAAAAAAAAAAAAAAAAAAAAAAAAAAAAAAAAAAAAAAAAAAAAAAAAAAAAAAAAAAAAAAAAAAAAAAAAAAAAAAAAAAAAAAAAAAAAAAAAAAAAAAAAAAAAAAAAAAAAAAAAAAAAAAAAAAAAAAAAAAAAAAAAAAAAAAAAAAAAAAAAAAAAAAAAAAAAAAAAAAAAAAAAAAAAAAAAAAAAAAAAAAAAAAAAAAAAAAAAAAAAAAAAAAAAAAAAAAAAAAAAAAAAAAAAAAAAAAAAAAAAAAAAAAAAAAAAAAAAAAAAAAAAAAAAAAAAAAAAAAAAAAAAAAAAAAAAAAAAAAAAAAAAAAAAAAAAAAAAAAAAAAAAAAAAAAAAAAAAAAAAAAAAAAAAAAAAAAAAAAAAAAAAAAAAAAAAAAAAAAAAAAAAAAAAAAAAAAAAAAAAAAAAAAAAAAAAAAAAAAAAAAAAAAAAAAAAAAAAAAAAAAAAAAAAAAAAAAAAAAAAAAAAAAAAAAAAAAAAAAAAAAAAAAAAAAAAAAAAAAAAAAAAAAAAAAAAAAAAAAAAAAAAAAAAAAAAAAAAAAAAAAAAAAAAAAAAAAAAAAAAAAAAAAAAAAAAAAAAAAAAAAAAAAAAAAAAAAAAAAAAAAAAAAAAAAAAAAAAAAAAAAAAAAAAAAAAAAAAAAAAAAAAAAAAAAAAAAAAAAAAAAAAAAAAAAAAAAAAAAAAAAAAAAAAAAAAAAAAAAAAAAAAAAAAAAAAAAAAAAAAAAAAAAAAAAAAAAAAAAAAAAAAAAAAAAAAAAAAAAAAAAAAAAAAAAAAAAAAAAAAAAAAAAAAAAAAAAAAAAAAAAAAAAAAAAAAAAAAAAAAAAAAAAAAAAAAAAAAAAAAAAAAAAAAAAAAAAAAAAAAAAAAAAAAAAAAAAAAAAAAAAAAAAAAAAAAAAAAAAAAAAAAAAAAAAAAAAAAAAAAAAAAAAAAAAAAAAAAAAAAAAAAAAAAAAAAAAAAAAAAAAAAAAAAAAAAAAAAAAAAAAAAAAAAAAAAAAAAAAAAAAAAAAAAAAAAAAAAAAAAAAAAAAAAAAAAAAAAAAAAAAAAAAAAAAAAAAAAAAAAAAAAAAAAAAAAAAAAAAAAAAAAAAAAAAAAAAAAAAAAAAAAAAAAAAAAAAAAAAAAAAAAAAAAAAAAAAAAAAAAAAAAAAAAAAAAAAAAAAAAAAAAAAAAAAAAAAAAAAAAAAAAAAAAAAAAAAAAAAAAAAAAAAAAAAAAAAAAAAAAAAAAAAAAAAAAAAAAAAAAAAAAAAAAAAAAAAAAAAAAAAAAAAAAAAAAAAAAAAAAAAAAAAAAAAAAAAAAAAAAAAAAAAAAAAAAAAAAAAAAAAAAAAAAAAAAAAAAAAAAAAAAAAAAAAAAAAAAAAAAAAAAAAAAAAAAAAAAAAAAAAAAAAAAAAAAAAAAAAAAAAAAAAAAAAAAAAAAAAAAAAAAAAAAAAAAAAAAAAAAAAAAAAAAAAAAAAAAAAAAAAAAAAAAAAAAAAAAAAAAAAAAAAAAAAAAAAAAAAAAAAAAAAAAAAAAAAAAAAAAAAAAAAAAAAAAAAAAAAAAAAAAAAAAAAAAAAAAAAAAAAAAAAAAAAAAAAAAAAAAAAAAAAAAAAAAAAAAAAAAAAAAAAAAAAAAAAAAAAAAAAAAAAAAAAAAAAAAAAAAAAAAAAAAAAAAAAAAAAAAAAAAAAAAAAAAAAAAAAAAAAAAAAAAAAAAAAAAAAAAAAAAAAAAAAAAAAAAAAAAAAAAAAAAAAAAAAAAAAAAAAAAAAAAAAAAAAAAAAAAAAAAAAAAAAAAAAAAAAAAAAAAAAAAAAAAAAAAAAAAAAAAAAAAAAAAAAAAAAAAAAAAAAAAAAAAAAAAAAAAAAAAAAAAAAAAAAAAAAAAAAAAAAAAAAAAAAAAAAAAAAAAAAAAAAAAAAAAAAAAAAAAAAAAAAAAAAAAAAAAAAAAAAAAAAAAAAAAAAAAAAAAAAAAAAAAAAAAAAAAAAAAAAAAAAAAAAAAAAAAAAAAAAAAAAAAAAAAAAAAAAAAAAAAAAAAAAAAAAAAAAAAAAAAAAAAAAAAAAAAAAAAAAAAAAAAAAAAAAAAAAAAAAAAAAAAAAAAAAAAAAAAAAAAAAAAAAAAAAAAAAAAAAAAAAAAAAAAAAAAAAAAAAAAAAAAAAAAAAAAAAAAAAAAAAAAAAAAAAAAAAAAAAAAAAAAAAAAAAAAAAAAAAAAAAAAAAAAAAAAAAAAAAAAAAAAAAAAAAAAAAAAAAAAAAAAAAAAAAAAAAAAAAAAAAAAAAAAAAAAAAAAAAAAAAAAAAAAAAAAAAAAAAAAAAAAAAAAAAAAAAAAAAAAAAAAAAAAAAAAAAAAAAAAAAAAAAAAAAAAAAAAAAAAAAAAAAAAAAAAAAAAAAAAAAAAAAAAAAAAAAAAAAAAAAAAAAAAAAAAAAAAAAAAAAAAAAAAAAAAAAAAAAAAAAAAAAAAAAAAAAAAAAAAAAAAAAAAAAAAAAAAAAAAAAAAAAAAAAAAAAAAAAAAAAAAAAAAAAAAAAAAAAAAAAAAAAAAAAAAAAAAAAAAAAAAAAAAAAAAAAAAAAAAAAAAAAAAAAAAAAAAAAAAAAAAAAAAAAAAAAAAAAAAAAAAAAAAAAAAAAAAAAAAAAAAAAAAAAAAAAAAAAAAAAAAAAAAAAAAAAAAAAAAAAAAAAAAAAAAAAAAAAAAAAAAAAAAAAAAAAAAAAAAAAAAAAAAAAAAAAAAAAAAAAAAAAAAAAAAAAAAAAAAAAAAAAAAAAAAAAAAAAAAAAAAAAAAAAAAAAAAAAAAAAAAAAAAAAAAAAAAAAAAAAAAAAAAAAAAAAAAAAAAAAAAAAAAAAAAAAAAAAAAAAAAAAAAAAAAAAAAAAAAAAAAAAAAAAAAAAAAAAAAAAAAAAAAAAAAAAAAAAAAAAAAAAAAAAAAAAAAAAAAAAAAAAAAAAAAAAAAAAAAAAAAAAAAAAAAAAAAAAAAAAAAAAAAAAAAAAAAAAAAAAAAAAAAAAAAAAAAAAAAAAAAAAAAAAAAAAAAAAAAAAAAAAAAAAAAAAAAAAAAAAAAAAAAAAAAAAAAAAAAAAAAAAAAAAAAAAAAAAAAAAAAAAAAAAAAAAAAAAAAAAAAAAAAAAAAAAAAAAAAAAAAAAAAAAAAAAAAAAAAAAAAAAAAAAAAAAAAAAAAAAAAAAAAAAAAAAAAAAAAAAAAAAAAAAAAAAAAAAAAAAAAAAAAAAAAAAAAAAAAAAAAAAAAAAAAAAAAAAAAAAAAAAAAAAAAAAAAAAAAAAAAAAAAAAAAAAAAAAAAAAAAAAAAAAAAAAAAAAAAAAAAAAAAAAAAAAAAAAAAAAAAAAAAAAAAAAAAAAAAAAAAAAAAAAAAAAAAAAAAAAAAAAAAAAAAAAAAAAAAAAAAAAAAAAAAAAAAAAAAAAAAAAAAAAAAAAAAAAAAAAAAAAAAAAAAAAAAAAAAAAAAAAAAAAAAAAAAAAAAAAAAAAAAAAAAAAAAAAAAAAAAAAAAAAAAAAAAAAAAAAAAAAAAAAAAAAAAAAAAAAAAAAAAAAAAAAAAAAAAAAAAAAAAAAAAAAAAAAAAAAAAAAAAAAAAAAAAAAAAAAAAAAAAAAAAAAAAAAAAAAAAAAAAAAAAAAAAAAAAAAAAAAAAAAAAAAAAAAAAAAAAAAAAAAAAAAAAAAAAAAAAAAAAAAAAAAAAAAAAAAAAAAAAAAAAAAAAAAAAAAAAAAAAAAAAAAAAAAAAAAAAAAAAAAAAAAAAAAAAAAAAAAAAAAAAAAAAAAAAAAAAAAAAAAAAAAAAAAAAAAAAAAAAAAAAAAAAAAAAAAAAAAAAAAAAAAAAAAAAAAAAAAAAAAAAAAAAAAAAAAAAAAAAAAAAAAAAAAAAAAAAAAAAAAAAAAAAAAAAAAAAAAAAAAAAAAAAAAAAAAAAAAAAAAAAAAAAAAAAAAAAAAAAAAAAAAAAAAAAAAAAAAAAAAAAAAAAAAAAAAAAAAAAAAAAAAAAAAAAAAAAAAAAAAAAAAAAAAAAAAAAAAAAAAAAAAAAAAAAAAAAAAAAAAAAAAAAAAAAAAAAAAAAAAAAAAAAAAAAAAAAAAAAAAAAAAAAAAAAAAAAAAAAAAAAAAAAAAAAAAAAAAAAAAAAAAAAAAAAAAAAAAAAAAAAAAAAAAAAAAAAAAAAAAAAAAAAAAAAAAAAAAAAAAAAAAAAAAAAAAAAAAAAAAAAAAAAAAAAAAAAAAAAAAAAAAAAAAAAAAAAAAAAAAAAAAAAAAAAAAAAAAAAAAAAAAAAAAAAAAAAAAAAAAAAAAAAAAAAAAAAAAAAAAAAAAAAAAAAAAAAAAAAAAAAAAAAAAAAAAAAAAAAAAAAAAAAAAAAAAAAAAAAAAAAAAAAAAAAAAAAAAAAAAAAAAAAAAAAAAAAAAAAAAAAAAAAAAAAAAAAAAAAAAAAAAAAAAAAAAAAAAAAAAAAAAAAAAAAAAAAAAAAAAAAAAAAAAAAAAAAAAAAAAAAAAAAAAAAAAAAAAAAAAAAAAAAAAAAAAAAAAAAAAAAAAAAAAAAAAAAAAAAAAAAAAAAAAAAAAAAAAAAAAAAAAAAAAAAAAAAAAAAAAAAAAAAAAAAAAAAAAAAAAAAAAAAAAAAAAAAAAAAAAAAAAAAAAAAAAAAAAAAAAAAAAAAAAAAAAAAAAAAAAAAAAAAAAAAAAAAAAAAAAAAAAAAAAAAAAAAAAAAAAAAAAAAAAAAAAAAAAAAAAAAAAAAAAAAAAAAAAAAAAAAAAAAAAAAAAAAAAAAAAAAAAAAAAAAAAAAAAAAAAAAAAAAAAAAAAAAAAAAAAAAAAAAAAAAAAAAAAAAAAAAAAAAAAAAAAAAAAAAAAAAAAAAAAAAAAAAAAAAAAAAAAAAAAAAAAAAAAAAAAAAAAAAAAAAAAAAAAAAAAAAAAAAAAAAAAAAAAAAAAAAAAAAAAAAAAAAAAAAAAAAAAAAAAAAAAAAAAAAAAAAAAAAAAAAAAAAAAAAAAAAAAAAAAAAAAAAAAAAAAAAAAAAAAAAAAAAAAAAAAAAAAAAAAAAAAAAAAAAAAAAAAAAAAAAAAAAAAAAAAAAAAAAAAAAAAAAAAAAAAAAAAAAAAAAAAAAAAAAAAAAAAAAAAAAAAAAAAAAAAAAAAAAAAAAAAAAAAAAAAAAAAAAAAAAAAAAAAAAAAAAAAAAAAAAAAAAAAAAAAAAAAAAAAAAAAAAAAAAAAAAAAAAAAAAAAAAAAAAAAAAAAAAAAAAAAAAAAAAAAAAAAAAAAAAAAAAAAAAAAAAAAAAAAAAAAAAAAAAAAAAAAAAAAAAAAAAAAAAAAAAAAAAAAAAAAAAAAAAAAAAAAAAAAAAAAAAAAAAAAAAAAAAAAAAAAAAAAAAAAAAAAAAAAAAAAAAAAAAAAAAAAAAAAAAAAAAAAAAAAAAAAAAAAAAAAAAAAAAAAAAAAAAAAAAAAAAAAAAAAAAAAAAAAAAAAAAAAAAAAAAAAAAAAAAAAAAAAAAAAAAAAAAAAAAAAAAAAAAAAAAAAAAAAAAAAAAAAAAAAAAAAAAAAAAAAAAAAAAAAAAAAAAAAAAAAAAAAAAAAAAAAAAAAAAAAAAAAAAAAAAAAAAAAAAAAAAAAAAAAAAAAAAAAAAAAAAAAAAAAAAAAAAAAAAAAAAAAAAAAAAAAAAAAAAAAAAAAAAAAAAAAAAAAAAAAAAAAAAAAAAAAAAAAAAAAAAAAAAAAAAAAAAAAAAAAAAAAAAAAAAAAAAAAAAAAAAAAAAAAAAAAAAAAAAAAAAAAAAAAAAAAAAAAAAAAAAAAAAAAAAAAAAAAAAAAAAAAAAAAAAAAAAAAAAAAAAAAAAAAAAAAAAAAAAAAAAAAAAAAAAAAAAAAAAAAAAAAAAAAAAAAAAAAAAAAAAAAAAAAAAAAAAAAAAAAAAAAAAAAAAAAAAAAAAAAAAAAAAAAAAAAAAAAAAAAAAAAAAAAAAAAAAAAAAAAAAAAAAAAAAAAAAAAAAAAAAAAAAAAAAAAAAAAAAAAAAAAAAAAAAAAAAAAAAAAAAAAAAAAAAAAAAAAAAAAAAAAAAAAAAAAAAAAAAAAAAAAAAAAAAAAAAAAAAAAAAAAAAAAAAAAAAAAAAAAAAAAAAAAAAAAAAAAAAAAAAAAAAAAAAAAAAAAAAAAAAAAAAAAAAAAAAAAAAAAAAAAAAAAAAAAAAAAAAAAAAAAAAAAAAAAAAAAAAAAAAAAAAAAAAAAAAAAAAAAAAAAAAAAAAAAAAAAAAAAAAAAAAAAAAAAAAAAAAAAAAAAAAAAAAAAAAAAAAAAAAAAAAAAAAAAAAAAAAAAAAAAAAAAAAAAAAAAAAAAAAAAAAAAAAAAAAAAAAAAAAAAAAAAAAAAAAAAAAAAAAAAAAAAAAAAAAAAAAAAAAAAAAAAAAAAAAAAAAAAAAAAAAAAAAAAAAAAAAAAAAAAAAAAAAAAAAAAAAAAAAAAAAAAAAAAAAAAAAAAAAAAAAAAAAAAAAAAAAAAAAAAAAAAAAAAAAAAAAAAAAAAAAAAAAAAAAAAAAAAAAAAAAAAAAAAAAAAAAAAAAAAAAAAAAAAAAAAAAAAAAAAAAAAAAAAAAAAAAAAAAAAAAAAAAAAAAAAAAAAAAAAAAAAAAAAAAAAAAAAAAAAAAAAAAAAAAAAAAAAAAAAAAAAAAAAAAAAAAAAAAAAAAAAAAAAAAAAAAAAAAAAAAAAAAAAAAAAAAAAAAAAAAAAAAAAAAAAAAAAAAAAAAAAAAAAAAAAAAAAAAAAAAAAAAAAAAAAAAAAAAAAAAAAAAAAAAAAAAAAAAAAAAAAAAAAAAAAAAAAAAAAAAAAAAAAAAAAAAAAAAAAAAAAAAAAAAAAAAAAAAAAAAAAAAAAAAAAAAAAAAAAAAAAAAAAAAAAAAAAAAAAAAAAAAAAAAAAAAAAAAAAAAAAAAAAAAAAAAAAAAAAAAAAAAAAAAAAAAAAAAAAAAAAAAAAAAAAAAAAAAAAAAAAAAAAAAAAAAAAAAAAAAAAAAAAAAAAAAAAAAAAAAAAAAAAAAAAAAAAAAAAAAAAAAAAAAAAAAAAAAAAAAAAAAAAAAAAAAAAAAAAAAAAAAAAAAAAAAAAAAAAAAAAAAAAAAAAAAAAAAAAAAAAAAAAAAAAAAAAAAAAAAAAAAAAAAAAAAAAAAAAAAAAAAAAAAAAAAAAAAAAAAAAAAAAAAAAAAAAAAAAAAAAAAAAAAAAAAAAAAAAAAAAAAAAAAAAAAAAAAAAAAAAAAAAAAAAAAAAAAAAAAAAAAAAAAAAAAAAAAAAAAAAAAAAAAAAAAAAAAAAAAAAAAAAAAAAAAAAAAAAAAAAAAAAAAAAAAAAAAAAAAAAAAAAAAAAAAAAAAAAAAAAAAAAAAAAAAAAAAAAAAAAAAAAAAAAAAAAAAAAAAAAAAAAAAAAAAAAAAAAAAAAAAAAAAAAAAAAAAAAAAAAAAAAAAAAAAAAAAAAAAAAAAAAAAAAAAAAAAAAAAAAAAAAAAAAAAAAAAAAAAAAAAAAAAAAAAAAAAAAAAAAAAAAAAAAAAAAAAAAAAAAAAAAAAAAAAAAAAAAAAAAAAAAAAAAAAAAAAAAAAAAAAAAAAAAAAAAAAAAAAAAAAAAAAAAAAAAAAAAAAAAAAAAAAAAAAAAAAAAAAAAAAAAAAAAAAAAAAAAAAAAAAAAAAAAAAAAAAAAAAAAAAAAAAAAAAAAAAAAAAAAAAAAAAAAAAAAAAAAAAAAAAAAAAAAAAAAAAAAAAAAAAAAAAAAAAAAAAAAAAAAAAAAAAAAAAAAAAAAAAAAAAAAAAAAAAAAAAAAAAAAAAAAAAAAAAAAAAAAAAAAAAAAAAAAAAAAAAAAAAAAAAAAAAAAAAAAAAAAAAAAAAAAAAAAAAAAAAAAAAAAAAAAAAAAAAAAAAAAAAAAAAAAAAAAAAAAAAAAAAAAAAAAAAAAAAAAAAAAAAAAAAAAAAAAAAAAAAAAAAAAAAAAAAAAAAAAAAAAAAAAAAAAAAAAAAAAAAAAAAAAAAAAAAAAAAAAAAAAAAAAAAAAAAAAAAAAAAAAAAAAAAAAAAAAAAAAAAAAAAAAAAAAAAAAAAAAAAAAAAAAAAAAAAAAAAAAAAAAAAAAAAAAAAAAAAAAAAAAAAAAAAAAAAAAAAAAAAAAAAAAAAAAAAAAAAAAAAAAAAAAAAAAAAAAAAAAAAAAAAAAAAAAAAAAAAAAAAAAAAAAAAAAAAAAAAAAAAAAAAAAAAAAAAAAAAAAAAAAAAAAAAAAAAAAAAAAAAAAAAAAAAAAAAAAAAAAAAAAAAAAAAAAAAAAAAAAAAAAAAAAAAAAAAAAAAAAAAAAAAAAAAAAAAAAAAAAAAAAAAAAAAAAAAAAAAAAAAAAAAAAAAAAAAAAAAAAAAAAAAAAAAAAAAAAAAAAAAAAAAAAAAAAAAAAAAAAAAAAAAAAAAAAAAAAAAAAAAAAAAAAAAAAAAAAAAAAAAAAAAAAAAAAAAAAAAAAAAAAAAAAAAAAAAAAAAAAAAAAAAAAAAAAAAAAAAAAAAAAAAAAAAAAAAAAAAAAAAAAAAAAAAAAAAAAAAAAAAAAAAAAAAAAAAAAAAAAAAAAAAAAAAAAAAAAAAAAAAAAAAAAAAAAAAAAAAAAAAAAAAAAAAAAAAAAAAAAAAAAAAAAAAAAAAAAAAAAAAAAAAAAAAAAAAAAAAAAAAAAAAAAAAAAAAAAAAAAAAAAAAAAAAAAAAAAAAAAAAAAAAAAAAAAAAAAAAAAAAAAAAAAAAAAAAAAAAAAAAAAAAAAAAAAAAAAAAAAAAAAAAAAAAAAAAAAAAAAAAAAAAAAAAAAAAAAAAAAAAAAAAAAAAAAAAAAAAAAAAAAAAAAAAAAAAAAAAAAAAAAAAAAAAAAAAAAAAAAAAAAAAAAAAAAAAAAAAAAAAAAAAAAAAAAAAAAAAAAAAAAAAAAAAAAAAAAAAAAAAAAAAAAAAAAAAAAAAAAAAAAAAAAAAAAAAAAAAAAAAAAAAAAAAAAAAAAAAAAAAAAAAAAAAAAAAAAAAAAAAAAAAAAAAAAAAAAAAAAAAAAAAAAAAAAAAAAAAAAAAAAAAAAAAAAAAAAAAAAAAAAAAAAAAAAAAAAAAAAAAAAAAAAAAAAAAAAAAAAAAAAAAAAAAAAAAAAAAAAAAAAAAAAAAAAAAAAAAAAAAAAAAAAAAAAAAAAAAAAAAAAAAAAAAAAAAAAAAAAAAAAAAAAAAAAAAAAAAAAAAAAAAAAAAAAAAAAAAAAAAAAAAAAAAAAAAAAAAAAAAAAAAAAAAAAAAAAAAAAAAAAAAAAAAAAAAAAAAAAAAAAAAAAAAAAAAAAAAAAAAAAAAAAAAAAAAAAAAAAAAAAAAAAAAAAAAAAAAAAAAAAAAAAAAAAAAAAAAAAAAAAAAAAAAAAAAAAAAAAAAAAAAAAAAAAAAAAAAAAAAAAAAAAAAAAAAAAAAAAAAAAAAAAAAAAAAAAAAAAAAAAAAAAAAAAAAAAAAAAAAAAAAAAAAAAAAAAAAAAAAAAAAAAAAAAAAAAAAAAAAAAAAAAAAAAAAAAAAAAAAAAAAAAAAAAAAAAAAAAAAAAAAAAAAAAAAAAAAAAAAAAAAAAAAAAAAAAAAAAAAAAAAAAAAAAAAAAAAAAAAAAAAAAAAAAAAAAAAAAAAAAAAAAAAAAAAAAAAAAAAAAAAAAAAAAAAAAAAAAAAAAAAAAAAAAAAAAAAAAAAAAAAAAAAAAAAAAAAAAAAAAAAAAAAAAAAAAAAAAAAAAAAAAAAAAAAAAAAAAAAAAAAAAAAAAAAAAAAAAAAAAAAAAAAAAAAAAAAAAAAAAAAAAAAAAAAAAAAAAAAAAAAAAAAAAAAAAAAAAAAAAAAAAAAAAAAAAAAAAAAAAAAAAAAAAAAAAAAAAAAAAAAAAAAAAAAAAAAAAAAAAAAAAAAAAAAAAAAAAAAAAAAAAAAAAAAAAAAAAAAAAAAAAAAAAAAAAAAAAAAAAAAAAAAAAAAAAAAAAAAAAAAAAAAAAAAAAAAAAAAAAAAAAAAAAAAAAAAAAAAAAAAAAAAAAAAAAAAAAAAAAAAAAAAAAAAAAAAAAAAAAAAAAAAAAAAAAAAAAAAAAAAAAAAAAAAAAAAAAAAAAAAAAAAAAAAAAAAAAAAAAAAAAAAAAAAAAAAAAAAAAAAAAAAAAAAAAAAAAAAAAAAAAAAAAAAAAAAAAAAAAAAAAAAAAAAAAAAAAAAAAAAAAAAAAAAAAAAAAAAAAAAAAAAAAAAAAAAAAAAAAAAAAAAAAAAAAAAAAAAAAAAAAAAAAAAAAAAAAAAAAAAAAAAAAAAAAAAAAAAAAAAAAAAAAAAAAAAAAAAAAAAAAAAAAAAAAAAAAAAAAAAAAAAAAAAAAAAAAAAAAAAAAAAAAAAAAAAAAAAAAAAAAAAAAAAAAAAAAAAAAAAAAAAAAAAAAAAAAAAAAAAAAAAAAAAAAAAAAAAAAAAAAAAAAAAAAAAAAAAAAAAAAAAAAAAAAAAAAAAAAAAAAAAAAAAAAAAAAAAAAAAAAAAAAAAAAAAAAAAAAAAAAAAAAAAAAAAAAAAAAAAAAAAAAAAAAAAAAAAAAAAAAAAAAAAAAAAAAAAAAAAAAAAAAAAAAAAAAAAAAAAAAAAAAAAAAAAAAAAAAAAAAAAAAAAAAAAAAAAAAAAAAAAAAAAAAAAAAAAAAAAAAAAAAAAAAAAAAAAAAAAAAAAAAAAAAAAAAAAAAAAAAAAAAAAAAAAAAAAAAAAAAAAAAAAAAAAAAAAAAAAAAAAAAAAAAAAAAAAAAAAAAAAAAAAAAAAAAAAAAAAAAAAAAAAAAAAAAAAAAAAAAAAAAAAAAAAAAAAAAAAAAAAAAAAAAAAAAAAAAAAAAAAAAAAAAAAAAAAAAAAAAAAAAAAAAAAAAAAAAAAAAAAAAAAAAAAAAAAAAAAAAAAAAAAAAAAAAAAAAAAAAAAAAAAAAAAAAAAAAAAAAAAAAAAAAAAAAAAAAAAAAAAAAAAAAAAAAAAAAAAAAAAAAAAAAAAAAAAAAAAAAAAAAAAAAAAAAAAAAAAAAAAAAAAAAAAAAAAAAAAAAAAAAAAAAAAAAAAAAAAAAAAAAAAAAAAAAAAAAAAAAAAAAAAAAAAAAAAAAAAAAAAAAAAAAAAAAAAAAAAAAAAAAAAAAAAAAAAAAAAAAAAAAAAAAAAAAAAAAAAAAAAAAAAAAAAAAAAAAAAAAAAAAAAAAAAAAAAAAAAAAAAAAAAAAAAAAAAAAAAAAAAAAAAAAAAAAAAAAAAAAAAAAAAAAAAAAAAAAAAAAAAAAAAAAAAAAAAAAAAAAAAAAAAAAAAAAAAAAAAAAAAAAAAAAAAAAAAAAAAAAAAAAAAAAAAAAAAAAAAAAAAAAAAAAAAAAAAAAAAAAAAAAAAAAAAAAAAAAAAAAAAAAAAAAAAAAAAAAAAAAAAAAAAAAAAAAAAAAAAAAAAAAAAAAAAAAAAAAAAAAAAAAAAAAAAAAAAAAAAAAAAAAAAAAAAAAAAAAAAAAAAAAAAAAAAAAAAAAAAAAAAAAAAAAAAAAAAAAAAAAAAAAAAAAAAAAAAAAAAAAAAAAAAAAAAAAAAAAAAAAAAAAAAAAAAAAAAAAAAAAAAAAAAAAAAAAAAAAAAAAAAAAAAAAAAAAAAAAAAAAAAAAAAAAAAAAAAAAAAAAAAAAAAAAAAAAAAAAAAAAAAAAAAAAAAAAAAAAAAAAAAAAAAAAAAAAAAAAAAAAAAAAAAAAAAAAAAAAAAAAAAAAAAAAAAAAAAAAAAAAAAAAAAAAAAAAAAAAAAAAAAAAAAAAAAAAAAAAAAAAAAAAAAAAAAAAAAAAAAAAAAAAAAAAAAAAAAAAAAAAAAAAAAAAAAAAAAAAAAAAAAAAAAAAAAAAAAAAAAAAAAAAAAAAAAAAAAAAAAAAAAAAAAAAAAAAAAAAAAAAAAAAAAAAAAAAAAAAAAAAAAAAAAAAAAAAAAAAAAAAAAAAAAAAAAAAAAAAAAAAAAAAAAAAAAAAAAAAAAAAAAAAAAAAAAAAAAAAAAAAAAAAAAAAAAAAAAAAAAAAAAAAAAAAAAAAAAAAAAAAAAAAAAAAAAAAAAAAAAAAAAAAAAAAAAAAAAAAAAAAAAAAAAAAAAAAAAAAAAAAAAAAAAAAAAAAAAAAAAAAAAAAAAAAAAAAAAAAAAAAAAAAAAAAAAAAAAAAAAAAAAAAAAAAAAAAAAAAAAAAAAAAAAAAAAAAAAAAAAAAAAAAAAAAAAAAAAAAAAAAAAAAAAAAAAAAAAAAAAAAAAAAAAAAAAAAAAAAAAAAAAAAAAAAAAAAAAAAAAAAAAAAAAAAAAAAAAAAAAAAAAAAAAAAAAAAAAAAAAAAAAAAAAAAAAAAAAAAAAAAAAAAAAAAAAAAAAAAAAAAAAAAAAAAAAAAAAAAAAAAAAAAAAAAAAAAAAAAAAAAAAAAAAAAAAAAAAAAAAAAAAAAAAAAAAAAAAAAAAAAAAAAAAAAAAAAAAAAAAAAAAAAAAAAAAAAAAAAAAAAAAAAAAAAAAAAAAAAAAAAAAAAAAAAAAAAAAAAAAAAAAAAAAAAAAAAAAAAAAAAAAAAAAAAAAAAAAAAAAAAAAAAAAAAAAAAAAAAAAAAAAAAAAAAAAAAAAAAAAAAAAAAAAAAAAAAAAAAAAAAAAAAAAAAAAAAAAAAAAAAAAAAAAAAAAAAAAAAAAAAAAAAAAAAAAAAAAAAAAAAAAAAAAAAAAAAAAAAAAAAAAAAAAAAAAAAAAAAAAAAAAAAAAAAAAAAAAAAAAAAAAAAAAAAAAAAAAAAAAAAAAAAAAAAAAAAAAAAAAAAAAAAAAAAAAAAAAAAAAAAAAAAAAAAAAAAAAAAAAAAAAAAAAAAAAAAAAAAAAAAAAAAAAAAAAAAAAAAAAAAAAAAAAAAAAAAAAAAAAAAAAAAAAAAAAAAAAAAAAAAAAAAAAAAAAAAAAAAAAAAAAAAAAAAAAAAAAAAAAAAAAAAAAAAAAAAAAAAAAAAAAAAAAAAAAAAAAAAAAAAAAAAAAAAAAAAAAAAAAAAAAAAAAAAAAAAAAAAAAAAAAAAAAAAAAAAAAAAAAAAAAAAAAAAAAAAAAAAAAAAAAAAAAAAAAAAAAAAAAAAAAAAAAAAAAAAAAAAAAAAAAAAAAAAAAAAAAAAAAAAAAAAAAAAAAAAAAAAAAAAAAAAAAAAAAAAAAAAAAAAAAAAAAAAAAAAAAAAAAAAAAAAAAAAAAAAAAAAAAAAAAAAAAAAAAAAAAAAAAAAAAAAAAAAAAAAAAAAAAAAAAAAAAAAAAAAAAAAAAAAAAAAAAAAAAAAAAAAAAAAAAAAAAAAAAAAAAAAAAAAAAAAAAAAAAAAAAAAAAAAAAAAAAAAAAAAAAAAAAAAAAAAAAAAAAAAAAAAAAAAAAAAAAAAAAAAAAAAAAAAAAAAAAAAAAAAAAAAAAAAAAAAAAAAAAAAAAAAAAAAAAAAAAAAAAAAAAAAAAAAAAAAAAAAAAAAAAAAAAAAAAAAAAAAAAAAAAAAAAAAAAAAAAAAAAAAAAAAAAAAAAAAAAAAAAAAAAAAAAAAAAAAAAAAAAAAAAAAAAAAAAAAAAAAAAAAAAAAAAAAAAAAAAAAAAAAAAAAAAAAAAAAAAAAAAAAAAAAAAAAAAAAAAAAAAAAAAAAAAAAAAAAAAAAAAAAAAAAAAAAAAAAAAAAAAAAAAAAAAAAAAAAAAAAAAAAAAAAAAAAAAAAAAAAAAAAAAAAAAAAAAAAAAAAAAAAAAAAAAAAAAAAAAAAAAAAAAAAAAAAAAAAAAAAAAAAAAAAAAAAAAAAAAAAAAAAAAAAAAAAAAAAAAAAAAAAAAAAAAAAAAAAAAAAAAAAAAAAAAAAAAAAAAAAAAAAAAAAAAAAAAAAAAAAAAAAAAAAAAAAAAAAAAAAAAAAAAAAAAAAAAAAAAAAAAAAAAAAAAAAAAAAAAAAAAAAAAAAAAAAAAAAAAAAAAAAAAAAAAAAAAAAAAAAAAAAAAAAAAAAAAAAAAAAAAAAAAAAAAAAAAAAAAAAAAAAAAAAAAAAAAAAAAAAAAAAAAAAAAAAAAAAAAAAAAAAAAAAAAAAAAAAAAAAAAAAAAAAAAAAAAAAAAAAAAAAAAAAAAAAAAAAAAAAAAAAAAAAAAAAAAAAAAAAAAAAAAAAAAAAAAAAAAAAAAAAAAAAAAAAAAAAAAAAAAAAAAAAAAAAAAAAAAAAAAAAAAAAAAAAAAAAAAAAAAAAAAAAAAAAAAAAAAAAAAAAAAAAAAAAAAAAAAAAAAAAAAAAAAAAAAAAAAAAAAAAAAAAAAAAAAAAAAAAAAAAAAAAAAAAAAAAAAAAAAAAAAAAAAAAAAAAAAAAAAAAAAAAAAAAAAAAAAAAAAAAAAAAAAAAAAAAAAAAAAAAAAAAAAAAAAAAAAAAAAAAAAAAAAAAAAAAAAAAAAAAAAAAAAAAAAAAAAAAAAAAAAAAAAAAAAAAAAAAAAAAAAAAAAAAAAAAAAAAAAAAAAAAAAAAAAAAAAAAAAAAAAAAAAAAAAAAAAAAAAAAAAAAAAAAAAAAAAAAAAAAAAAAAAAAAAAAAAAAAAAAAAAAAAAAAAAAAAAAAAAAAAAAAAAAAAAAAAAAAAAAAAAAAAAAAAAAAAAAAAAAAAAAAAAAAAAAAAAAAAAAAAAAAAAAAAAAAAAAAAAAAAAAAAAAAAAAAAAAAAAAAAAAAAAAAAAAAAAAAAAAAAAAAAAAAAAAAAAAAAAAAAAAAAAAAAAAAAAAAAAAAAAAAAAAAAAAAAAAAAAAAAAAAAAAAAAAAAAAAAAAAAAAAAAAAAAAAAAAAAAAAAAAAAAAAAAAAAAAAAAAAAAAAAAAAAAAAAAAAAAAAAAAAAAAAAAAAAAAAAAAAAAAAAAAAAAAAAAAAAAAAAAAAAAAAAAAAAAAAAAAAAAAAAAAAAAAAAAAAAAAAAAAAAAAAAAAAAAAAAAAAAAAAAAAAAAAAAAAAAAAAAAAAAAAAAAAAAAAAAAAAAAAAAAAAAAAAAAAAAAAAAAAAAAAAAAAAAAAAAAAAAAAAAAAAAAAAAAAAAAAAAAAAAAAAAAAAAAAAAAAAAAAAAAAAAAAAAAAAAAAAAAAAAAAAAAAAAAAAAAAAAAAAAAAAAAAAAAAAAAAAAAAAAAAAAAAAAAAAAAAAAAAAAAAAAAAAAAAAAAAAAAAAAAAAAAAAAAAAAAAAAAAAAAAAAAAAAAAAAAAAAAAAAAAAAAAAAAAAAAAAAAAAAAAAAAAAAAAAAAAAAAAAAAAAAAAAAAAAAAAAAAAAAAAAAAAAAAAAAAAAAAAAAAAAAAAAAAAAAAAAAAAAAAAAAAAAAAAAAAAAAAAAAAAAAAAAAAAAAAAAAAAAAAAAAAAAAAAAAAAAAAAAAAAAAAAAAAAAAAAAAAAAAAAAAAAAAAAAAAAAAAAAAAAAAAAAAAAAAAAAAAAAAAAAAAAAAAAAAAAAAAAAAAAAAAAAAAAAAAAAAAAAAAAAAAAAAAAAAAAAAAAAAAAAAAAAAAAAAAAAAAAAAAAAAAAAAAAAAAAAAAAAAAAAAAAAAAAAAAAAAAAAAAAAAAAAAAAAAAAAAAAAAAAAAAAAAAAAAAAAAAAAAAAAAAAAAAAAAAAAAAAAAAAAAAAAAAAAAAAAAAAAAAAAAAAAAAAAAAAAAAAAAAAAAAAAAAAAAAAAAAAAAAAAAAAAAAAAAAAAAAAAAAAAAAAAAAAAAAAAAAAAAAAAAAAAAAAAAAAAAAAAAAAAAAAAAAAAAAAAAAAAAAAAAAAAAAAAAAAAAAAAAAAAAAAAAAAAAAAAAAAAAAAAAAAAAAAAAAAAAAAAAAAAAAAAAAAAAAAAAAAAAAAAAAAAAAAAAAAAAAAAAAAAAAAAAAAAAAAAAAAAAAAAAAAAAAAAAAAAAAAAAAAAAAAAAAAAAAAAAAAAAAAAAAAAAAAAAAAAAAAAAAAAAAAAAAAAAAAAAAAAAAAAAAAAAAAAAAAAAAAAAAAAAAAAAAAAAAAAAAAAAAAAAAAAAAAAAAAAAAAAAAAAAAAAAAAAAAAAAAAAAAAAAAAAAAAAAAAAAAAAAAAAAAAAAAAAAAAAAAAAAAAAAAAAAAAAAAAAAAAAAAAAAAAAAAAAAAAAAAAAAAAAAAAAAAAAAAAAAAAAAAAAAAAAAAAAAAAAAAAAAAAAAAAAAAAAAAAAAAAAAAAAAAAAAAAAAAAAAAAAAAAAAAAAAAAAAAAAAAAAAAAAAAAAAAAAAAAAAAAAAAAAAAAAAAAAAAAAAAAAAAAAAAAAAAAAAAAAAAAAAAAAAAAAAAAAAAAAAAAAAAAAAAAAAAAAAAAAAAAAAAAAAAAAAAAAAAAAAAAAAAAAAAAAAAAAAAAAAAAAAAAAAAAAAAAAAAAAAAAAAAAAAAAAAAAAAAAAAAAAAAAAAAAAAAAAAAAAAAAAAAAAAAAAAAAAAAAAAAAAAAAAAAAAAAAAAAAAAAAAAAAAAAAAAAAAAAAAAAAAAAAAAAAAAAAAAAAAAAAAAAAAAAAAAAAAAAAAAAAAAAAAAAAAAAAAAAAAAAAAAAAAAAAAAAAAAAAAAAAAAAAAAAAAAAAAAAAAAAAAAAAAAAAAAAAAAAAAAAAAAAAAAAAAAAAAAAAAAAAAAAAAAAAAAAAAAAAAAAAAAAAAAAAAAAAAAAAAAAAAAAAAAAAAAAAAAAAAAAAAAAAAAAAAAAAAAAAAAAAAAAAAAAAAAAAAAAAAAAAAAAAAAAAAAAAAAAAAAAAAAAAAAAAAAAAAAAAAAAAAAAAAAAAAAAAAAAAAAAAAAAAAAAAAAAAAAAAAAAAAAAAAAAAAAAAAAAAAAAAAAAAAAAAAAAAAAAAAAAAAAAAAAAAAAAAAAAAAAAAAAAAAAAAAAAAAAAAAAAAAAAAAAAAAAAAAAAAAAAAAAAAAAAAAAAAAAAAAAAAAAAAAAAAAAAAAAAAAAAAAAAAAAAAAAAAAAAAAAAAAAAAAAAAAAAAAAAAAAAAAAAAAAAAAAAAAAAAAAAAAAAAAAAAAAAAAAAAAAAAAAAAAAAAAAAAAAAAAAAAAAAAAAAAAAAAAAAAAAAAAAAAAAAAAAAAAAAAAAAAAAAAAAAAAAAAAAAAAAAAAAAAAAAAAAAAAAAAAAAAAAAAAAAAAAAAAAAAAAAAAAAAAAAAAAAAAAAAAAAAAAAAAAAAAAAAAAAAAAAAAAAAAAAAAAAAAAAAAAAAAAAAAAAAAAAAAAAAAAAAAAAAAAAAAAAAAAAAAAAAAAAAAAAAAAAAAAAAAAAAAAAAAAAAAAAAAAAAAAAAAAAAAAAAAAAAAAAAAAAAAAAAAAAAAAAAAAAAAAAAAAAAAAAAAAAAAAAAAAAAAAAAAAAAAAAAAAAAAAAAAAAAAAAAAAAAAAAAAAAAAAAAAAAAAAAAAAAAAAAAAAAAAAAAAAAAAAAAAAAAAAAAAAAAAAAAAAAAAAAAAAAAAAAAAAAAAAAAAAAAAAAAAAAAAAAAAAAAAAAAAAAAAAAAAAAAAAAAAAAAAAAAAAAAAAAAAAAAAAAAAAAAAAAAAAAAAAAAAAAAAAAAAAAAAAAAAAAAAAAAAAAAAAAAAAAAAAAAAAAAAAAAAAAAAAAAAAAAAAAAAAAAAAAAAAAAAAAAAAAAAAAAAAAAAAAAAAAAAAAAAAAAAAAAAAAAAAAAAAAAAAAAAAAAAAAAAAAAAAAAAAAAAAAAAAAAAAAAAAAAAAAAAAAAAAAAAAAAAAAAAAAAAAAAAAAAAAAAAAAAAAAAAAAAAAAAAAAAAAAAAAAAAAAAAAAAAAAAAAAAAAAAAAAAAAAAAAAAAAAAAAAAAAAAAAAAAAAAAAAAAAAAAAAAAAAAAAAAAAAAAAAAAAAAAAAAAAAAAAAAAAAAAAAAAAAAAAAAAAAAAAAAAAAAAAAAAAAAAAAAAAAAAAAAAAAAAAAAAAAAAAAAAAAAAAAAAAAAAAAAAAAAAAAAAAAAAAAAAAAAAAAAAAAAAAAAAAAAAAAAAAAAAAAAAAAAAAAAAAAAAAAAAAAAAAAAAAAAAAAAAAAAAAAAAAAAAAAAAAAAAAAAAAAAAAAAAAAAAAAAAAAAAAAAAAAAAAAAAAAAAAAAAAAAAAAAAAAAAAAAAAAAAAAAAAAAAAAAAAAAAAAAAAAAAAAAAAAAAAAAAAAAAAAAAAAAAAAAAAAAAAAAAAAAAAAAAAAAAAAAAAAAAAAAAAAAAAAAAAAAAAAAAAAAAAAAAAAAAAAAAAAAAAAAAAAAAAAAAAAAAAAAAAAAAAAAAAAAAAAAAAAAAAAAAAAAAAAAAAAAAAAAAAAAAAAAAAAAAAAAAAAAAAAAAAAAAAAAAAAAAAAAAAAAAAAAAAAAAAAAAAAAAAAAAAAAAAAAAAAAAAAAAAAAAAAAAAAAAAAAAAAAAAAAAAAAAAAAAAAAAAAAAAAAAAAAAAAAAAAAAAAAAAAAAAAAAAAAAAAAAAAAAAAAAAAAAAAAAAAAAAAAAAAAAAAAAAAAAAAAAAAAAAAAAAAAAAAAAAAAAAAAAAAAAAAAAAAAAAAAAAAAAAAAAAAAAAAAAAAAAAAAAAAAAAAAAAAAAAAAAAAAAAAAAAAAAAAAAAAAAAAAAAAAAAAAAAAAAAAAAAAAAAAAAAAAAAAAAAAAAAAAAAAAAAAAAAAAAAAAAAAAAAAAAAAAAAAAAAAAAAAAAAAAAAAAAAAAAAAAAAAAAAAAAAAAAAAAAAAAAAAAAAAAAAAAAAAAAAAAAAAAAAAAAAAAAAAAAAAAAAAAAAAAAAAAAAAAAAAAAAAAAAAAAAAAAAAAAAAAAAAAAAAAAAAAAAAAAAAAAAAAAAAAAAAAAAAAAAAAAAAAAAAAAAAAAAAAAAAAAAAAAAAAAAAAAAAAAAAAAAAAAAAAAAAAAAAAAAAAAAAAAAAAAAAAAAAAAAAAAAAAAAAAAAAAAAAAAAAAAAAAAAAAAAAAAAAAAAAAAAAAAAAAAAAAAAAAAAAAAAAAAAAAAAAAAAAAAAAAAAAAAAAAAAAAAAAAAAAAAAAAAAAAAAAAAAAAAAAAAAAAAAAAAAAAAAAAAAAAAAAAAAAAAAAAAAAAAAAAAAAAAAAAAAAAAAAAAAAAAAAAAAAAAAAAAAAAAAAAAAAAAAAAAAAAAAAAAAAAAAAAAAAAAAAAAAAAAAAAAAAAAAAAAAAAAAAAAAAAAAAAAAAAAAAAAAAAAAAAAAAAAAAAAAAAAAAAAAAAAAAAAAAAAAAAAAAAAAAAAAAAAAAAAAAAAAAAAAAAAAAAAAAAAAAAAAAAAAAAAAAAAAAAAAAAAAAAAAAAAAAAAAAAAAAAAAAAAAAAAAAAAAAAAAAAAAAAAAAAAAAAAAAAAAAAAAAAAAAAAAAAAAAAAAAAAAAAAAAAAAAAAAAAAAAAAAAAAAAAAAAAAAAAAAAAAAAAAAAAAAAAAAAAAAAAAAAAAAAAAAAAAAAAAAAAAAAAAAAAAAAAAAAAAAAAAAAAAAAAAAAAAAAAAAAAAAAAAAAAAAAAAAAAAAAAAAAAAAAAAAAAAAAAAAAAAAAAAAAAAAAAAAAAAAAAAAAAAAAAAAAAAAAAAAAAAAAAAAAAAAAAAAAAAAAAAAAAAAAAAAAAAAAAAAAAAAAAAAAAAAAAAAAAAAAAAAAAAAAAAAAAAAAAAAAAAAAAAAAAAAAAAAAAAAAAAAAAAAAAAAAAAAAAAAAAAAAAAAAAAAAAAAAAAAAAAAAAAAAAAAAAAAAAAAAAAAAAAAAAAAAAAAAAAAAAAAAAAAAAAAAAAAAAAAAAAAAAAAAAAAAAAAAAAAAAAAAAAAAAAAAAAAAAAAAAAAAAAAAAAAAAAAAAAAAAAAAAAAAAAAAAAAAAAAAAAAAAAAAAAAAAAAAAAAAAAAAAAAAAAAAAAAAAAAAAAAAAAAAAAAAAAAAAAAAAAAAAAAAAAAAAAAAAAAAAAAAAAAAAAAAAAAAAAAAAAAAAAAAAAAAAAAAAAAAAAAAAAAAAAAAAAAAAAAAAAAAAAAAAAAAAAAAAAAAAAAAAAAAAAAAAAAAAAAAAAAAAAAAAAAAAAAAAAAAAAAAAAAAAAAAAAAAAAAAAAAAAAAAAAAAAAAAAAAAAAAAAAAAAAAAAAAAAAAAAAAAAAAAAAAAAAAAAAAAAAAAAAAAAAAAAAAAAAAAAAAAAAAAAAAAAAAAAAAAAAAAAAAAAAAAAAAAAAAAAAAAAAAAAAAAAAAAAAAAAAAAAAAAAAAAAAAAAAAAAAAAAAAAAAAAAAAAAAAAAAAAAAAAAAAAAAAAAAAAAAAAAAAAAAAAAAAAAAAAAAAAAAAAAAAAAAAAAAAAAAAAAAAAAAAAAAAAAAAAAAAAAAAAAAAAAAAAAAAAAAAAAAAAAAAAAAAAAAAAAAAAAAAAAAAAAAAAAAAAAAAAAAAAAAAAAAAAAAAAAAAAAAAAAAAAAAAAAAAAAAAAAAAAAAAAAAAAAAAAAAAAAAAAAAAAAAAAAAAAAAAAAAAAAAAAAAAAAAAAAAAAAAAAAAAAAAAAAAAAAAAAAAAAAAAAAAAAAAAAAAAAAAAAAAAAAAAAAAAAAAAAAAAAAAAAAAAAAAAAAAAAAAAAAAAAAAAAAAAAAAAAAAAAAAAAAAAAAAAAAAAAAAAAAAAAAAAAAAAAAAAAAAAAAAAAAAAAAAAAAAAAAAAAAAAAAAAAAAAAAAAAAAAAAAAAAAAAAAAAAAAAAAAAAAAAAAAAAAAAAAAAAAAAAAAAAAAAAAAAAAAAAAAAAAAAAAAAAAAAAAAAAAAAAAAAAAAAAAAAAAAAAAAAAAAAAAAAAAAAAAAAAAAAAAAAAAAAAAAAAAAAAAAAAAAAAAAAAAAAAAAAAAAAAAAAAAAAAAAAAAAAAAAAAAAAAAAAAAAAAAAAAAAAAAAAAAAAAAAAAAAAAAAAAAAAAAAAAAAAAAAAAAAAAAAAAAAAAAAAAAAAAAAAAAAAAAAAAAAAAAAAAAAAAAAAAAAAAAAAAAAAAAAAAAAAAAAAAAAAAAAAAAAAAAAAAAAAAAAAAAAAAAAAAAAAAAAAAAAAAAAAAAAAAAAAAAAAAAAAAAAAAAAAAAAAAAAAAAAAAAAAAAAAAAAAAAAAAAAAAAAAAAAAAAAAAAAAAAAAAAAAAAAAAAAAAAAAAAAAAAAAAAAAAAAAAAAAAAAAAAAAAAAAAAAAAAAAAAAAAAAAAAAAAAAAAAAAAAAAAAAAAAAAAAAAAAAAAAAAAAAAAAAAAAAAAAAAAAAAAAAAAAAAAAAAAAAAAAAAAAAAAAAAAAAAAAAAAAAAAAAAAAAAAAAAAAAAAAAAAAAAAAAAAAAAAAAAAAAAAAAAAAAAAAAAAAAAAAAAAAAAAAAAAAAAAAAAAAAAAAAAAAAAAAAAAAAAAAAAAAAAAAAAAAAAAAAAAAAAAAAAAAAAAAAAAAAAAAAAAAAAAAAAAAAAAAAAAAAAAAAAAAAAAAAAAAAAAAAAAAAAAAAAAAAAAAAAAAAAAAAAAAAAAAAAAAAAAAAAAAAAAAAAAAAAAAAAAAAAAAAAAAAAAAAAAAAAAAAAAAAAAAAAAAAAAAAAAAAAAAAAAAAAAAAAAAAAAAAAAAAAAAAAAAAAAAAAAAAAAAAAAAAAAAAAAAAAAAAAAAAAAAAAAAAAAAAAAAAAAAAAAAAAAAAAAAAAAAAAAAAAAAAAAAAAAAAAAAAAAAAAAAAAAAAAAAAAAAAAAAAAAAAAAAAAAAAAAAAAAAAAAAAAAAAAAAAAAAAAAAAAAAAAAAAAAAAAAAAAAAAAAAAAAAAAAAAAAAAAAAAAAAAAAAAAAAAAAAAAAAAAAAAAAAAAAAAAAAAAAAAAAAAAAAAAAAAAAAAAAAAAAAAAAAAAAAAAAAAAAAAAAAAAAAAAAAAAAAAAAAAAAAAAAAAAAAAAAAAAAAAAAAAAAAAAAAAAAAAAAAAAAAAAAAAAAAAAAAAAAAAAAAAAAAAAAAAAAAAAAAAAAAAAAAAAAAAAAAAAAAAAAAAAAAAAAAAAAAAAAAAAAAAAAAAAAAAAAAAAAAAAAAAAAAAAAAAAAAAAAAAAAAAAAAAAAAAAAAAAAAAAAAAAAAAAAAAAAAAAAAAAAAAAAAAAAAAAAAAAAAAAAAAAAAAAAAAAAAAAAAAAAAAAAAAAAAAAAAAAAAAAAAAAAAAAAAAAAAAAAAAAAAAAAAAAAAAAAAAAAAAAAAAAAAAAAAAAAAAAAAAAAAAAAAAAAAAAAAAAAAAAAAAAAAAAAAAAAAAAAAAAAAAAAAAAAAAAAAAAAAAAAAAAAAAAAAAAAAAAAAAAAAAAAAAAAAAAAAAAAAAAAAAAAAAAAAAAAAAAAAAAAAAAAAAAAAAAAAAAAAAAAAAAAAAAAAAAAAAAAAAAAAAAAAAAAAAAAAAAAAAAAAAAAAAAAAAAAAAAAAAAAAAAAAAAAAAAAAAAAAAAAAAAAAAAAAAAAAAAAAAAAAAAAAAAAAAAAAAAAAAAAAAAAAAAAAAAAAAAAAAAAAAAAAAAAAAAAAAAAAAAAAAAAAAAAAAAAAAAAAAAAAAAAAAAAAAAAAAAAAAAAAAAAAAAAAAAAAAAAAAAAAAAAAAAAAAAAAAAAAAAAAAAAAAAAAAAAAAAAAAAAAAAAAAAAAAAAAAAAAAAAAAAAAAAAAAAAAAAAAAAAAAAAAAAAAAAAAAAAAAAAAAAAAAAAAAAAAAAAAAAAAAAAAAAAAAAAAAAAAAAAAAAAAAAAAAAAAAAAAAAAAAAAAAAAAAAAAAAAAAAAAAAAAAAAAAAAAAAAAAAAAAAAAAAAAAAAAAAAAAAAAAAAAAAAAAAAAAAAAAAAAAAAAAAAAAAAAAAAAAAAAAAAAAAAAAAAAAAAAAAAAAAAAAAAAAAAAAAAAAAAAAAAAAAAAAAAAAAAAAAAAAAAAAAAAAAAAAAAAAAAAAAAAAAAAAAAAAAAAAAAAAAAAAAAAAAAAAAAAAAAAAAAAAAAAAAAAAAAAAAAAAAAAAAAAAAAAAAAAAAAAAAAAAAAAAAAAAAAAAAAAAAAAAAAAAAAAAAAAAAAAAAAAAAAAAAAAAAAAAAAAAAAAAAAAAAAAAAAAAAAAAAAAAAAAAAAAAAAAAAAAAAAAAAAAAAAAAAAAAAAAAAAAAAAAAAAAAAAAAAAAAAAAAAAAAAAAAAAAAAAAAAAAAAAAAAAAAAAAAAAAAAAAAAAAAAAAAAAAAAAAAAAAAAAAAAAAAAAAAAAAAAAAAAAAAAAAAAAAAAAAAAAAAAAAAAAAAAAAAAAAAAAAAAAAAAAAAAAAAAAAAAAAAAAAAAAAAAAAAAAAAAAAAAAAAAAAAAAAAAAAAAAAAAAAAAAAAAAAAAAAAAAAAAAAAAAAAAAAAAAAAAAAAAAAAAAAAAAAAAAAAAAAAAAAAAAAAAAAAAAAAAAAAAAAAAAAAAAAAAAAAAAAAAAAAAAAAAAAAAAAAAAAAAAAAAAAAAAAAAAAAAAAAAAAAAAAAAAAAAAAAAAAAAAAAAAAAAAAAAAAAAAAAAAAAAAAAAAAAAAAAAAAAAAAAAAAAAAAAAAAAAAAAAAAAAAAAAAAAAAAAAAAAAAAAAAAAAAAAAAAAAAAAAAAAAAAAAAAAAAAAAAAAAAAAAAAAAAAAAAAAAAAAAAAAAAAAAAAAAAAAAAAAAAAAAAAAAAAAAAAAAAAAAAAAAAAAAAAAAAAAAAAAAAAAAAAAAAAAAAAAAAAAAAAAAAAAAAAAAAAAAAAAAAAAAAAAAAAAAAAAAAAAAAAAAAAAAAAAAAAAAAAAAAAAAAAAAAAAAAAAAAAAAAAAAAAAAAAAAAAAAAAAAAAAAAAAAAAAAAAAAAAAAAAAAAAAAAAAAAAAAAAAAAAAAAAAAAAAAAAAAAAAAAAAAAAAAAAAAAAAAAAAAAAAAAAAA\"}}', '2026-06-16 14:24:07');
INSERT INTO `audit_logs` (`id`, `tenant_id`, `user_id`, `action`, `details`, `created_at`) VALUES
(46, 1, 9, 'TENANT_PLAN_CHANGED', '{\"tenant_id\":12,\"new_plan_id\":2}', '2026-06-16 14:24:15');
INSERT INTO `audit_logs` (`id`, `tenant_id`, `user_id`, `action`, `details`, `created_at`) VALUES
(47, 1, 9, 'TENANT_UPDATED', '{\"tenant_id\":12,\"changes\":{\"name\":\"Test logo grande\",\"subscription_plan_id\":2,\"logo_url\":\"data:image\\/jpeg;base64,BBBBBBBBBBBBBBBBBBBBBBBBBBBBBBBBBBBBBBBBBBBBBBBBBBBBBBBBBBBBBBBBBBBBBBBBBBBBBBBBBBBBBBBBBBBBBBBBBBBBBBBBBBBBBBBBBBBBBBBBBBBBBBBBBBBBBBBBBBBBBBBBBBBBBBBBBBBBBBBBBBBBBBBBBBBBBBBBBBBBBBBBBBBBBBBBBBBBBBBBBBBBBBBBBBBBBBBBBBBBBBBBBBBBBBBBBBBBBBBBBBBBBBBBBBBBBBBBBBBBBBBBBBBBBBBBBBBBBBBBBBBBBBBBBBBBBBBBBBBBBBBBBBBBBBBBBBBBBBBBBBBBBBBBBBBBBBBBBBBBBBBBBBBBBBBBBBBBBBBBBBBBBBBBBBBBBBBBBBBBBBBBBBBBBBBBBBBBBBBBBBBBBBBBBBBBBBBBBBBBBBBBBBBBBBBBBBBBBBBBBBBBBBBBBBBBBBBBBBBBBBBBBBBBBBBBBBBBBBBBBBBBBBBBBBBBBBBBBBBBBBBBBBBBBBBBBBBBBBBBBBBBBBBBBBBBBBBBBBBBBBBBBBBBBBBBBBBBBBBBBBBBBBBBBBBBBBBBBBBBBBBBBBBBBBBBBBBBBBBBBBBBBBBBBBBBBBBBBBBBBBBBBBBBBBBBBBBBBBBBBBBBBBBBBBBBBBBBBBBBBBBBBBBBBBBBBBBBBBBBBBBBBBBBBBBBBBBBBBBBBBBBBBBBBBBBBBBBBBBBBBBBBBBBBBBBBBBBBBBBBBBBBBBBBBBBBBBBBBBBBBBBBBBBBBBBBBBBBBBBBBBBBBBBBBBBBBBBBBBBBBBBBBBBBBBBBBBBBBBBBBBBBBBBBBBBBBBBBBBBBBBBBBBBBBBBBBBBBBBBBBBBBBBBBBBBBBBBBBBBBBBBBBBBBBBBBBBBBBBBBBBBBBBBBBBBBBBBBBBBBBBBBBBBBBBBBBBBBBBBBBBBBBBBBBBBBBBBBBBBBBBBBBBBBBBBBBBBBBBBBBBBBBBBBBBBBBBBBBBBBBBBBBBBBBBBBBBBBBBBBBBBBBBBBBBBBBBBBBBBBBBBBBBBBBBBBBBBBBBBBBBBBBBBBBBBBBBBBBBBBBBBBBBBBBBBBBBBBBBBBBBBBBBBBBBBBBBBBBBBBBBBBBBBBBBBBBBBBBBBBBBBBBBBBBBBBBBBBBBBBBBBBBBBBBBBBBBBBBBBBBBBBBBBBBBBBBBBBBBBBBBBBBBBBBBBBBBBBBBBBBBBBBBBBBBBBBBBBBBBBBBBBBBBBBBBBBBBBBBBBBBBBBBBBBBBBBBBBBBBBBBBBBBBBBBBBBBBBBBBBBBBBBBBBBBBBBBBBBBBBBBBBBBBBBBBBBBBBBBBBBBBBBBBBBBBBBBBBBBBBBBBBBBBBBBBBBBBBBBBBBBBBBBBBBBBBBBBBBBBBBBBBBBBBBBBBBBBBBBBBBBBBBBBBBBBBBBBBBBBBBBBBBBBBBBBBBBBBBBBBBBBBBBBBBBBBBBBBBBBBBBBBBBBBBBBBBBBBBBBBBBBBBBBBBBBBBBBBBBBBBBBBBBBBBBBBBBBBBBBBBBBBBBBBBBBBBBBBBBBBBBBBBBBBBBBBBBBBBBBBBBBBBBBBBBBBBBBBBBBBBBBBBBBBBBBBBBBBBBBBBBBBBBBBBBBBBBBBBBBBBBBBBBBBBBBBBBBBBBBBBBBBBBBBBBBBBBBBBBBBBBBBBBBBBBBBBBBBBBBBBBBBBBBBBBBBBBBBBBBBBBBBBBBBBBBBBBBBBBBBBBBBBBBBBBBBBBBBBBBBBBBBBBBBBBBBBBBBBBBBBBBBBBBBBBBBBBBBBBBBBBBBBBBBBBBBBBBBBBBBBBBBBBBBBBBBBBBBBBBBBBBBBBBBBBBBBBBBBBBBBBBBBBBBBBBBBBBBBBBBBBBBBBBBBBBBBBBBBBBBBBBBBBBBBBBBBBBBBBBBBBBBBBBBBBBBBBBBBBBBBBBBBBBBBBBBBBBBBBBBBBBBBBBBBBBBBBBBBBBBBBBBBBBBBBBBBBBBBBBBBBBBBBBBBBBBBBBBBBBBBBBBBBBBBBBBBBBBBBBBBBBBBBBBBBBBBBBBBBBBBBBBBBBBBBBBBBBBBBBBBBBBBBBBBBBBBBBBBBBBBBBBBBBBBBBBBBBBBBBBBBBBBBBBBBBBBBBBBBBBBBBBBBBBBBBBBBBBBBBBBBBBBBBBBBBBBBBBBBBBBBBBBBBBBBBBBBBBBBBBBBBBBBBBBBBBBBBBBBBBBBBBBBBBBBBBBBBBBBBBBBBBBBBBBBBBBBBBBBBBBBBBBBBBBBBBBBBBBBBBBBBBBBBBBBBBBBBBBBBBBBBBBBBBBBBBBBBBBBBBBBBBBBBBBBBBBBBBBBBBBBBBBBBBBBBBBBBBBBBBBBBBBBBBBBBBBBBBBBBBBBBBBBBBBBBBBBBBBBBBBBBBBBBBBBBBBBBBBBBBBBBBBBBBBBBBBBBBBBBBBBBBBBBBBBBBBBBBBBBBBBBBBBBBBBBBBBBBBBBBBBBBBBBBBBBBBBBBBBBBBBBBBBBBBBBBBBBBBBBBBBBBBBBBBBBBBBBBBBBBBBBBBBBBBBBBBBBBBBBBBBBBBBBBBBBBBBBBBBBBBBBBBBBBBBBBBBBBBBBBBBBBBBBBBBBBBBBBBBBBBBBBBBBBBBBBBBBBBBBBBBBBBBBBBBBBBBBBBBBBBBBBBBBBBBBBBBBBBBBBBBBBBBBBBBBBBBBBBBBBBBBBBBBBBBBBBBBBBBBBBBBBBBBBBBBBBBBBBBBBBBBBBBBBBBBBBBBBBBBBBBBBBBBBBBBBBBBBBBBBBBBBBBBBBBBBBBBBBBBBBBBBBBBBBBBBBBBBBBBBBBBBBBBBBBBBBBBBBBBBBBBBBBBBBBBBBBBBBBBBBBBBBBBBBBBBBBBBBBBBBBBBBBBBBBBBBBBBBBBBBBBBBBBBBBBBBBBBBBBBBBBBBBBBBBBBBBBBBBBBBBBBBBBBBBBBBBBBBBBBBBBBBBBBBBBBBBBBBBBBBBBBBBBBBBBBBBBBBBBBBBBBBBBBBBBBBBBBBBBBBBBBBBBBBBBBBBBBBBBBBBBBBBBBBBBBBBBBBBBBBBBBBBBBBBBBBBBBBBBBBBBBBBBBBBBBBBBBBBBBBBBBBBBBBBBBBBBBBBBBBBBBBBBBBBBBBBBBBBBBBBBBBBBBBBBBBBBBBBBBBBBBBBBBBBBBBBBBBBBBBBBBBBBBBBBBBBBBBBBBBBBBBBBBBBBBBBBBBBBBBBBBBBBBBBBBBBBBBBBBBBBBBBBBBBBBBBBBBBBBBBBBBBBBBBBBBBBBBBBBBBBBBBBBBBBBBBBBBBBBBBBBBBBBBBBBBBBBBBBBBBBBBBBBBBBBBBBBBBBBBBBBBBBBBBBBBBBBBBBBBBBBBBBBBBBBBBBBBBBBBBBBBBBBBBBBBBBBBBBBBBBBBBBBBBBBBBBBBBBBBBBBBBBBBBBBBBBBBBBBBBBBBBBBBBBBBBBBBBBBBBBBBBBBBBBBBBBBBBBBBBBBBBBBBBBBBBBBBBBBBBBBBBBBBBBBBBBBBBBBBBBBBBBBBBBBBBBBBBBBBBBBBBBBBBBBBBBBBBBBBBBBBBBBBBBBBBBBBBBBBBBBBBBBBBBBBBBBBBBBBBBBBBBBBBBBBBBBBBBBBBBBBBBBBBBBBBBBBBBBBBBBBBBBBBBBBBBBBBBBBBBBBBBBBBBBBBBBBBBBBBBBBBBBBBBBBBBBBBBBBBBBBBBBBBBBBBBBBBBBBBBBBBBBBBBBBBBBBBBBBBBBBBBBBBBBBBBBBBBBBBBBBBBBBBBBBBBBBBBBBBBBBBBBBBBBBBBBBBBBBBBBBBBBBBBBBBBBBBBBBBBBBBBBBBBBBBBBBBBBBBBBBBBBBBBBBBBBBBBBBBBBBBBBBBBBBBBBBBBBBBBBBBBBBBBBBBBBBBBBBBBBBBBBBBBBBBBBBBBBBBBBBBBBBBBBBBBBBBBBBBBBBBBBBBBBBBBBBBBBBBBBBBBBBBBBBBBBBBBBBBBBBBBBBBBBBBBBBBBBBBBBBBBBBBBBBBBBBBBBBBBBBBBBBBBBBBBBBBBBBBBBBBBBBBBBBBBBBBBBBBBBBBBBBBBBBBBBBBBBBBBBBBBBBBBBBBBBBBBBBBBBBBBBBBBBBBBBBBBBBBBBBBBBBBBBBBBBBBBBBBBBBBBBBBBBBBBBBBBBBBBBBBBBBBBBBBBBBBBBBBBBBBBBBBBBBBBBBBBBBBBBBBBBBBBBBBBBBBBBBBBBBBBBBBBBBBBBBBBBBBBBBBBBBBBBBBBBBBBBBBBBBBBBBBBBBBBBBBBBBBBBBBBBBBBBBBBBBBBBBBBBBBBBBBBBBBBBBBBBBBBBBBBBBBBBBBBBBBBBBBBBBBBBBBBBBBBBBBBBBBBBBBBBBBBBBBBBBBBBBBBBBBBBBBBBBBBBBBBBBBBBBBBBBBBBBBBBBBBBBBBBBBBBBBBBBBBBBBBBBBBBBBBBBBBBBBBBBBBBBBBBBBBBBBBBBBBBBBBBBBBBBBBBBBBBBBBBBBBBBBBBBBBBBBBBBBBBBBBBBBBBBBBBBBBBBBBBBBBBBBBBBBBBBBBBBBBBBBBBBBBBBBBBBBBBBBBBBBBBBBBBBBBBBBBBBBBBBBBBBBBBBBBBBBBBBBBBBBBBBBBBBBBBBBBBBBBBBBBBBBBBBBBBBBBBBBBBBBBBBBBBBBBBBBBBBBBBBBBBBBBBBBBBBBBBBBBBBBBBBBBBBBBBBBBBBBBBBBBBBBBBBBBBBBBBBBBBBBBBBBBBBBBBBBBBBBBBBBBBBBBBBBBBBBBBBBBBBBBBBBBBBBBBBBBBBBBBBBBBBBBBBBBBBBBBBBBBBBBBBBBBBBBBBBBBBBBBBBBBBBBBBBBBBBBBBBBBBBBBBBBBBBBBBBBBBBBBBBBBBBBBBBBBBBBBBBBBBBBBBBBBBBBBBBBBBBBBBBBBBBBBBBBBBBBBBBBBBBBBBBBBBBBBBBBBBBBBBBBBBBBBBBBBBBBBBBBBBBBBBBBBBBBBBBBBBBBBBBBBBBBBBBBBBBBBBBBBBBBBBBBBBBBBBBBBBBBBBBBBBBBBBBBBBBBBBBBBBBBBBBBBBBBBBBBBBBBBBBBBBBBBBBBBBBBBBBBBBBBBBBBBBBBBBBBBBBBBBBBBBBBBBBBBBBBBBBBBBBBBBBBBBBBBBBBBBBBBBBBBBBBBBBBBBBBBBBBBBBBBBBBBBBBBBBBBBBBBBBBBBBBBBBBBBBBBBBBBBBBBBBBBBBBBBBBBBBBBBBBBBBBBBBBBBBBBBBBBBBBBBBBBBBBBBBBBBBBBBBBBBBBBBBBBBBBBBBBBBBBBBBBBBBBBBBBBBBBBBBBBBBBBBBBBBBBBBBBBBBBBBBBBBBBBBBBBBBBBBBBBBBBBBBBBBBBBBBBBBBBBBBBBBBBBBBBBBBBBBBBBBBBBBBBBBBBBBBBBBBBBBBBBBBBBBBBBBBBBBBBBBBBBBBBBBBBBBBBBBBBBBBBBBBBBBBBBBBBBBBBBBBBBBBBBBBBBBBBBBBBBBBBBBBBBBBBBBBBBBBBBBBBBBBBBBBBBBBBBBBBBBBBBBBBBBBBBBBBBBBBBBBBBBBBBBBBBBBBBBBBBBBBBBBBBBBBBBBBBBBBBBBBBBBBBBBBBBBBBBBBBBBBBBBBBBBBBBBBBBBBBBBBBBBBBBBBBBBBBBBBBBBBBBBBBBBBBBBBBBBBBBBBBBBBBBBBBBBBBBBBBBBBBBBBBBBBBBBBBBBBBBBBBBBBBBBBBBBBBBBBBBBBBBBBBBBBBBBBBBBBBBBBBBBBBBBBBBBBBBBBBBBBBBBBBBBBBBBBBBBBBBBBBBBBBBBBBBBBBBBBBBBBBBBBBBBBBBBBBBBBBBBBBBBBBBBBBBBBBBBBBBBBBBBBBBBBBBBBBBBBBBBBBBBBBBBBBBBBBBBBBBBBBBBBBBBBBBBBBBBBBBBBBBBBBBBBBBBBBBBBBBBBBBBBBBBBBBBBBBBBBBBBBBBBBBBBBBBBBBBBBBBBBBBBBBBBBBBBBBBBBBBBBBBBBBBBBBBBBBBBBBBBBBBBBBBBBBBBBBBBBBBBBBBBBBBBBBBBBBBBBBBBBBBBBBBBBBBBBBBBBBBBBBBBBBBBBBBBBBBBBBBBBBBBBBBBBBBBBBBBBBBBBBBBBBBBBBBBBBBBBBBBBBBBBBBBBBBBBBBBBBBBBBBBBBBBBBBBBBBBBBBBBBBBBBBBBBBBBBBBBBBBBBBBBBBBBBBBBBBBBBBBBBBBBBBBBBBBBBBBBBBBBBBBBBBBBBBBBBBBBBBBBBBBBBBBBBBBBBBBBBBBBBBBBBBBBBBBBBBBBBBBBBBBBBBBBBBBBBBBBBBBBBBBBBBBBBBBBBBBBBBBBBBBBBBBBBBBBBBBBBBBBBBBBBBBBBBBBBBBBBBBBBBBBBBBBBBBBBBBBBBBBBBBBBBBBBBBBBBBBBBBBBBBBBBBBBBBBBBBBBBBBBBBBBBBBBBBBBBBBBBBBBBBBBBBBBBBBBBBBBBBBBBBBBBBBBBBBBBBBBBBBBBBBBBBBBBBBBBBBBBBBBBBBBBBBBBBBBBBBBBBBBBBBBBBBBBBBBBBBBBBBBBBBBBBBBBBBBBBBBBBBBBBBBBBBBBBBBBBBBBBBBBBBBBBBBBBBBBBBBBBBBBBBBBBBBBBBBBBBBBBBBBBBBBBBBBBBBBBBBBBBBBBBBBBBBBBBBBBBBBBBBBBBBBBBBBBBBBBBBBBBBBBBBBBBBBBBBBBBBBBBBBBBBBBBBBBBBBBBBBBBBBBBBBBBBBBBBBBBBBBBBBBBBBBBBBBBBBBBBBBBBBBBBBBBBBBBBBBBBBBBBBBBBBBBBBBBBBBBBBBBBBBBBBBBBBBBBBBBBBBBBBBBBBBBBBBBBBBBBBBBBBBBBBBBBBBBBBBBBBBBBBBBBBBBBBBBBBBBBBBBBBBBBBBBBBBBBBBBBBBBBBBBBBBBBBBBBBBBBBBBBBBBBBBBBBBBBBBBBBBBBBBBBBBBBBBBBBBBBBBBBBBBBBBBBBBBBBBBBBBBBBBBBBBBBBBBBBBBBBBBBBBBBBBBBBBBBBBBBBBBBBBBBBBBBBBBBBBBBBBBBBBBBBBBBBBBBBBBBBBBBBBBBBBBBBBBBBBBBBBBBBBBBBBBBBBBBBBBBBBBBBBBBBBBBBBBBBBBBBBBBBBBBBBBBBBBBBBBBBBBBBBBBBBBBBBBBBBBBBBBBBBBBBBBBBBBBBBBBBBBBBBBBBBBBBBBBBBBBBBBBBBBBBBBBBBBBBBBBBBBBBBBBBBBBBBBBBBBBBBBBBBBBBBBBBBBBBBBBBBBBBBBBBBBBBBBBBBBBBBBBBBBBBBBBBBBBBBBBBBBBBBBBBBBBBBBBBBBBBBBBBBBBBBBBBBBBBBBBBBBBBBBBBBBBBBBBBBBBBBBBBBBBBBBBBBBBBBBBBBBBBBBBBBBBBBBBBBBBBBBBBBBBBBBBBBBBBBBBBBBBBBBBBBBBBBBBBBBBBBBBBBBBBBBBBBBBBBBBBBBBBBBBBBBBBBBBBBBBBBBBBBBBBBBBBBBBBBBBBBBBBBBBBBBBBBBBBBBBBBBBBBBBBBBBBBBBBBBBBBBBBBBBBBBBBBBBBBBBBBBBBBBBBBBBBBBBBBBBBBBBBBBBBBBBBBBBBBBBBBBBBBBBBBBBBBBBBBBBBBBBBBBBBBBBBBBBBBBBBBBBBBBBBBBBBBBBBBBBBBBBBBBBBBBBBBBBBBBBBBBBBBBBBBBBBBBBBBBBBBBBBBBBBBBBBBBBBBBBBBBBBBBBBBBBBBBBBBBBBBBBBBBBBBBBBBBBBBBBBBBBBBBBBBBBBBBBBBBBBBBBBBBBBBBBBBBBBBBBBBBBBBBBBBBBBBBBBBBBBBBBBBBBBBBBBBBBBBBBBBBBBBBBBBBBBBBBBBBBBBBBBBBBBBBBBBBBBBBBBBBBBBBBBBBBBBBBBBBBBBBBBBBBBBBBBBBBBBBBBBBBBBBBBBBBBBBBBBBBBBBBBBBBBBBBBBBBBBBBBBBBBBBBBBBBBBBBBBBBBBBBBBBBBBBBBBBBBBBBBBBBBBBBBBBBBBBBBBBBBBBBBBBBBBBBBBBBBBBBBBBBBBBBBBBBBBBBBBBBBBBBBBBBBBBBBBBBBBBBBBBBBBBBBBBBBBBBBBBBBBBBBBBBBBBBBBBBBBBBBBBBBBBBBBBBBBBBBBBBBBBBBBBBBBBBBBBBBBBBBBBBBBBBBBBBBBBBBBBBBBBBBBBBBBBBBBBBBBBBBBBBBBBBBBBBBBBBBBBBBBBBBBBBBBBBBBBBBBBBBBBBBBBBBBBBBBBBBBBBBBBBBBBBBBBBBBBBBBBBBBBBBBBBBBBBBBBBBBBBBBBBBBBBBBBBBBBBBBBBBBBBBBBBBBBBBBBBBBBBBBBBBBBBBBBBBBBBBBBBBBBBBBBBBBBBBBBBBBBBBBBBBBBBBBBBBBBBBBBBBBBBBBBBBBBBBBBBBBBBBBBBBBBBBBBBBBBBBBBBBBBBBBBBBBBBBBBBBBBBBBBBBBBBBBBBBBBBBBBBBBBBBBBBBBBBBBBBBBBBBBBBBBBBBBBBBBBBBBBBBBBBBBBBBBBBBBBBBBBBBBBBBBBBBBBBBBBBBBBBBBBBBBBBBBBBBBBBBBBBBBBBBBBBBBBBBBBBBBBBBBBBBBBBBBBBBBBBBBBBBBBBBBBBBBBBBBBBBBBBBBBBBBBBBBBBBBBBBBBBBBBBBBBBBBBBBBBBBBBBBBBBBBBBBBBBBBBBBBBBBBBBBBBBBBBBBBBBBBBBBBBBBBBBBBBBBBBBBBBBBBBBBBBBBBBBBBBBBBBBBBBBBBBBBBBBBBBBBBBBBBBBBBBBBBBBBBBBBBBBBBBBBBBBBBBBBBBBBBBBBBBBBBBBBBBBBBBBBBBBBBBBBBBBBBBBBBBBBBBBBBBBBBBBBBBBBBBBBBBBBBBBBBBBBBBBBBBBBBBBBBBBBBBBBBBBBBBBBBBBBBBBBBBBBBBBBBBBBBBBBBBBBBBBBBBBBBBBBBBBBBBBBBBBBBBBBBBBBBBBBBBBBBBBBBBBBBBBBBBBBBBBBBBBBBBBBBBBBBBBBBBBBBBBBBBBBBBBBBBBBBBBBBBBBBBBBBBBBBBBBBBBBBBBBBBBBBBBBBBBBBBBBBBBBBBBBBBBBBBBBBBBBBBBBBBBBBBBBBBBBBBBBBBBBBBBBBBBBBBBBBBBBBBBBBBBBBBBBBBBBBBBBBBBBBBBBBBBBBBBBBBBBBBBBBBBBBBBBBBBBBBBBBBBBBBBBBBBBBBBBBBBBBBBBBBBBBBBBBBBBBBBBBBBBBBBBBBBBBBBBBBBBBBBBBBBBBBBBBBBBBBBBBBBBBBBBBBBBBBBBBBBBBBBBBBBBBBBBBBBBBBBBBBBBBBBBBBBBBBBBBBBBBBBBBBBBBBBBBBBBBBBBBBBBBBBBBBBBBBBBBBBBBBBBBBBBBBBBBBBBBBBBBBBBBBBBBBBBBBBBBBBBBBBBBBBBBBBBBBBBBBBBBBBBBBBBBBBBBBBBBBBBBBBBBBBBBBBBBBBBBBBBBBBBBBBBBBBBBBBBBBBBBBBBBBBBBBBBBBBBBBBBBBBBBBBBBBBBBBBBBBBBBBBBBBBBBBBBBBBBBBBBBBBBBBBBBBBBBBBBBBBBBBBBBBBBBBBBBBBBBBBBBBBBBBBBBBBBBBBBBBBBBBBBBBBBBBBBBBBBBBBBBBBBBBBBBBBBBBBBBBBBBBBBBBBBBBBBBBBBBBBBBBBBBBBBBBBBBBBBBBBBBBBBBBBBBBBBBBBBBBBBBBBBBBBBBBBBBBBBBBBBBBBBBBBBBBBBBBBBBBBBBBBBBBBBBBBBBBBBBBBBBBBBBBBBBBBBBBBBBBBBBBBBBBBBBBBBBBBBBBBBBBBBBBBBBBBBBBBBBBBBBBBBBBBBBBBBBBBBBBBBBBBBBBBBBBBBBBBBBBBBBBBBBBBBBBBBBBBBBBBBBBBBBBBBBBBBBBBBBBBBBBBBBBBBBBBBBBBBBBBBBBBBBBBBBBBBBBBBBBBBBBBBBBBBBBBBBBBBBBBBBBBBBBBBBBBBBBBBBBBBBBBBBBBBBBBBBBBBBBBBBBBBBBBBBBBBBBBBBBBBBBBBBBBBBBBBBBBBBBBBBBBBBBBBBBBBBBBBBBBBBBBBBBBBBBBBBBBBBBBBBBBBBBBBBBBBBBBBBBBBBBBBBBBBBBBBBBBBBBBBBBBBBBBBBBBBBBBBBBBBBBBBBBBBBBBBBBBBBBBBBBBBBBBBBBBBBBBBBBBBBBBBBBBBBBBBBBBBBBBBBBBBBBBBBBBBBBBBBBBBBBBBBBBBBBBBBBBBBBBBBBBBBBBBBBBBBBBBBBBBBBBBBBBBBBBBBBBBBBBBBBBBBBBBBBBBBBBBBBBBBBBBBBBBBBBBBBBBBBBBBBBBBBBBBBBBBBBBBBBBBBBBBBBBBBBBBBBBBBBBBBBBBBBBBBBBBBBBBBBBBBBBBBBBBBBBBBBBBBBBBBBBBBBBBBBBBBBBBBBBBBBBBBBBBBBBBBBBBBBBBBBBBBBBBBBBBBBBBBBBBBBBBBBBBBBBBBBBBBBBBBBBBBBBBBBBBBBBBBBBBBBBBBBBBBBBBBBBBBBBBBBBBBBBBBBBBBBBBBBBBBBBBBBBBBBBBBBBBBBBBBBBBBBBBBBBBBBBBBBBBBBBBBBBBBBBBBBBBBBBBBBBBBBBBBBBBBBBBBBBBBBBBBBBBBBBBBBBBBBBBBBBBBBBBBBBBBBBBBBBBBBBBBBBBBBBBBBBBBBBBBBBBBBBBBBBBBBBBBBBBBBBBBBBBBBBBBBBBBBBBBBBBBBBBBBBBBBBBBBBBBBBBBBBBBBBBBBBBBBBBBBBBBBBBBBBBBBBBBBBBBBBBBBBBBBBBBBBBBBBBBBBBBBBBBBBBBBBBBBBBBBBBBBBBBBBBBBBBBBBBBBBBBBBBBBBBBBBBBBBBBBBBBBBBBBBBBBBBBBBBBBBBBBBBBBBBBBBBBBBBBBBBBBBBBBBBBBBBBBBBBBBBBBBBBBBBBBBBBBBBBBBBBBBBBBBBBBBBBBBBBBBBBBBBBBBBBBBBBBBBBBBBBBBBBBBBBBBBBBBBBBBBBBBBBBBBBBBBBBBBBBBBBBBBBBBBBBBBBBBBBBBBBBBBBBBBBBBBBBBBBBBBBBBBBBBBBBBBBBBBBBBBBBBBBBBBBBBBBBBBBBBBBBBBBBBBBBBBBBBBBBBBBBBBBBBBBBBBBBBBBBBBBBBBBBBBBBBBBBBBBBBBBBBBBBBBBBBBBBBBBBBBBBBBBBBBBBBBBBBBBBBBBBBBBBBBBBBBBBBBBBBBBBBBBBBBBBBBBBBBBBBBBBBBBBBBBBBBBBBBBBBBBBBBBBBBBBBBBBBBBBBBBBBBBBBBBBBBBBBBBBBBBBBBBBBBBBBBBBBBBBBBBBBBBBBBBBBBBBBBBBBBBBBBBBBBBBBBBBBBBBBBBBBBBBBBBBBBBBBBBBBBBBBBBBBBBBBBBBBBBBBBBBBBBBBBBBBBBBBBBBBBBBBBBBBBBBBBBBBBBBBBBBBBBBBBBBBBBBBBBBBBBBBBBBBBBBBBBBBBBBBBBBBBBBBBBBBBBBBBBBBBBBBBBBBBBBBBBBBBBBBBBBBBBBBBBBBBBBBBBBBBBBBBBBBBBBBBBBBBBBBBBBBBBBBBBBBBBBBBBBBBBBBBBBBBBBBBBBBBBBBBBBBBBBBBBBBBBBBBBBBBBBBBBBBBBBBBBBBBBBBBBBBBBBBBBBBBBBBBBBBBBBBBBBBBBBBBBBBBBBBBBBBBBBBBBBBBBBBBBBBBBBBBBBBBBBBBBBBBBBBBBBBBBBBBBBBBBBBBBBBBBBBBBBBBBBBBBBBBBBBBBBBBBBBBBBBBBBBBBBBBBBBBBBBBBBBBBBBBBBBBBBBBBBBBBBBBBBBBBBBBBBBBBBBBBBBBBBBBBBBBBBBBBBBBBBBBBBBBBBBBBBBBBBBBBBBBBBBBBBBBBBBBBBBBBBBBBBBBBBBBBBBBBBBBBBBBBBBBBBBBBBBBBBBBBBBBBBBBBBBBBBBBBBBBBBBBBBBBBBBBBBBBBBBBBBBBBBBBBBBBBBBBBBBBBBBBBBBBBBBBBBBBBBBBBBBBBBBBBBBBBBBBBBBBBBBBBBBBBBBBBBBBBBBBBBBBBBBBBBBBBBBBBBBBBBBBBBBBBBBBBBBBBBBBBBBBBBBBBBBBBBBBBBBBBBBBBBBBBBBBBBBBBBBBBBBBBBBBBBBBBBBBBBBBBBBBBBBBBBBBBBBBBBBBBBBBBBBBBBBBBBBBBBBBBBBBBBBBBBBBBBBBBBBBBBBBBBBBBBBBBBBBBBBBBBBBBBBBBBBBBBBBBBBBBBBBBBBBBBBBBBBBBBBBBBBBBBBBBBBBBBBBBBBBBBBBBBBBBBBBBBBBBBBBBBBBBBBBBBBBBBBBBBBBBBBBBBBBBBBBBBBBBBBBBBBBBBBBBBBBBBBBBBBBBBBBBBBBBBBBBBBBBBBBBBBBBBBBBBBBBBBBBBBBBBBBBBBBBBBBBBBBBBBBBBBBBBBBBBBBBBBBBBBBBBBBBBBBBBBBBBBBBBBBBBBBBBBBBBBBBBBBBBBBBBBBBBBBBBBBBBBBBBBBBBBBBBBBBBBBBBBBBBBBBBBBBBBBBBBBBBBBBBBBBBBBBBBBBBBBBBBBBBBBBBBBBBBBBBBBBBBBBBBBBBBBBBBBBBBBBBBBBBBBBBBBBBBBBBBBBBBBBBBBBBBBBBBBBBBBBBBBBBBBBBBBBBBBBBBBBBBBBBBBBBBBBBBBBBBBBBBBBBBBBBBBBBBBBBBBBBBBBBBBBBBBBBBBBBBBBBBBBBBBBBBBBBBBBBBBBBBBBBBBBBBBBBBBBBBBBBBBBBBBBBBBBBBBBBBBBBBBBBBBBBBBBBBBBBBBBBBBBBBBBBBBBBBBBBBBBBBBBBBBBBBBBBBBBBBBBBBBBBBBBBBBBBBBBBBBBBBBBBBBBBBBBBBBBBBBBBBBBBBBBBBBBBBBBBBBBBBBBBBBBBBBBBBBBBBBBBBBBBBBBBBBBBBBBBBBBBBBBBBBBBBBBBBBBBBBBBBBBBBBBBBBBBBBBBBBBBBBBBBBBBBBBBBBBBBBBBBBBBBBBBBBBBBBBBBBBBBBBBBBBBBBBBBBBBBBBBBBBBBBBBBBBBBBBBBBBBBBBBBBBBBBBBBBBBBBBBBBBBBBBBBBBBBBBBBBBBBBBBBBBBBBBBBBBBBBBBBBBBBBBBBBBBBBBBBBBBBBBBBBBBBBBBBBBBBBBBBBBBBBBBBBBBBBBBBBBBBBBBBBBBBBBBBBBBBBBBBBBBBBBBBBBBBBBBBBBBBBBBBBBBBBBBBBBBBBBBBBBBBBBBBBBBBBBBBBBBBBBBBBBBBBBBBBBBBBBBBBBBBBBBBBBBBBBBBBBBBBBBBBBBBBBBBBBBBBBBBBBBBBBBBBBBBBBBBBBBBBBBBBBBBBBBBBBBBBBBBBBBBBBBBBBBBBBBBBBBBBBBBBBBBBBBBBBBBBBBBBBBBBBBBBBBBBBBBBBBBBBBBBBBBBBBBBBBBBBBBBBBBBBBBBBBBBBBBBBBBBBBBBBBBBBBBBBBBBBBBBBBBBBBBBBBBBBBBBBBBBBBBBBBBBBBBBBBBBBBBBBBBBBBBBBBBBBBBBBBBBBBBBBBBBBBBBBBBBBBBBBBBBBBBBBBBBBBBBBBBBBBBBBBBBBBBBBBBBBBBBBBBBBBBBBBBBBBBBBBBBBBBBBBBBBBBBBBBBBBBBBBBBBBBBBBBBBBBBBBBBBBBBBBBBBBBBBBBBBBBBBBBBBBBBBBBBBBBBBBBBBBBBBBBBBBBBBBBBBBBBBBBBBBBBBBBBBBBBBBBBBBBBBBBBBBBBBBBBBBBBBBBBBBBBBBBBBBBBBBBBBBBBBBBBBBBBBBBBBBBBBBBBBBBBBBBBBBBBBBBBBBBBBBBBBBBBBBBBBBBBBBBBBBBBBBBBBBBBBBBBBBBBBBBBBBBBBBBBBBBBBBBBBBBBBBBBBBBBBBBBBBBBBBBBBBBBBBBBBBBBBBBBBBBBBBBBBBBBBBBBBBBBBBBBBBBBBBBBBBBBBBBBBBBBBBBBBBBBBBBBBBBBBBBBBBBBBBBBBBBBBBBBBBBBBBBBBBBBBBBBBBBBBBBBBBBBBBBBBBBBBBBBBBBBBBBBBBBBBBBBBBBBBBBBBBBBBBBBBBBBBBBBBBBBBBBBBBBBBBBBBBBBBBBBBBBBBBBBBBBBBBBBBBBBBBBBBBBBBBBBBBBBBBBBBBBBBBBBBBBBBBBBBBBBBBBBBBBBBBBBBBBBBBBBBBBBBBBBBBBBBBBBBBBBBBBBBBBBBBBBBBBBBBBBBBBBBBBBBBBBBBBBBBBBBBBBBBBBBBBBBBBBBBBBBBBBBBBBBBBBBBBBBBBBBBBBBBBBBBBBBBBBBBBBBBBBBBBBBBBBBBBBBBBBBBBBBBBBBBBBBBBBBBBBBBBBBBBBBBBBBBBBBBBBBBBBBBBBBBBBBBBBBBBBBBBBBBBBBBBBBBBBBBBBBBBBBBBBBBBBBBBBBBBBBBBBBBBBBBBBBBBBBBBBBBBBBBBBBBBBBBBBBBBBBBBBBBBBBBBBBBBBBBBBBBBBBBBBBBBBBBBBBBBBBBBBBBBBBBBBBBBBBBBBBBBBBBBBBBBBBBBBBBBBBBBBBBBBBBBBBBBBBBBBBBBBBBBBBBBBBBBBBBBBBBBBBBBBBBBBBBBBBBBBBBBBBBBBBBBBBBBBBBBBBBBBBBBBBBBBBBBBBBBBBBBBBBBBBBBBBBBBBBBBBBBBBBBBBBBBBBBBBBBBBBBBBBBBBBBBBBBBBBBBBBBBBBBBBBBBBBBBBBBBBBBBBBBBBBBBBBBBBBBBBBBBBBBBBBBBBBBBBBBBBBBBBBBBBBBBBBBBBBBBBBBBBBBBBBBBBBBBBBBBBBBBBBBBBBBBBBBBBBBBBBBBBBBBBBBBBBBBBBBBBBBBBBBBBBBBBBBBBBBBBBBBBBBBBBBBBBBBBBBBBBBBBBBBBBBBBBBBBBBBBBBBBBBBBBBBBBBBBBBBBBBBBBBBBBBBBBBBBBBBBBBBBBBBBBBBBBBBBBBBBBBBBBBBBBBBBBBBBBBBBBBBBBBBBBBBBBBBBBBBBBBBBBBBBBBBBBBBBBBBBBBBBBBBBBBBBBBBBBBBBBBBBBBBBBBBBBBBBBBBBBBBBBBBBBBBBBBBBBBBBBBBBBBBBBBBBBBBBBBBBBBBBBBBBBBBBBBBBBBBBBBBBBBBBBBBBBBBBBBBBBBBBBBBBBBBBBBBBBBBBBBBBBBBBBBBBBBBBBBBBBBBBBBBBBBBBBBBBBBBBBBBBBBBBBBBBBBBBBBBBBBBBBBBBBBBBBBBBBBBBBBBBBBBBBBBBBBBBBBBBBBBBBBBBBBBBBBBBBBBBBBBBBBBBBBBBBBBBBBBBBBBBBBBBBBBBBBBBBBBBBBBBBBBBBBBBBBBBBBBBBBBBBBBBBBBBBBBBBBBBBBBBBBBBBBBBBBBBBBBBBBBBBBBBBBBBBBBBBBBBBBBBBBBBBBBBBBBBBBBBBBBBBBBBBBBBBBBBBBBBBBBBBBBBBBBBBBBBBBBBBBBBBBBBBBBBBBBBBBBBBBBBBBBBBBBBBBBBBBBBBBBBBBBBBBBBBBBBBBBBBBBBBBBBBBBBBBBBBBBBBBBBBBBBBBBBBBBBBBBBBBBBBBBBBBBBBBBBBBBBBBBBBBBBBBBBBBBBBBBBBBBBBBBBBBBBBBBBBBBBBBBBBBBBBBBBBBBBBBBBBBBBBBBBBBBBBBBBBBBBBBBBBBBBBBBBBBBBBBBBBBBBBBBBBBBBBBBBBBBBBBBBBBBBBBBBBBBBBBBBBBBBBBBBBBBBBBBBBBBBBBBBBBBBBBBBBBBBBBBBBBBBBBBBBBBBBBBBBBBBBBBBBBBBBBBBBBBBBBBBBBBBBBBBBBBBBBBBBBBBBBBBBBBBBBBBBBBBBBBBBBBBBBBBBBBBBBBBBBBBBBBBBBBBBBBBBBBBBBBBBBBBBBBBBBBBBBBBBBBBBBBBBBBBBBBBBBBBBBBBBBBBBBBBBBBBBBBBBBBBBBBBBBBBBBBBBBBBBBBBBBBBBBBBBBBBBBBBBBBBBBBBBBBBBBBBBBBBBBBBBBBBBBBBBBBBBBBBBBBBBBBBBBBBBBBBBBBBBBBBBBBBBBBBBBBBBBBBBBBBBBBBBBBBBBBBBBBBBBBBBBBBBBBBBBBBBBBBBBBBBBBBBBBBBBBBBBBBBBBBBBBBBBBBBBBBBBBBBBBBBBBBBBBBBBBBBBBBBBBBBBBBBBBBBBBBBBBBBBBBBBBBBBBBBBBBBBBBBBBBBBBBBBBBBBBBBBBBBBBBBBBBBBBBBBBBBBBBBBBBBBBBBBBBBBBBBBBBBBBBBBBBBBBBBBBBBBBBBBBBBBBBBBBBBBBBBBBBBBBBBBBBBBBBBBBBBBBBBBBBBBBBBBBBBBBBBBBBBBBBBBBBBBBBBBBBBBBBBBBBBBBBBBBBBBBBBBBBBBBBBBBBBBBBBBBBBBBBBBBBBBBBBBBBBBBBBBBBBBBBBBBBBBBBBBBBBBBBBBBBBBBBBBBBBBBBBBBBBBBBBBBBBBBBBBBBBBBBBBBBBBBBBBBBBBBBBBBBBBBBBBBBBBBBBBBBBBBBBBBBBBBBBBBBBBBBBBBBBBBBBBBBBBBBBBBBBBBBBBBBBBBBBBBBBBBBBBBBBBBBBBBBBBBBBBBBBBBBBBBBBBBBBBBBBBBBBBBBBBBBBBBBBBBBBBBBBBBBBBBBBBBBBBBBBBBBBBBBBBBBBBBBBBBBBBBBBBBBBBBBBBBBBBBBBBBBBBBBBBBBBBBBBBBBBBBBBBBBBBBBBBBBBBBBBBBBBBBBBBBBBBBBBBBBBBBBBBBBBBBBBBBBBBBBBBBBBBBBBBBBBBBBBBBBBBBBBBBBBBBBBBBBBBBBBBBBBBBBBBBBBBBBBBBBBBBBBBBBBBBBBBBBBBBBBBBBBBBBBBBBBBBBBBBBBBBBBBBBBBBBBBBBBBBBBBBBBBBBBBBBBBBBBBBBBBBBBBBBBBBBBBBBBBBBBBBBBBBBBBBBBBBBBBBBBBBBBBBBBBBBBBBBBBBBBBBBBBBBBBBBBBBBBBBBBBBBBBBBBBBBBBBBBBBBBBBBBBBBBBBBBBBBBBBBBBBBBBBBBBBBBBBBBBBBBBBBBBBBBBBBBBBBBBBBBBBBBBBBBBBBBBBBBBBBBBBBBBBBBBBBBBBBBBBBBBBBBBBBBBBBBBBBBBBBBBBBBBBBBBBBBBBBBBBBBBBBBBBBBBBBBBBBBBBBBBBBBBBBBBBBBBBBBBBBBBBBBBBBBBBBBBBBBBBBBBBBBBBBBBBBBBBBBBBBBBBBBBBBBBBBBBBBBBBBBBBBBBBBBBBBBBBBBBBBBBBBBBBBBBBBBBBBBBBBBBBBBBBBBBBBBBBBBBBBBBBBBBBBBBBBBBBBBBBBBBBBBBBBBBBBBBBBBBBBBBBBBBBBBBBBBBBBBBBBBBBBBBBBBBBBBBBBBBBBBBBBBBBBBBBBBBBBBBBBBBBBBBBBBBBBBBBBBBBBBBBBBBBBBBBBBBBBBBBBBBBBBBBBBBBBBBBBBBBBBBBBBBBBBBBBBBBBBBBBBBBBBBBBBBBBBBBBBBBBBBBBBBBBBBBBBBBBBBBBBBBBBBBBBBBBBBBBBBBBBBBBBBBBBBBBBBBBBBBBBBBBBBBBBBBBBBBBBBBBBBBBBBBBBBBBBBBBBBBBBBBBBBBBBBBBBBBBBBBBBBBBBBBBBBBBBBBBBBBBBBBBBBBBBBBBBBBBBBBBBBBBBBBBBBBBBBBBBBBBBBBBBBBBBBBBBBBBBBBBBBBBBBBBBBBBBBBBBBBBBBBBBBBBBBBBBBBBBBBBBBBBBBBBBBBBBBBBBBBBBBBBBBBBBBBBBBBBBBBBBBBBBBBBBBBBBBBBBBBBBBBBBBBBBBBBBBBBBBBBBBBBBBBBBBBBBBBBBBBBBBBBBBBBBBBBBBBBBBBBBBBBBBBBBBBBBBBBBBBBBBBBBBBBBBBBBBBBBBBBBBBBBBBBBBBBBBBBBBBBBBBBBBBBBBBBBBBBBBBBBBBBBBBBBBBBBBBBBBBBBBBBBBBBBBBBBBBBBBBBBBBBBBBBBBBBBBBBBBBBBBBBBBBBBBBBBBBBBBBBBBBBBBBBBBBBBBBBBBBBBBBBBBBBBBBBBBBBBBBBBBBBBBBBBBBBBBBBBBBBBBBBBBBBBBBBBBBBBBBBBBBBBBBBBBBBBBBBBBBBBBBBBBBBBBBBBBBBBBBBBBBBBBBBBBBBBBBBBBBBBBBBBBBBBBBBBBBBBBBBBBBBBBBBBBBBBBBBBBBBBBBBBBBBBBBBBBBBBBBBBBBBBBBBBBBBBBBBBBBBBBBBBBBBBBBBBBBBBBBBBBBBBBBBBBBBBBBBBBBBBBBBBBBBBBBBBBBBBBBBBBBBBBBBBBBBBBBBBBBBBBBBBBBBBBBBBBBBBBBBBBBBBBBBBBBBBBBBBBBBBBBBBBBBBBBBBBBBBBBBBBBBBBBBBBBBBBBBBBBBBBBBBBBBBBBBBBBBBBBBBBBBBBBBBBBBBBBBBBBBBBBBBBBBBBBBBBBBBBBBBBBBBBBBBBBBBBBBBBBBBBBBBBBBBBBBBBBBBBBBBBBBBBBBBBBBBBBBBBBBBBBBBBBBBBBBBBBBBBBBBBBBBBBBBBBBBBBBBBBBBBBBBBBBBBBBBBBBBBBBBBBBBBBBBBBBBBBBBBBBBBBBBBBBBBBBBBBBBBBBBBBBBBBBBBBBBBBBBBBBBBBBBBBBBBBBBBBBBBBBBBBBBBBBBBBBBBBBBBBBBBBBBBBBBBBBBBBBBBBBBBBBBBBBBBBBBBBBBBBBBBBBBBBBBBBBBBBBBBBBBBBBBBBBBBBBBBBBBBBBBBBBBBBBBBBBBBBBBBBBBBBBBBBBBBBBBBBBBBBBBBBBBBBBBBBBBBBBBBBBBBBBBBBBBBBBBBBBBBBBBBBBBBBBBBBBBBBBBBBBBBBBBBBBBBBBBBBBBBBBBBBBBBBBBBBBBBBBBBBBBBBBBBBBBBBBBBBBBBBBBBBBBBBBBBBBBBBBBBBBBBBBBBBBBBBBBBBBBBBBBBBBBBBBBBBBBBBBBBBBBBBBBBBBBBBBBBBBBBBBBBBBBBBBBBBBBBBBBBBBBBBBBBBBBBBBBBBBBBBBBBBBBBBBBBBBBBBBBBBBBBBBBBBBBBBBBBBBBBBBBBBBBBBBBBBBBBBBBBBBBBBBBBBBBBBBBBBBBBBBBBBBBBBBBBBBBBBBBBBBBBBBBBBBBBBBBBBBBBBBBBBBBBBBBBBBBBBBBBBBBBBBBBBBBBBBBBBBBBBBBBBBBBBBBBBBBBBBBBBBBBBBBBBBBBBBBBBBBBBBBBBBBBBBBBBBBBBBBBBBBBBBBBBBBBBBBBBBBBBBBBBBBBBBBBBBBBBBBBBBBBBBBBBBBBBBBBBBBBBBBBBBBBBBBBBBBBBBBBBBBBBBBBBBBBBBBBBBBBBBBBBBBBBBBBBBBBBBBBBBBBBBBBBBBBBBBBBBBBBBBBBBBBBBBBBBBBBBBBBBBBBBBBBBBBBBBBBBBBBBBBBBBBBBBBBBBBBBBBBBBBBBBBBBBBBBBBBBBBBBBBBBBBBBBBBBBBBBBBBBBBBBBBBBBBBBBBBBBBBBBBBBBBBBBBBBBBBBBBBBBBBBBBBBBBBBBBBBBBBBBBBBBBBBBBBBBBBBBBBBBBBBBBBBBBBBBBBBBBBBBBBBBBBBBBBBBBBBBBBBBBBBBBBBBBBBBBBBBBBBBBBBBBBBBBBBBBBBBBBBBBBBBBBBBBBBBBBBBBBBBBBBBBBBBBBBBBBBBBBBBBBBBBBBBBBBBBBBBBBBBBBBBBBBBBBBBBBBBBBBBBBBBBBBBBBBBBBBBBBBBBBBBBBBBBBBBBBBBBBBBBBBBBBBBBBBBBBBBBBBBBBBBBBBBBBBBBBBBBBBBBBBBBBBBBBBBBBBBBBBBBBBBBBBBBBBBBBBBBBBBBBBBBBBBBBBBBBBBBBBBBBBBBBBBBBBBBBBBBBBBBBBBBBBBBBBBBBBBBBBBBBBBBBBBBBBBBBBBBBBBBBBBBBBBBBBBBBBBBBBBBBBBBBBBBBBBBBBBBBBBBBBBBBBBBBBBBBBBBBBBBBBBBBBBBBBBBBBBBBBBBBBBBBBBBBBBBBBBBBBBBBBBBBBBBBBBBBBBBBBBBBBBBBBBBBBBBBBBBBBBBBBBBBBBBBBBBBBBBBBBBBBBBBBBBBBBBBBBBBBBBBBBBBBBBBBBBBBBBBBBBBBBBBBBBBBBBBBBBBBBBBBBBBBBBBBBBBBBBBBBBBBBBBBBBBBBBBBBBBBBBBBBBBBBBBBBBBBBBBBBBBBBBBBBBBBBBBBBBBBBBBBBBBBBBBBBBBBBBBBBBBBBBBBBBBBBBBBBBBBBBBBBBBBBBBBBBBBBBBBBBBBBBBBBBBBBBBBBBBBBBBBBBBBBBBBBBBBBBBBBBBBBBBBBBBBBBBBBBBBBBBBBBBBBBBBBBBBBBBBBBBBBBBBBBBBBBBBBBBBBBBBBBBBBBBBBBBBBBBBBBBBBBBBBBBBBBBBBBBBBBBBBBBBBBBBBBBBBBBBBBBBBBBBBBBBBBBBBBBBBBBBBBBBBBBBBBBBBBBBBBBBBBBBBBBBBBBBBBBBBBBBBBBBBBBBBBBBBBBBBBBBBBBBBBBBBBBBBBBBBBBBBBBBBBBBBBBBBBBBBBBBBBBBBBBBBBBBBBBBBBBBBBBBBBBBBBBBBBBBBBBBBBBBBBBBBBBBBBBBBBBBBBBBBBBBBBBBBBBBBBBBBBBBBBBBBBBBBBBBBBBBBBBBBBBBBBBBBBBBBBBBBBBBBBBBBBBBBBBBBBBBBBBBBBBBBBBBBBBBBBBBBBBBBBBBBBBBBBBBBBBBBBBBBBBBBBBBBBBBBBBBBBBBBBBBBBBBBBBBBBBBBBBBBBBBBBBBBBBBBBBBBBBBBBBBBBBBBBBBBBBBBBBBBBBBBBBBBBBBBBBBBBBBBBBBBBBBBBBBBBBBBBBBBBBBBBBBBBBBBBBBBBBBBBBBBBBBBBBBBBBBBBBBBBBBBBBBBBBBBBBBBBBBBBBBBBBBBBBBBBBBBBBBBBBBBBBBBBBBBBBBBBBBBBBBBBBBBBBBBBBBBBBBBBBBBBBBBBBBBBBBBBBBBBBBBBBBBBBBBBBBBBBBBBBBBBBBBBBBBBBBBBBBBBBBBBBBBBBBBBBBBBBBBBBBBBBBBBBBBBBBBBBBBBBBBBBBBBBBBBBBBBBBBBBBBBBBBBBBBBBBBBBBBBBBBBBBBBBBBBBBBBBBBBBBBBBBBBBBBBBBBBBBBBBBBBBBBBBBBBBBBBBBBBBBBBBBBBBBBBBBBBBBBBBBBBBBBBBBBBBBBBBBBBBBBBBBBBBBBBBBBBBBBBBBBBBBBBBBBBBBBBBBBBBBBBBBBBBBBBBBBBBBBBBBBBBBBBBBBBBBBBBBBBBBBBBBBBBBBBBBBBBBBBBBBBBBBBBBBBBBBBBBBBBBBBBBBBBBBBBBBBBBBBBBBBBBBBBBBBBBBBBBBBBBBBBBBBBBBBBBBBBBBBBBBBBBBBBBBBBBBBBBBBBBBBBBBBBBBBBBBBBBBBBBBBBBBBBBBBBBBBBBBBBBBBBBBBBBBBBBBBBBBBBBBBBBBBBBBBBBBBBBBBBBBBBBBBBBBBBBBBBBBBBBBBBBBBBBBBBBBBBBBBBBBBBBBBBBBBBBBBBBBBBBBBBBBBBBBBBBBBBBBBBBBBBBBBBBBBBBBBBBBBBBBBBBBBBBBBBBBBBBBBBBBBBBBBBBBBBBBBBBBBBBBBBBBBBBBBBBBBBBBBBBBBBBBBBBBBBBBBBBBBBBBBBBBBBBBBBBBBBBBBBBBBBBBBBBBBBBBBBBBBBBBBBBBBBBBBBBBBBBBBBBBBBBBBBBBBBBBBBBBBBBBBBBBBBBBBBBBBBBBBBBBBBBBBBBBBBBBBBBBBBBBBBBBBBBBBBBBBBBBBBBBBBBBBBBBBBBBBBBBBBBBBBBBBBBBBBBBBBBBBBBBBBBBBBBBBBBBBBBBBBBBBBBBBBBBBBBBBBBBBBBBBBBBBBBBBBBBBBBBBBBBBBBBBBBBBBBBBBBBBBBBBBBBBBBBBBBBBBBBBBBBBBBBBBBBBBBBBBBBBBBBBBBBBBBBBBBBBBBBBBBBBBBBBBBBBBBBBBBBBBBBBBBBBBBBBBBBBBBBBBBBBBBBBBBBBBBBBBBBBBBBBBBBBBBBBBBBBBBBBBBBBBBBBBBBBBBBBBBBBBBBBBBBBBBBBBBBBBBBBBBBBBBBBBBBBBBBBBBBBBBBBBBBBBBBBBBBBBBBBBBBBBBBBBBBBBBBBBBBBBBBBBBBBBBBBBBBBBBBBBBBBBBBBBBBBBBBBBBBBBBBBBBBBBBBBBBBBBBBBBBBBBBBBBBBBBBBBBBBBBBBBBBBBBBBBBBBBBBBBBBBBBBBBBBBBBBBBBBBBBBBBBBBBBBBBBBBBBBBBBBBBBBBBBBBBBBBBBBBBBBBBBBBBBBBBBBBBBBBBBBBBBBBBBBBBBBBBBBBBBBBBBBBBBBBBBBBBBBBBBBBBBBBBBBBBBBBBBBBBBBBBBBBBBBBBBBBBBBBBBBBBBBBBBBBBBBBBBBBBBBBBBBBBBBBBBBBBBBBBBBBBBBBBBBBBBBBBBBBBBBBBBBBBBBBBBBBBBBBBBBBBBBBBBBBBBBBBBBBBBBBBBBBBBBBBBBBBBBBBBBBBBBBBBBBBBBBBBBBBBBBBBBBBBBBBBBBBBBBBBBBBBBBBBBBBBBBBBBBBBBBBBBBBBBBBBBBBBBBBBBBBBBBBBBBBBBBBBBBBBBBBBBBBBBBBBBBBBBBBBBBBBBBBBBBBBBBBBBBBBBBBBBBBBBBBBBBBBBBBBBBBBBBBBBBBBBBBBBBBBBBBBBBBBBBBBBBBBBBBBBBBBBBBBBBBBBBBBBBBBBBBBBBBBBBBBBBBBBBBBBBBBBBBBBBBBBBBBBBBBBBBBBBBBBBBBBBBBBBBBBBBBBBBBBBBBBBBBBBBBBBBBBBBBBBBBBBBBBBBBBBBBBBBBBBBBBBBBBBBBBBBBBBBBBBBBBBBBBBBBBBBBBBBBBBBBBBBBBBBBBBBBBBBBBBBBBBBBBBBBBBBBBBBBBBBBBBBBBBBBBBBBBBBBBBBBBBBBBBBBBBBBBBBBBBBBBBBBBBBBBBBBBBBBBBBBBBBBBBBBBBBBBBBBBBBBBBBBBBBBBBBBBBBBBBBBBBBBBBBBBBBBBBBBBBBBBBBBBBBBBBBBBBBBBBBBBBBBBBBBBBBBBBBBBBBBBBBBBBBBBBBBBBBBBBBBBBBBBBBBBBBBBBBBBBBBBBBBBBBBBBBBBBBBBBBBBBBBBBBBBBBBBBBBBBBBBBBBBBBBBBBBBBBBBBBBBBBBBBBBBBBBBBBBBBBBBBBBBBBBBBBBBBBBBBBBBBBBBBBBBBBBBBBBBBBBBBBBBBBBBBBBBBBBBBBBBBBBBBBBBBBBBBBBBBBBBBBBBBBBBBBBBBBBBBBBBBBBBBBBBBBBBBBBBBBBBBBBBBBBBBBBBBBBBBBBBBBBBBBBBBBBBBBBBBBBBBBBBBBBBBBBBBBBBBBBBBBBBBBBBBBBBBBBBBBBBBBBBBBBBBBBBBBBBBBBBBBBBBBBBBBBBBBBBBBBBBBBBBBBBBBBBBBBBBBBBBBBBBBBBBBBBBBBBBBBBBBBBBBBBBBBBBBBBBBBBBBBBBBBBBBBBBBBBBBBBBBBBBBBBBBBBBBBBBBBBBBBBBBBBBBBBBBBBBBBBBBBBBBBBBBBBBBBBBBBBBBBBBBBBBBBBBBBBBBBBBBBBBBBBBBBBBBBBBBBBBBBBBBBBBBBBBBBBBBBBBBBBBBBBBBBBBBBBBBBBBBBBBBBBBBBBBBBBBBBBBBBBBBBBBBBBBBBBBBBBBBBBBBBBBBBBBBBBBBBBBBBBBBBBBBBBBBBBBBBBBBBBBBBBBBBBBBBBBBBBBBBBBBBBBBBBBBBBBBBBBBBBBBBBBBBBBBBBBBBBBBBBBBBBBBBBBBBBBBBBBBBBBBBBBBBBBBBBBBBBBBBBBBBBBBBBBBBBBBBBBBBBBBBBBBBBBBBBBBBBBBBBBBBBBBBBBBBBBBBBBBBBBBBBBBBBBBBBBBBBBBBBBBBBBBBBBBBBBBBBBBBBBBBBBBBBBBBBBBBBBBBBBBBBBBBBBBBBBBBBBBBBBBBBBBBBBBBBBBBBBBBBBBBBBBBBBBBBBBBBBBBBBBBBBBBBBBBBBBBBBBBBBBBBBBBBBBBBBBBBBBBBBBBBBBBBBBBBBBBBBBBBBBBBBBBBBBBBBBBBBBBBBBBBBBBBBBBBBBBBBBBBBBBBBBBBBBBBBBBBBBBBBBBBBBBBBBBBBBBBBBBBBBBBBBBBBBBBBBBBBBBBBBBBBBBBBBBBBBBBBBBBBBBBBBBBBBBBBBBBBBBBBBBBBBBBBBBBBBBBBBBBBBBBBBBBBBBBBBBBBBBBBBBBBBBBBBBBBBBBBBBBBBBBBBBBBBBBBBBBBBBBBBBBBBBBBBBBBBBBBBBBBBBBBBBBBBBBBBBBBBBBBBBBBBBBBBBBBBBBBBBBBBBBBBBBBBBBBBBBBBBBBBBBBBBBBBBBBBBBBBBBBBBBBBBBBBBBBBBBBBBBBBBBBBBBBBBBBBBBBBBBBBBBBBBBBBBBBBBBBBBBBBBBBBBBBBBBBBBBBBBBBBBBBBBBBBBBBBBBBBBBBBBBBBBBBBBBBBBBBBBBBBBBBBBBBBBBBBBBBBBBBBBBBBBBBBBBBBBBBBBBBBBBBBBBBBBBBBBBBBBBBBBBBBBBBBBBBBBBBBBBBBBBBBBBBBBBBBBBBBBBBBBBBBBBBBBBBBBBBBBBBBBBBBBBBBBBBBBBBBBBBBBBBBBBBBBBBBBBBBBBBBBBBBBBBBBBBBBBBBBBBBBBBBBBBBBBBBBBBBBBBBBBBBBBBBBBBBBBBBBBBBBBBBBBBBBBBBBBBBBBBBBBBBBBBBBBBBBBBBBBBBBBBBBBBBBBBBBBBBBBBBBBBBBBBBBBBBBBBBBBBBBBBBBBBBBBBBBBBBBBBBBBBBBBBBBBBBBBBBBBBBBBBBBBBBBBBBBBBBBBBBBBBBBBBBBBBBBBBBBBBBBBBBBBBBBBBBBBBBBBBBBBBBBBBBBBBBBBBBBBBBBBBBBBBBBBBBBBBBBBBBBBBBBBBBBBBBBBBBBBBBBBBBBBBBBBBBBBBBBBBBBBBBBBBBBBBBBBBBBBBBBBBBBBBBBBBBBBBBBBBBBBBBBBBBBBBBBBBBBBBBBBBBBBBBBBBBBBBBBBBBBBBBBBBBBBBBBBBBBBBBBBBBBBBBBBBBBBBBBBBBBBBBBBBBBBBBBBBBBBBBBBBBBBBBBBBBBBBBBBBBBBBBBBBBBBBBBBBBBBBBBBBBBBBBBBBBBBBBBBBBBBBBBBBBBBBBBBBBBBBBBBBBBBBBBBBBBBBBBBBBBBBBBBBBBBBBBBBBBBBBBBBBBBBBBBBBBBBBBBBBBBBBBBBBBBBBBBBBBBBBBBBBBBBBBBBBBBBBBBBBBBBBBBBBBBBBBBBBBBBBBBBBBBBBBBBBBBBBBBBBBBBBBBBBBBBBBBBBBBBBBBBBBBBBBBBBBBBBBBBBBBBBBBBBBBBBBBBBBBBBBBBBBBBBBBBBBBBBBBBBBBBBBBBBBBBBBBBBBBBBBBBBBBBBBBBBBBBBBBBBBBBBBBBBBBBBBBBBBBBBBBBBBBBBBBBBBBBBBBBBBBBBBBBBBBBBBBBBBBBBBBBBBBBBBBBBBBBBBBBBBBBBBBBBBBBBBBBBBBBBBBBBBBBBBBBBBBBBBBBBBBBBBBBBBBBBBBBBBBBBBBBBBBBBBBBBBBBBBBBBBBBBBBBBBBBBBBBBBBBBBBBBBBBBBBBBBBBBBBBBBBBBBBBBBBBBBBBBBBBBBBBBBBBBBBBBBBBBBBBBBBBBBBBBBBBBBBBBBBBBBBBBBBBBBBBBBBBBBBBBBBBBBBBBBBBBBBBBBBBBBBBBBBBBBBBBBBBBBBBBBBBBBBBBBBBBBBBBBBBBBBBBBBBBBBBBBBBBBBBBBBBBBBBBBBBBBBBBBBBBBBBBBBBBBBBBBBBBBBBBBBBBBBBBBBBBBBBBBBBBBBBBBBBBBBBBBBBBBBBBBBBBBBBBBBBBBBBBBBBBBBBBBBBBBBBBBBBBBBBBBBBBBBBBBBBBBBBBBBBBBBBBBBBBBBBBBBBBBBBBBBBBBBBBBBBBBBBBBBBBBBBBBBBBBBBBBBBBBBBBBBBBBBBBBBBBBBBBBBBBBBBBBBBBBBBBBBBBBBBBBBBBBBBBBBBBBBBBBBBBBBBBBBBBBBBBBBBBBBBBBBBBBBBBBBBBBBBBBBBBBBBBBBBBBBBBBBBBBBBBBBBBBBBBBBBBBBBBBBBBBBBBBBBBBBBBBBBBBBBBBBBBBBBBBBBBBBBBBBBBBBBBBBBBBBBBBBBBBBBBBBBBBBBBBBBBBBBBBBBBBBBBBBBBBBBBBBBBBBBBBBBBBBBBBBBBBBBBBBBBBBBBBBBBBBBBBBBBBBBBBBBBBBBBBBBBBBBBBBBBBBBBBBBBBBBBBBBBBBBBBBBBBBBBBBBBBBBBBBBBBBBBBBBBBBBBBBBBBBBBBBBBBBBBBBBBBBBBBBBBBBBBBBBBBBBBBBBBBBBBBBBBBBBBBBBBBBBBBBBBBBBBBBBBBBBBBBBBBBBBBBBBBBBBBBBBBBBBBBBBBBBBBBBBBBBBBBBBBBBBBBBBBBBBBBBBBBBBBBBBBBBBBBBBBBBBBBBBBBBBBBBBBBBBBBBBBBBBBBBBBBBBBBBBBBBBBBBBBBBBBBBBBBBBBBBBBBBBBBBBBBBBBBBBBBBBBBBBBBBBBBBBBBBBBBBBBBBBBBBBBBBBBBBBBBBBBBBBBBBBBBBBBBBBBBBBBBBBBBBBBBBBBBBBBBBBBBBBBBBBBBBBBBBBBBBBBBBBBBBBBBBBBBBBBBBBBBBBBBBBBBBBBBBBBBBBBBBBBBBBBBBBBBBBBBBBBBBBBBBBBBBBBBBBBBBBBBBBBBBBBBBBBBBBBBBBBBBBBBBBBBBBBBBBBBBBBBBBBBBBBBBBBBBBBBBBBBBBBBBBBBBBBBBBBBBBBBBBBBBBBBBBBBBBBBBBBBBBBBBBBBBBBBBBBBBBBBBBBBBBBBBBBBBBBBBBBBBBBBBBBBBBBBBBBBBBBBBBBBBBBBBBBBBBBBBBBBBBBBBBBBBBBBBBBBBBBBBBBBBBBBBBBBBBBBBBBBBBBBBBBBBBBBBBBBBBBBBBBBBBBBBBBBBBBBBBBBBBBBBBBBBBBBBBBBBBBBBBBBBBBBBBBBBBBBBBBBBBBBBBBBBBBBBBBBBBBBBBBBBBBBBBBBBBBBBBBBBBBBBBBBBBBBBBBBBBBBBBBBBBBBBBBBBBBBBBBBBBBBBBBBBBBBBBBBBBBBBBBBBBBBBBBBBBBBBBBBBBBBBBBBBBBBBBBBBBBBBBBBBBBBBBBBBBBBBBBBBBBBBBBBBBBBBBBBBBBBBBBBBBBBBBBBBBBBBBBBBBBBBBBBBBBBBBBBBBBBBBBBBBBBBBBBBBBBBBBBBBBBBBBBBBBBBBBBBBBBBBBBBBBBBBBBBBBBBBBBBBBBBBBBBBBBBBBBBBBBBBBBBBBBBBBBBBBBBBBBBBBBBBBBBBBBBBBBBBBBBBBBBBBBBBBBBBBBBBBBBBBBBBBBBBBBBBBBBBBBBBBBBBBBBBBBBBBBBBBBBBBBBBBBBBBBBBBBBBBBBBBBBBBBBBBBBBBBBBBBBBBBBBBBBBBBBBBBBBBBBBBBBBBBBBBBBBBBBBBBBBBBBBBBBBBBBBBBBBBBBBBBBBBBBBBBBBBBBBBBBBBBBBBBBBBBBBBBBBBBBBBBBBBBBBBBBBBBBBBBBBBBBBBBBBBBBBBBBBBBBBBBBBBBBBBBBBBBBBBBBBBBBBBBBBBBBBBBBBBBBBBBBBBBBBBBBBBBBBBBBBBBBBBBBBBBBBBBBBBBBBBBBBBBBBBBBBBBBBBBBBBBBBBBBBBBBBBBBBBBBBBBBBBBBBBBBBBBBBBBBBBBBBBBBBBBBBBBBBBBBBBBBBBBBBBBBBBBBBBBBBBBBBBBBBBBBBBBBBBBBBBBBBBBBBBBBBBBBBBBBBBBBBBBBBBBBBBBBBBBBBBBBBBBBBBBBBBBBBBBBBBBBBBBBBBBBBBBBBBBBBBBBBBBBBBBBBBBBBBBBBBBBBBBBBBBBBBBBBBBBBBBBBBBBBBBBBBBBBBBBBBBBBBBBBBBBBBBBBBBBBBBBBBBBBBBBBBBBBBBBBBBBBBBBBBBBBBBBBBBBBBBBBBBBBBBBBBBBBBBBBBBBBBBBBBBBBBBBBBBBBBBBBBBBBBBBBBBBBBBBBBBBBBBBBBBBBBBBBBBBBBBBBBBBBBBBBBBBBBBBBBBBBBBBBBBBBBBBBBBBBBBBBBBBBBBBBBBBBBBBBBBBBBBBBBBBBBBBBBBBBBBBBBBBBBBBBBBBBBBBBBBBBBBBBBBBBBBBBBBBBBBBBBBBBBBBBBBBBBBBBBBBBBBBBBBBBBBBBBBBBBBBBBBBBBBBBBBBBBBBBBBBBBBBBBBBBBBBBBBBBBBBBBBBBBBBBBBBBBBBBBBBBBBBBBBBBBBBBBBBBBBBBBBBBBBBBBBBBBBBBBBBBBBBBBBBBBBBBBBBBBBBBBBBBBBBBBBBBBBBBBBBBBBBBBBBBBBBBBBBBBBBBBBBBBBBBBBBBBBBBBBBBBBBBBBBBBBBBBBBBBBBBBBBBBBBBBBBBBBBBBBBBBBBBBBBBBBBBBBBBBBBBBBBBBBBBBBBBBBBBBBBBBBBBBBBBBBBBBBBBBBBBBBBBBBBBBBBBBBBBBBBBBBBBBBBBBBBBBBBBBBBBBBBBBBBBBBBBBBBBBBBBBBBBBBBBBBBBBBBBBBBBBBBBBBBBBBBBBBBBBBBBBBBBBBBBBBBBBBBBBBBBBBBBBBBBBBBBBBBBBBBBBBBBBBBBBBBBBBBBBBBBBBBBBBBBBBBBBBBBBBBBBBBBBBBBBBBBBBBBBBBBBBBBBBBBBBBBBBBBBBBBBBBBBBBBBBBBBBBBBBBBBBBBBBBBBBBBBBBBBBBBBBBBBBBBBBBBBBBBBBBBBBBBBBBBBBBBBBBBBBBBBBBBBBBBBBBBBBBBBBBBBBBBBBBBBBBBBBBBBBBBBBBBBBBBBBBBBBBBBBBBBBBBBBBBBBBBBBBBBBBBBBBBBBBBBBBBBBBBBBBBBBBBBBBBBBBBBBBBBBBBBBBBBBBBBBBBBBBBBBBBBBBBBBBBBBBBBBBBBBBBBBBBBBBBBBBBBBBBBBBBBBBBBBBBBBBBBBBBBBBBBBBBBBBBBBBBBBBBBBBBBBBBBBBBBBBBBBBBBBBBBBBBBBBBBBBBBBBBBBBBBBBBBBBBBBBBBBBBBBBBBBBBBBBBBBBBBBBBBBBBBBBBBBBBBBBBBBBBBBBBBBBBBBBBBBBBBBBBBBBBBBBBBBBBBBBBBBBBBBBBBBBBBBBBBBBBBBBBBBBBBBBBBBBBBBBBBBBBBBBBBBBBBBBBBBBBBBBBBBBBBBBBBBBBBBBBBBBBBBBBBBBBBBBBBBBBBBBBBBBBBBBBBBBBBBBBBBBBBBBBBBBBBBBBBBBBBBBBBBBBBBBBBBBBBBBBBBBBBBBBBBBBBBBBBBBBBBBBBBBBBBBBBBBBBBBBBBBBBBBBBBBBBBBBBBBBBBBBBBBBBBBBBBBBBBBBBBBBBBBBBBBBBBBBBBBBBBBBBBBBBBBBBBBBBBBBBBBBBBBBBBBBBBBBBBBBBBBBBBBBBBBBBBBBBBBBBBBBBBBBBBBBBBBBBBBBBBBBBBBBBBBBBBBBBBBBBBBBBBBBBBBBBBBBBBBBBBBBBBBBBBBBBBBBBBBBBBBBBBBBBBBBBBBBBBBBBBBBBBBBBBBBBBBBBBBBBBBBBBBBBBBBBBBBBBBBBBBBBBBBBBBBBBBBBBBBBBBBBBBBBBBBBBBBBBBBBBBBBBBBBBBBBBBBBBBBBBBBBBBBBBBBBBBBBBBBBBBBBBBBBBBBBBBBBBBBBBBBBBBBBBBBBBBBBBBBBBBBBBBBBBBBBBBBBBBBBBBBBBBBBBBBBBBBBBBBBBBBBBBBBBBBBBBBBBBBBBBBBBBBBBBBBBBBBBBBBBBBBBBBBBBBBBBBBBBBBBBBBBBBBBBBBBBBBBBBBBBBBBBBBBBBBBBBBBBBBBBBBBBBBBBBBBBBBBBBBBBBBBBBBBBBBBBBBBBBBBBBBBBBBBBBBBBBBBBBBBBBBBBBBBBBBBBBBBBBBBBBBBBBBBBBBBBBBBBBBBBBBBBBBBBBBBBBBBBBBBBBBBBBBBBBBBBBBBBBBBBBBBBBBBBBBBBBBBBBBBBBBBBBBBBBBBBBBBBBBBBBBBBBBBBBBBBBBBBBBBBBBBBBBBBBBBBBBBBBBBBBBBBBBBBBBBBBBBBBBBBBBBBBBBBBBBBBBBBBBBBBBBBBBBBBBBBBBBBBBBBBBBBBBBBBBBBBBBBBBBBBBBBBBBBBBBBBBBBBBBBBBBBBBBBBBBBBBBBBBBBBBBBBBBBBBBBBBBBBBBBBBBBBBBBBBBBBBBBBBBBBBBBBBBBBBBBBBBBBBBBBBBBBBBBBBBBBBBBBBBBBBBBBBBBBBBBBBBBBBBBBBBBBBBBBBBBBBBBBBBBBBBBBBBBBBBBBBBBBBBBBBBBBBBBBBBBBBBBBBBBBBBBBBBBBBBBBBBBBBBBBBBBBBBBBBBBBBBBBBBBBBBBBBBBBBBBBBBBBBBBBBBBBBBBBBBBBBBBBBBBBBBBBBBBBBBBBBBBBBBBBBBBBBBBBBBBBBBBBBBBBBBBBBBBBBBBBBBBBBBBBBBBBBBBBBBBBBBBBBBBBBBBBBBBBBBBBBBBBBBBBBBBBBBBBBBBBBBBBBBBBBBBBBBBBBBBBBBBBBBBBBBBBBBBBBBBBBBBBBBBBBBBBBBBBBBBBBBBBBBBBBBBBBBBBBBBBBBBBBBBBBBBBBBBBBBBBBBBBBBBBBBBBBBBBBBBBBBBBBBBBBBBBBBBBBBBBBBBBBBBBBBBBBBBBBBBBBBBBBBBBBBBBBBBBBBBBBBBBBBBBBBBBBBBBBBBBBBBBBBBBBBBBBBBBBBBBBBBBBBBBBBBBBBBBBBBBBBBBBBBBBBBBBBBBBBBBBBBBBBBBBBBBBBBBBBBBBBBBBBBBBBBBBBBBBBBBBBBBBBBBBBBBBBBBBBBBBBBBBBBBBBBBBBBBBBBBBBBBBBBBBBBBBBBBBBBBBBBBBBBBBBBBBBBBBBBBBBBBBBBBBBBBBBBBBBBBBBBBBBBBBBBBBBBBBBBBBBBBBBBBBBBBBBBBBBBBBBBBBBBBBBBBBBBBBBBBBBBBBBBBBBBBBBBBBBBBBBBBBBBBBBBBBBBBBBBBBBBBBBBBBBBBBBBBBBBBBBBBBBBBBBBBBBBBBBBBBBBBBBBBBBBBBBBBBBBBBBBBBBBBBBBBBBBBBBBBBBBBBBBBBBBBBBBBBBBBBBBBBBBBBBBBBBBBBBBBBBBBBBBBBBBBBBBBBBBBBBBBBBBBBBBBBBBBBBBBBBBBBBBBBBBBBBBBBBBBBBBBBBBBBBBBBBBBBBBBBBBBBBBBBBBBBBBBBBBBBBBBBBBBBBBBBBBBBBBBBBBBBBBBBBBBBBBBBBBBBBBBBBBBBBBBBBBBBBBBBBBBBBBBBBBBBBBBBBBBBBBBBBBBBBBBBBBBBBBBBBBBBBBBBBBBBBBBBBBBBBBBBBBBBBBBBBBBBBBBBBBBBBBBBBBBBBBBBBBBBBBBBBBBBBBBBBBBBBBBBBBBBBBBBBBBBBBBBBBBBBBBBBBBBBBBBBBBBBBBBBBBBBBBBBBBBBBBBBBBBBBBBBBBBBBBBBBBBBBBBBBBBBBBBBBBBBBBBBBBBBBBBBBBBBBBBBBBBBBBBBBBBBBBBBBBBBBBBBBBBBBBBBBBBBBBBBBBBBBBBBBBBBBBBBBBBBBBBBBBBBBBBBBBBBBBBBBBBBBBBBBBBBBBBBBBBBBBBBBBBBBBBBBBBBBBBBBBBBBBBBBBBBBBBBBBBBBBBBBBBBBBBBBBBBBBBBBBBBBBBBBBBBBBBBBBBBBBBBBBBBBBBBBBBBBBBBBBBBBBBBBBBBBBBBBBBBBBBBBBBBBBBBBBBBBBBBBBBBBBBBBBBBBBBBBBBBBBBBBBBBBBBBBBBBBBBBBBBBBBBBBBBBBBBBBBBBBBBBBBBBBBBBBBBBBBBBBBBBBBBBBBBBBBBBBBBBBBBBBBBBBBBBBBBBBBBBBBBBBBBBBBBBBBBBBBBBBBBBBBBBBBBBBBBBBBBBBBBBBBBBBBBBBBBBBBBBBBBBBBBBBBBBBBBBBBBBBBBBBBBBBBBBBBBBBBBBBBBBBBBBBBBBBBBBBBBBBBBBBBBBBBBBBBBBBBBBBBBBBBBBBBBBBBBBBBBBBBBBBBBBBBBBBBBBBBBBBBBBBBBBBBBBBBBBBBBBBBBBBBBBBBBBBBBBBBBBBBBBBBBBBBBBBBBBBBBBBBBBBBBBBBBBBBBBBBBBBBBBBBBBBBBBBBBBBBBBBBBBBBBBBBBBBBBBBBBBBBBBBBBBBBBBBBBBBBBBBBBBBBBBBBBBBBBBBBBBBBBBBBBBBBBBBBBBBBBBBBBBBBBBBBBBBBBBBBBBBBBBBBBBBBBBBBBBBBBBBBBBBBBBBBBBBBBBBBBBBBBBBBBBBBBBBBBBBBBBBBBBBBBBBBBBBBBBBBBBBBBBBBBBBBBBBBBBBBBBBBBBBBBBBBBBBBBBBBBBBBBBBBBBBBBBBBBBBBBBBBBBBBBBBBBBBBBBBBBBBBBBBBBBBBBBBBBBBBBBBBBBBBBBBBBBBBBBBBBBBBBBBBBBBBBBBBBBBBBBBBBBBBBBBBBBBBBBBBBBBBBBBBBBBBBBBBBBBBBBBBBBBBBBBBBBBBBBBBBBBBBBBBBBBBBBBBBBBBBBBBBBBBBBBBBBBBBBBBBBBBBBBBBBBBBBBBBBBBBBBBBBBBBBBBBBBBBBBBBBBBBBBBBBBBBBBBBBBBBBBBBBBBBBBBBBBBBBBBBBBBBBBBBBBBBBBBBBBBBBBBBBBBBBBBBBBBBBBBBBBBBBBBBBBBBBBBBBBBBBBBBBBBBBBBBBBBBBBBBBBBBBBBBBBBBBBBBBBBBBBBBBBBBBBBBBBBBBBBBBBBBBBBBBBBBBBBBBBBBBBBBBBBBBBBBBBBBBBBBBBBBBBBBBBBBBBBBBBBBBBBBBBBBBBBBBBBBBBBBBBBBBBBBBBBBBBBBBBBBBBBBBBBBBBBBBBBBBBBBBBBBBBBBBBBBBBBBBBBBBBBBBBBBBBBBBBBBBBBBBBBBBBBBBBBBBBBBBBBBBBBBBBBBBBBBBBBBBBBBBBBBBBBBBBBBBBBBBBBBBBBBBBBBBBBBBBBBBBBBBBBBBBBBBBBBBBBBBBBBBBBBBBBBBBBBBBBBBBBBBBBBBBBBBBBBBBBBBBBBBBBBBBBBBBBBBBBBBBBBBBBBBBBBBBBBBBBBBBBBBBBBBBBBBBBBBBBBBBBBBBBBBBBBBBBBBBBBBBBBBBBBBBBBBBBBBBBBBBBBBBBBBBBBBBBBBBBBBBBBBBBBBBBBBBBBBBBBBBBBBBBBBBBBBBBBBBBBBBBBBBBBBBBBBBBBBBBBBBBBBBBBBBBBBBBBBBBBBBBBBBBBBBBBBBBBBBBBBBBBBBBBBBBBBBBBBBBBBBBBBBBBBBBBBBBBBBBBBBBBBBBBBBBBBBBBBBBBBBBBBBBBBBBBBBBBBBBBBBBBBBBBBBBBBBBBBBBBBBBBBBBBBBBBBBBBBBBBBBBBBBBBBBBBBBBBBBBBBBBBBBBBBBBBBBBBBBBBBBBBBBBBBBBBBBBBBBBBBBBBBBBBBBBBBBBBBBBBBBBBBBBBBBBBBBBBBBBBBBBBBBBBBBBBBBBBBBBBBBBBBBBBBBBBBBBBBBBBBBBBBBBBBBBBBBBBBBBBBBBBBBBBBBBBBBBBBBBBBBBBBBBBBBBBBBBBBBBBBBBBBBBBBBBBBBBBBBBBBBBBBBBBBBBBBBBBBBBBBBBBBBBBBBBBBBBBBBBBBBBBBBBBBBBBBBBBBBBBBBBBBBBBBBBBBBBBBBBBBBBBBBBBBBBBBBBBBBBBBBBBBBBBBBBBBBBBBBBBBBBBBBBBBBBBBBBBBBBBBBBBBBBBBBBBBBBBBBBBBBBBBBBBBBBBBBBBBBBBBBBBBBBBBBBBBBBBBBBBBBBBBBBBBBBBBBBBBBBBBBBBBBBBBBBBBBBBBBBBBBBBBBBBBBBBBBBBBBBBBBBBBBBBBBBBBBBBBBBBBBBBBBBBBBBBBBBBBBBBBBBBBBBBBBBBBBBBBBBBBBBBBBBBBBBBBBBBBBBBBBBBBBBBBBBBBBBBBBBBBBBBBBBBBBBBBBBBBBBBBBBBBBBBBBBBBBBBBBBBBBBBBBBBBBBBBBBBBBBBBBBBBBBBBBBBBBBBBBBBBBBBBBBBBBBBBBBBBBBBBBBBBBBBBBBBBBBBBBBBBBBBBBBBBBBBBBBBBBBBBBBBBBBBBBBBBBBBBBBBBBBBBBBBBBBBBBBBBBBBBBBBBBBBBBBBBBBBBBBBBBBBBBBBBBBBBBBBBBBBBBBBBBBBBBBBBBBBBBBBBBBBBBBBBBBBBBBBBBBBBBBBBBBBBBBBBBBBBBBBBBBBBBBBBBBBBBBBBBBBBBBBBBBBBBBBBBBBBBBBBBBBBBBBBBBBBBBBBBBBBBBBBBBBBBBBBBBBBBBBBBBBBBBBBBBBBBBBBBBBBBBBBBBBBBBBBBBBBBBBBBBBBBBBBBBBBBBBBBBBBBBBBBBBBBBBBBBBBBBBBBBBBBBBBBBBBBBBBBBBBBBBBBBBBBBBBBBBBBBBBBBBBBBBBBBBBBBBBBBBBBBBBBBBBBBBBBBBBBBBBBBBBBBBBBBBBBBBBBBBBBBBBBBBBBBBBBBBBBBBBBBBBBBBBBBBBBBBBBBBBBBBBBBBBBBBBBBBBBBBBBBBBBBBBBBBBBBBBBBBBBBBBBBBBBBBBBBBBBBBBBBBBBBBBBBBBBBBBBBBBBBBBBBBBBBBBBBBBBBBBBBBBBBBBBBBBBBBBBBBBBBBBBBBBBBBBBBBBBBBBBBBBBBBBBBBBBBBBBBBBBBBBBBBBBBBBBBBBBBBBBBBBBBBBBBBBBBBBBBBBBBBBBBBBBBBBBBBBBBBBBBBBBBBBBBBBBBBBBBBBBBBBBBBBBBBBBBBBBBBBBBBBBBBBBBBBBBBBBBBBBBBBBBBBBBBBBBBBBBBBBBBBBBBBBBBBBBBBBBBBBBBBBBBBBBBBBBBBBBBBBBBBBBBBBBBBBBBBBBBBBBBBBBBBBBBBBBBBBBBBBBBBBBBBBBBBBBBBBBBBBBBBBBBBBBBBBBBBBBBBBBBBBBBBBBBBBBBBBBBBBBBBBBBBBBBBBBBBBBBBBBBBBBBBBBBBBBBBBBBBBBBBBBBBBBBBBBBBBBBBBBBBBBBBBBBBBBBBBBBBBBBBBBBBBBBBBBBBBBBBBBBBBBBBBBBBBBBBBBBBBBBBBBBBBBBBBBBBBBBBBBBBBBBBBBBBBBBBBBBBBBBBBBBBBBBBBBBBBBBBBBBBBBBBBBBBBBBBBBBBBBBBBBBBBBBBBBBBBBBBBBBBBBBBBBBBBBBBBBBBBBBBBBBBBBBBBBBBBBBBBBBBBBBBBBBBBBBBBBBBBBBBBBBBBBBBBBBBBBBBBBBBBBBBBBBBBBBBBBBBBBBBBBBBBBBBBBBBBBBBBBBBBBBBBBBBBBBBBBBBBBBBBBBBBBBBBBBBBBBBBBBBBBBBBBBBBBBBBBBBBBBBBBBBBBBBBBBBBBBBBBBBBBBBBBBBBBBBBBBBBBBBBBBBBBBBBBBBBBBBBBBBBBBBBBBBBBBBBBBBBBBBBBBBBBBBBBBBBBBBBBBBBBBBBBBBBBBBBBBBBBBBBBBBBBBBBBBBBBBBBBBBBBBBBBBBBBBBBBBBBBBBBBBBBBBBBBBBBBBBBBBBBBBBBBBBBBBBBBBBBBBBBBBBBBBBBBBBBBBBBBBBBBBBBBBBBBBBBBBBBBBBBBBBBBBBBBBBBBBBBBBBBBBBBBBBBBBBBBBBBBBBBBBBBBBBBBBBBBBBBBBBBBBBBBBBBBBBBBBBBBBBBBBBBBBBBBBBBBBBBBBBBBBBBBBBBBBBBBBBBBBBBBBBBBBBBBBBBBBBBBBBBBBBBBBBBBBBBBBBBBBBBBBBBBBBBBBBBBBBBBBBBBBBBBBBBBBBBBBBBBBBBBBBBBBBBBBBBBBBBBBBBBBBBBBBBBBBBBBBBBBBBBBBBBBBBBBBBBBBBBBBBBBBBBBBBBBBBBBBBBBBBBBBBBBBBBBBBBBBBBBBBBBBBBBBBBBBBBBBBBBBBBBBBBBBBBBBBBBBBBBBBBBBBBBBBBBBBBBBBBBBBBBBBBBBBBBBBBBBBBBBBBBBBBBBBBBBBBBBBBBBBBBBBBBBBBBBBBBBBBBBBBBBBBBBBBBBBBBBBBBBBBBBBBBBBBBBBBBBBBBBBBBBBBBBBBBBBBBBBBBBBBBBBBBBBBBBBBBBBBBBBBBBBBBBBBBBBBBBBBBBBBBBBBBBBBBBBBBBBBBBBBBBBBBBBBBBBBBBBBBBBBBBBBBBBBBBBBBBBBBBBBBBBBBBBBBBBBBBBBBBBBBBBBBBBBBBBBBBBBBBBBBBBBBBBBBBBBBBBBBBBBBBBBBBBBBBBBBBBBBBBBBBBBBBBBBBBBBBBBBBBBBBBBBBBBBBBBBBBBBBBBBBBBBBBBBBBBBBBBBBBBBBBBBBBBBBBBBBBBBBBBBBBBBBBBBBBBBBBBBBBBBBBBBBBBBBBBBBBBBBBBBBBBBBBBBBBBBBBBBBBBBBBBBBBBBBBBBBBBBBBBBBBBBBBBBBBBBBBBBBBBBBBBBBBBBBBBBBBBBBBBBBBBBBBBBBBBBBBBBBBBBBBBBBBBBBBBBBBBBBBBBBBBBBBBBBBBBBBBBBBBBBBBBBBBBBBBBBBBBBBBBBBBBBBBBBBBBBBBBBBBBBBBBBBBBBBBBBBBBBBBBBBBBBBBBBBBBBBBBBBBBBBBBBBBBBBBBBBBBBBBBBBBBBBBBBBBBBBBBBBBBBBBBBBBBBBBBBBBBBBBBBBBBBBBBBBBBBBBBBBBBBBBBBBBBBBBBBBBBBBBBBBBBBBBBBBBBBBBBBBBBBBBBBBBBBBBBBBBBBBBBBBBBBBBBBBBBBBBBBBBBBBBBBBBBBBBBBBBBBBBBBBBBBBBBBBBBBBBBBBBBBBBBBBBBBBBBBBBBBBBBBBBBBBBBBBBBBBBBBBBBBBBBBBBBBBBBBBBBBBBBBBBBBBBBBBBBBBBBBBBBBBBBBBBBBBBBBBBBBBBBBBBBBBBBBBBBBBBBBBBBBBBBBBBBBBBBBBBBBBBBBBBBBBBBBBBBBBBBBBBBBBBBBBBBBBBBBBBBBBBBBBBBBBBBBBBBBBBBBBBBBBBBBBBBBBBBBBBBBBBBBBBBBBBBBBBBBBBBBBBBBBBBBBBBBBBBBBBBBBBBBBBBBBBBBBBBBBBBBBBBBBBBBBBBBBBBBBBBBBBBBBBBBBBBBBBBBBBBBBBBBBBBBBBBBBBBBBBBBBBBBBBBBBBBBBBBBBBBBBBBBBBBBBBBBBBBBBBBBBBBBBBBBBBBBBBBBBBBBBBBBBBBBBBBBBBBBBBBBBBBBBBBBBBBBBBBBBBBBBBBBBBBBBBBBBBBBBBBBBBBBBBBBBBBBBBBBBBBBBBBBBBBBBBBBBBBBBBBBBBBBBBBBBBBBBBBBBBBBBBBBBBBBBBBBBBBBBBBBBBBBBBBBBBBBBBBBBBBBBBBBBBBBBBBBBBBBBBBBBBBBBBBBBBBBBBBBBBBBBBBBBBBBBBBBBBBBBBBBBBBBBBBBBBBBBBBBBBBBBBBBBBBBBBBBBBBBBBBBBBBBBBBBBBBBBBBBBBBBBBBBBBBBBBBBBBBBBBBBBBBBBBBBBBBBBBBBBBBBBBBBBBBBBBBBBBBBBBBBBBBBBBBBBBBBBBBBBBBBBBBBBBBBBBBBBBBBBBBBBBBBBBBBBBBBBBBBBBBBBBBBBBBBBBBBBBBBBBBBBBBBBBBBBBBBBBBBBBBBBBBBBBBBBBBBBBBBBBBBBBBBBBBBBBBBBBBBBBBBBBBBBBBBBBBBBBBBBBBBBBBBBBBBBBBBBBBBBBBBBBBBBBBBBBBBBBBBBBBBBBBBBBBBBBBBBBBBBBBBBBBBBBBBBBBBBBBBBBBBBBBBBBBBBBBBBBBBBBBBBBBBBBBBBBBBBBBBBBBBBBBBBBBBBBBBBBBBBBBBBBBBBBBBBBBBBBBBBBBBBBBBBBBBBBBBBBBBBBBBBBBBBBBBBBBBBBBBBBBBBBBBBBBBBBBBBBBBBBBBBBBBBBBBBBBBBBBBBBBBBBBBBBBBBBBBBBBBBBBBBBBBBBBBBBBBBBBBBBBBBBBBBBBBBBBBBBBBBBBBBBBBBBBBBBBBBBBBBBBBBBBBBBBBBBBBBBBBBBBBBBBBBBBBBBBBBBBBBBBBBBBBBBBBBBBBBBBBBBBBBBBBBBBBBBBBBBBBBBBBBBBBBBBBBBBBBBBBBBBBBBBBBBBBBBBBBBBBBBBBBBBBBBBBBBBBBBBBBBBBBBBBBBBBBBBBBBBBBBBBBBBBBBBBBBBBBBBBBBBBBBBBBBBBBBBBBBBBBBBBBBBBBBBBBBBBBBBBBBBBBBBBBBBBBBBBBBBBBBBBBBBBBBBBBBBBBBBBBBBBBBBBBBBBBBBBBBBBBBBBBBBBBBBBBBBBBBBBBBBBBBBBBBBBBBBBBBBBBBBBBBBBBBBBBBBBBBBBBBBBBBBBBBBBBBBBBBBBBBBBBBBBBBBBBBBBBBBBBBBBBBBBBBBBBBBBBBBBBBBBBBBBBBBBBBBBBBBBBBBBBBBBBBBBBBBBBBBBBBBBBBBBBBBBBBBBBBBBBBBBBBBBBBBBBBBBBBBBBBBBBBBBBBBBBBBBBBBBBBBBBBBBBBBBBBBBBBBBBBBBBBBBBBBBBBBBBBBBBBBBBBBBBBBBBBBBBBBBBBBBBBBBBBBBBBBBBBBBBBBBBBBBBBBBBBBBBBBBBBBBBBBBBBBBBBBBBBBBBBBBBBBBBBBBBBBBBBBBBBBBBBBBBBBBBBBBBBBBBBBBBBBBBBBBBBBBBBBBBBBBBBBBBBBBBBBBBBBBBBBBBBBBBBBBBBBBBBBBBBBBBBBBBBBBBBBBBBBBBBBBBBBBBBBBBBBBBBBBBBBBBBBBBBBBBBBBBBBBBBBBBBBBBBBBBBBBBBBBBBBBBBBBBBBBBBBBBBBBBBBBBBBBBBBBBBBBBBBBBBBBBBBBBBBBBBBBBBBBBBBBBBBBBBBBBBBBBBBBBBBBBBBBBBBBBBBBBBBBBBBBBBBBBBBBBBBBBBBBBBBBBBBBBBBBBBBBBBBBBBBBBBBBBBBBBBBBBBBBBBBBBBBBBBBBBBBBBBBBBBBBBBBBBBBBBBBBBBBBBBBBBBBBBBBBBBBBBBBBBBBBBBBBBBBBBBBBBBBBBBBBBBBBBBBBBBBBBBBBBBBBBBBBBBBBBBBBBBBBBBBBBBBBBBBBBBBBBBBBBBBBBBBBBBBBBBBBBBBBBBBBBBBBBBBBBBBBBBBBBBBBBBBBBBBBBBBBBBBBBBBBBBBBBBBBBBBBBBBBBBBBBBBBBBBBBBBBBBBBBBBBBBBBBBBBBBBBBBBBBBBBBBBBBBBBBBBBBBBBBBBBBBBBBBBBBBBBBBBBBBBBBBBBBBBBBBBBBBBBBBBBBBBBBBBBBBBBBBBBBBBBBBBBBBBBBBBBBBBBBBBBBBBBBBBBBBBBBBBBBBBBBBBBBBBBBBBBBBBBBBBBBBBBBBBBBBBBBBBBBBBBBBBBBBBBBBBBBBBBBBBBBBBBBBBBBBBBBBBBBBBBBBBBBBBBBBBBBBBBBBBBBBBBBBBBBBBBBBBBBBBBBBBBBBBBBBBBBBBBBBBBBBBBBBBBBBBBBBBBBBBBBBBBBBBBBBBBBBBBBBBBBBBBBBBBBBBBBBBBBBBBBBBBBBBBBBBBBBBBBBBBBBBBBBBBBBBBBBBBBBBBBBBBBBBBBBBBBBBBBBBBBBBBBBBBBBBBBBBBBBBBBBBBBBBBBBBBBBBBBBBBBBBBBBBBBBBBBBBBBBBBBBBBBBBBBBBBBBBBBBBBBBBBBBBBBBBBBBBBBBBBBBBBBBBBBBBBBBBBBBBBBBBBBBBBBBBBBBBBBBBBBBBBBBBBBBBBBBBBBBBBBBBBBBBBBBBBBBBBBBBBBBBBBBBBBBBBBBBBBBBBBBBBBBBBBBBBBBBBBBBBBBBBBBBBBBBBBBBBBBBBBBBBBBBBBBBBBBBBBBBBBBBBBBBBBBBBBBBBBBBBBBBBBBBBBBBBBBBBBBBBBBBBBBBBBBBBBBBBBBBBBBBBBBBBBBBBBBBBBBBBBBBBBBBBBBBBBBBBBBBBBBBBBBBBBBBBBBBBBBBBBBBBBBBBBBBBBBBBBBBBBBBBBBBBBBBBBBBBBBBBBBBBBBBBBBBBBBBBBBBBBBBBBBBBBBBBBBBBBBBBBBBBBBBBBBBBBBBBBBBBBBBBBBBBBBBBBBBBBBBBBBBBBBBBBBBBBBBBBBBBBBBBBBBBBBBBBBBBBBBBBBBBBBBBBBBBBBBBBBBBBBBBBBBBBBBBBBBBBBBBBBBBBBBBBBBBBBBBBBBBBBBBBBBBBBBBBBBBBBBBBBBBBBBBBBBBBBBBBBBBBBBBBBBBBBBBBBBBBBBBBBBBBBBBBBBBBBBBBBBBBBBBBBBBBBBBBBBBBBBBBBBBBBBBBBBBBBBBBBBBBBBBBBBBBBBBBBBBBBBBBBBBBBBBBBBBBBBBBBBBBBBBBBBBBBBBBBBBBBBBBBBBBBBBBBBBBBBBBBBBBBBBBBBBBBBBBBBBBBBBBBBBBBBBBBBBBBBBBBBBBBBBBBBBBBBBBBBBBBBBBBBBBBBBBBBBBBBBBBBBBBBBBBBBBBBBBBBBBBBBBBBBBBBBBBBBBBBBBBBBBBBBBBBBBBBBBBBBBBBBBBBBBBBBBBBBBBBBBBBBBBBBBBBBBBBBBBBBBBBBBBBBBBBBBBBBBBBBBBBBBBBBBBBBBBBBBBBBBBBBBBBBBBBBBBBBBBBBBBBBBBBBBBBBBBBBBBBBBBBBBBBBBBBBBBBBBBBBBBBBBBBBBBBBBBBBBBBBBBBBBBBBBBBBBBBBBBBBBBBBBBBBBBBBBBBBBBBBBBBBBBBBBBBBBBBBBBBBBBBBBBBBBBBBBBBBBBBBBBBBBBBBBBBBBBBBBBBBBBBBBBBBBBBBBBBBBBBBBBBBBBBBBBBBBBBBBBBBBBBBBBBBBBBBBBBBBBBBBBBBBBBBBBBBBBBBBBBBBBBBBBBBBBBBBBBBBBBBBBBBBBBBBBBBBBBBBBBBBBBBBBBBBBBBBBBBBBBBBBBBBBBBBBBBBBBBBBBBBBBBBBBBBBBBBBBBBBBBBBBBBBBBBBBBBBBBBBBBBBBBBBBBBBBBBBBBBBBBBBBBBBBBBBBBBBBBBBBBBBBBBBBBBBBBBBBBBBBBBBBBBBBBBBBBBBBBBBBBBBBBBBBBBBBBBBBBBBBBBBBBBBBBBBBBBBBBBBBBBBBBBBBBBBBBBBBBBBBBBBBBBBBBBBBBBBBBBBBBBBBBBBBBBBBBBBBBBBBBBBBBBBBBBBBBBBBBBBBBBBBBBBBBBBBBBBBBBBBBBBBBBBBBBBBBBBBBBBBBBBBBBBBBBBBBBBBBBBBBBBBBBBBBBBBBBBBBBBBBBBBBBBBBBBBBBBBBBBBBBBBBBBBBBBBBBBBBBBBBBBBBBBBBBBBBBBBBBBBBBBBBBBBBBBBBBBBBBBBBBBBBBBBBBBBBBBBBBBBBBBBBBBBBBBBBBBBBBBBBBBBBBBBBBBBBBBBBBBBBBBBBBBBBBBBBBBBBBBBBBBBBBBBBBBBBBBBBBBBBBBBBBBBBBBBBBBBBBBBBBBBBBBBBBBBBBBBBBBBBBBBBBBBBBBBBBBBBBBBBBBBBBBBBBBBBBBBBBBBBBBBBBBBBBBBBBBBBBBBBBBBBBBBBBBBBBBBBBBBBBBBBBBBBBBBBBBBBBBBBBBBBBBBBBBBBBBBBBBBBBBBBBBBBBBBBBBBBBBBBBBBBBBBBBBBBBBBBBBBBBBBBBBBBBBBBBBBBBBBBBBBBBBBBBBBBBBBBBBBBBBBBBBBBBBBBBBBBBBBBBBBBBBBBBBBBBBBBBBBBBBBBBBBBBBBBBBBBBBBBBBBBBBBBBBBBBBBBBBBBBBBBBBBBBBBBBBBBBBBBBBBBBBBBBBBBBBBBBBBBBBBBBBBBBBBBBBBBBBBBBBBBBBBBBBBBBBBBBBBBBBBBBBBBBBBBBBBBBBBBBBBBBBBBBBBBBBBBBBBBBBBBBBBBBBBBBBBBBBBBBBBBBBBBBBBBBBBBBBBBBBBBBBBBBBBBBBBBBBBBBBBBBBBBBBBBBBBBBBBBBBBBBBBBBBBBBBBBBBBBBBBBBBBBBBBBBBBBBBBBBBBBBBBBBBBBBBBBBBBBBBBBBBBBBBBBBBBBBBBBBBBBBBBBBBBBBBBBBBBBBBBBBBBBBBBBBBBBBBBBBBBBBBBBBBBBBBBBBBBBBBBBBBBBBBBBBBBBBBBBBBBBBBBBBBBBBBBBBBBBBBBBBBBBBBBBBBBBBBBBBBBBBBBBBBBBBBBBBBBBBBBBBBBBBBBBBBBBBBBBBBBBBBBBBBBBBBBBBBBBBBBBBBBBBBBBBBBBBBBBBBBBBBBBBBBBBBBBBBBBBBBBBBBBBBBBBBBBBBBBBBBBBBBBBBBBBBBBBBBBBBBBBBBBBBBBBBBBBBBBBBBBBBBBBBBBBBBBBBBBBBBBBBBBBBBBBBBBBBBBBBBBBBBBBBBBBBBBBBBBBBBBBBBBBBBBBBBBBBBBBBBBBBBBBBBBBBBBBBBBBBBBBBBBBBBBBBBBBBBBBBBBBBBBBBBBBBBBBBBBBBBBBBBBBBBBBBBBBBBBBBBBBBBBBBBBBBBBBBBBBBBBBBBBBBBBBBBBBBBBBBBBBBBBBBBBBBBBBBBBBBBBBBBBBBBBBBBBBBBBBBBBBBBBBBBBBBBBBBBBBBBBBBBBBBBBBBBBBBBBBBBBBBBBBBBBBBBBBBBBBBBBBBBBBBBBBBBBBBBBBBBBBBBBBBBBBBBBBBBBBBBBBBBBBBBBBBBBBBBBBBBBBBBBBBBBBBBBBBBBBBBBBBBBBBBBBBBBBBBBBBBBBBBBBBBBBBBBBBBBBBBBBBBBBBBBBBBBBBBBBBBBBBBBBBBBBBBBBBBBBBBBBBBBBBBBBBBBBBBBBBBBBBBBBBBBBBBBBBBBBBBBBBBBBBBBBBBBBBBBBBBBBBBBBBBBBBBBBBBBBBBBBBBBBBBBBBBBBBBBBBBBBBBBBBBBBBBBBBBBBBBBBBBBBBBBBBBBBBBBBBBBBBBBBBBBBBBBBBBBBBBBBBBBBBBBBBBBBBBBBBBBBBBBBBBBBBBBBBBBBBBBBBBBBBBBBBBBBBBBBBBBBBBBBBBBBBBBBBBBBBBBBBBBBBBBBBBBBBBBBBBBBBBBBBBBBBBBBBBBBBBBBBBBBBBBBBBBBBBBBBBBBBBBBBBBBBBBBBBBBBBBBBBBBBBBBBBBBBBBBBBBBBBBBBBBBBBBBBBBBBBBBBBBBBBBBBBBBBBBBBBBBBBBBBBBBBBBBBBBBBBBBBBBBBBBBBBBBBBBBBBBBBBBBBBBBBBBBBBBBBBBBBBBBBBBBBBBBBBBBBBBBBBBBBBBBBBBBBBBBBBBBBBBBBBBBBBBBBBBBBBBBBBBBBBBBBBBBBBBBBBBBBBBBBBBBBBBBBBBBBBBBBBBBBBBBBBBBBBBBBBBBBBBBBBBBBBBBBBBBBBBBBBBBBBBBBBBBBBBBBBBBBBBBBBBBBBBBBBBBBBBBBBBBBBBBBBBBBBBBBBBBBBBBBBBBBBBBBBBBBBBBBBBBBBBBBBBBBBBBBBBBBBBBBBBBBBBBBBBBBBBBBBBBBBBBBBBBBBBBBBBBBBBBBBBBBBBBBBBBBBBBBBBBBBBBBBBBBBBBBBBBBBBBBBBBBBBBBBBBBBBBBBBBBBBBBBBBBBBBBBBBBBBBBBBBBBBBBBBBBBBBBBBBBBBBBBBBBBBBBBBBBBBBBBBBBBBBBBBBBBBBBBBBBBBBBBBBBBBBBBBBBBBBBBBBBBBBBBBBBBBBBBBBBBBBBBBBBBBBBBBBBBBBBBBBBBBBBBBBBBBBBBBBBBBBBBBBBBBBBBBBBBBBBBBBBBBBBBBBBBBBBBBBBBBBBBBBBBBBBBBBBBBBBBBBBBBBBBBBBBBBBBBBBBBBBBBBBBBBBBBBBBBBBBBBBBBBBBBBBBBBBBBBBBBBBBBBBBBBBBBBBBBBBBBBBBBBBBBBBBBBBBBBBBBBBBBBBBBBBBBBBBBBBBBBBBBBBBBBBBBBBBBBBBBBBBBBBBBBBBBBBBBBBBBBBBBBBBBBBBBBBBBBBBBBBBBBBBBBBBBBBBBBBBBBBBBBBBBBBBBBBBBBBBBBBBBBBBBBBBBBBBBBBBBBBBBBBBBBBBBBBBBBBBBBBBBBBBBBBBBBBBBBBBBBBBBBBBBBBBBBBBBBBBBBBBBBBBBBBBBBBBBBBBBBBBBBBBBBBBBBBBBBBBBBBBBBBBBBBBBBBBBBBBBBBBBBBBBBBBBBBBBBBBBBBBBBBBBBBBBBBBBBBBBBBBBBBBBBBBBBBBBBBBBBBBBBBBBBBBBBBBBBBBBBBBBBBBBBBBBBBBBBBBBBBBBBBBBBBBBBBBBBBBBBBBBBBBBBBBBBBBBBBBBBBBBBBBBBBBBBBBBBBBBBBBBBBBBBBBBBBBBBBBBBBBBBBBBBBBBBBBBBBBBBBBBBBBBBBBBBBBBBBBBBBBBBBBBBBBBBBBBBBBBBBBBBBBBBBBBBBBBBBBBBBBBBBBBBBBBBBBBBBBBBBBBBBBBBBBBBBBBBBBBBBBBBBBBBBBBBBBBBBBBBBBBBBBBBBBBBBBBBBBBBBBBBBBBBBBBBBBBBBBBBBBBBBBBBBBBBBBBBBBBBBBBBBBBBBBBBBBBBBBBBBBBBBBBBBBBBBBBBBBBBBBBBBBBBBBBBBBBBBBBBBBBBBBBBBBBBBBBBBBBBBBBBBBBBBBBBBBBBBBBBBBBBBBBBBBBBBBBBBBBBBBBBBBBBBBBBBBBBBBBBBBBBBBBBBBBBBBBBBBBBBBBBBBBBBBBBBBBBBBBBBBBBBBBBBBBBBBBBBBBBBBBBBBBBBBBBBBBBBBBBBBBBBBBBBBBBBBBBBBBBBBBBBBBBBBBBBBBBBBBBBBBBBBBBBBBBBBBBBBBBBBBBBBBBBBBBBBBBBBBBBBBBBBBBBBBBBBBBBBBBBBBBBBBBBBBBBBBBBBBBBBBBBBBBBBBBBBBBBBBBBBBBBBBBBBBBBBBBBBBBBBBBBBBBBBBBBBBBBBBBBBBBBBBBBBBBBBBBBBBBBBBBBBBBBBBBBBBBBBBBBBBBBBBBBBBBBBBBBBBBBBBBBBBBBBBBBBBBBBBBBBBBBBBBBBBBBBBBBBBBBBBBBBBBBBBBBBBBBBBBBBBBBBBBBBBBBBBBBBBBBBBBBBBBBBBBBBBBBBBBBBBBBBBBBBBBBBBBBBBBBBBBBBBBBBBBBBBBBBBBBBBBBBBBBBBBBBBBBBBBBBBBBBBBBBBBBBBBBBBBBBBBBBBBBBBBBBBBBBBBBBBBBBBBBBBBBBBBBBBBBBBBBBBBBBBBBBBBBBBBBBBBBBBBBBBBBBBBBBBBBBBBBBBBBBBBBBBBBBBBBBBBBBBBBBBBBBBBBBBBBBBBBBBBBBBBBBBBBBBBBBBBBBBBBBBBBBBBBBBBBBBBBBBBBBBBBBBBBBBBBBBBBBBBBBBBBBBBBBBBBBBBBBBBBBBBBBBBBBBBBBBBBBBBBBBBBBBBBBBBBBBBBBBBBBBBBBBBBBBBBBBBBBBBBBBBBBBBBBBBBBBBBBBBBBBBBBBBBBBBBBBBBBBBBBBBBBBBBBBBBBBBBBBBBBBBBBBBBBBBBBBBBBBBBBBBBBBBBBBBBBBBBBBBBBBBBBBBBBBBBBBBBBBBBBBBBBBBBBBBBBBBBBBBBBBBBBBBBBBBBBBBBBBBBBBBBBBBBBBBBBBBBBBBBBBBBBBBBBBBBBBBBBBBBBBBBBBBBBBBBBBBBBBBBBBBBBBBBBBBBBBBBBBBBBBBBBBBBBBBBBBBBBBBBBBBBBBBBBBBBBBBBBBBBBBBBBBBBBBBBBBBBBBBBBBBBBBBBBBBBBBBBBBBBBBBBBBBBBBBBBBBBBBBBBBBBBBBBBBBBBBBBBBBBBBBBBBBBBBBBBBBBBBBBBBBBBBBBBBBBBBBBBBBBBBBBBBBBBBBBBBBBBBBBBBBBBBBBBBBBBBBBBBBBBBBBBBBBBBBBBBBBBBBBBBBBBBBBBBBBBBBBBBBBBBBBBBBBBBBBBBBBBBBBBBBBBBBBBBBBBBBBBBBBBBBBBBBBBBBBBBBBBBBBBBBBBBBBBBBBBBBBBBBBBBBBBBBBBBBBBBBBBBBBBBBBBBBBBBBBBBBBBBBBBBBBBBBBBBBBBBBBBBBBBBBBBBBBBBBBBBBBBBBBBBBBBBBBBBBBBBBBBBBBBBBBBBBBBBBBBBBBBBBBBBBBBBBBBBBBBBBBBBBBBBBBBBBBBBBBBBBBBBBBBBBBBBBBBBBBBBBBBBBBBBBBBBBBBBBBBBBBBBBBBBBBBBBBBBBBBBBBBBBBBBBBBBBBBBBBBBBBBBBBBBBBBBBBBBBBBBBBBBBBBBBBBBBBBBBBBBBBBBBBBBBBBBBBBBBBBBBBBBBBBBBBBBBBBBBBBBBBBBBBBBBBBBBBBBBBBBBBBBBBBBBBBBBBBBBBBBBBBBBBBBBBBBBBBBBBBBBBBBBBBBBBBBBBBBBBBBBBBBBBBBBBBBBBBBBBBBBBBBBBBBBBBBBBBBBBBBBBBBBBBBBBBBBBBBBBBBBBBBBBBBBBBBBBBBBBBBBBBBBBBBBBBBBBBBBBBBBBBBBBBBBBBBBBBBBBBBBBBBBBBBBBBBBBBBBBBBBBBBBBBBBBBBBBBBBBBBBBBBBBBBBBBBBBBBBBBBBBBBBBBBBBBBBBBBBBBBBBBBBBBBBBBBBBBBBBBBBBBBBBBBBBBBBBBBBBBBBBBBBBBBBBBBBBBBBBBBBBBBBBBBBBBBBBBBBBBBBBBBBBBBBBBBBBBBBBBBBBBBBBBBBBBBBBBBBBBBBBBBBBBBBBBBBBBBBBBBBBBBBBBBBBBBBBBBBBBBBBBBBBBBBBBBBBBBBBBBBBBBBBBBBBBBBBBBBBBBBBBBBBBBBBBBBBBBBBBBBBBBBBBBBBBBBBBBBBBBBBBBBBBBBBBBBBBBBBBBBBBBBBBBBBBBBBBBBBBBBBBBBBBBBBBBBBBBBBBBBBBBBBBBBBBBBBBBBBBBBBBBBBBBBBBBBBBBBBBBBBBBBBBBBBBBBBBBBBBBBBBBBBBBBBBBBBBBBBBBBBBBBBBBBBBBBBBBBBBBBBBBBBBBBBBBBBBBBBBBBBBBBBBBBBBBBBBBBBBBBBBBBBBBBBBBBBBBBBBBBBBBBBBBBBBBBBBBBBBBBBBBBBBBBBBBBBBBBBBBBBBBBBBBBBBBBBBBBBBBBBBBBBBBBBBBBBBBBBBBBBBBBBBBBBBBBBBBBBBBBBBBBBBBBBBBBBBBBBBBBBBBBBBBBBBBBBBBBBBBBBBBBBBBBBBBBBBBBBBBBBBBBBBBBBBBBBBBBBBBBBBBBBBBBBBBBBBBBBBBBBBBBBBBBBBBBBBBBBBBBBBBBBBBBBBBBBBBBBBBBBBBBBBBBBBBBBBBBBBBBBBBBBBBBBBBBBBBBBBBBBBBBBBBBBBBBBBBBBBBBBBBBBBBBBBBBBBBBBBBBBBBBBBBBBBBBBBBBBBBBBBBBBBBBBBBBBBBBBBBBBBBBBBBBBBBBBBBBBBBBBBBBBBBBBBBBBBBBBBBBBBBBBBBBBBBBBBBBBBBBBBBBBBBBBBBBBBBBBBBBBBBBBBBBBBBBBBBBBBBBBBBBBBBBBBBBBBBBBBBBBBBBBBBBBBBBBBBBBBBBBBBBBBBBBBBBBBBBBBBBBBBBBBBBBBBBBBBBBBBBBBBBBBBBBBBBBBBBBBBBBBBBBBBBBBBBBBBBBBBBBBBBBBBBBBBBBBBBBBBBBBBBBBBBBBBBBBBBBBBBBBBBBBBBBBBBBBBBBBBBBBBBBBBBBBBBBBBBBBBBBBBBBBBBBBBBBBBBBBBBBBBBBBBBBBBBBBBBBBBBBBBBBBBBBBBBBBBBBBBBBBBBBBBBBBBBBBBBBBBBBBBBBBBBBBBBBBBBBBBBBBBBBBBBBBBBBBBBBBBBBBBBBBBBBBBBBBBBBBBBBBBBBBBBBBBBBBBBBBBBBBBBBBBBBBBBBBBBBBBBBBBBBBBBBBBBBBBBBBBBBBBBBBBBBBBBBBBBBBBBBBBBBBBBBBBBBBBBBBBBBBBBBBBBBBBBBBBBBBBBBBBBBBBBBBBBBBBBBBBBBBBBBBBBBBBBBBBBBBBBBBBBBBBBBBBBBBBBBBBBBBBBBBBBBBBBBBBBBBBBBBBBBBBBBBBBBBBBBBBBBBBBBBBBBBBBBBBBBBBBBBBBBBBBBBBBBBBBBBBBBBBBBBBBBBBBBBBBBBBBBBBBBBBBBBBBBBBBBBBBBBBBBBBBBBBBBBBBBBBBBBBBBBBBBBBBBBBBBBBBBBBBBBBBBBBBBBBBBBBBBBBBBBBBBBBBBBBBBBBBBBBBBBBBBBBBBBBBBBBBBBBBBBBBBBBBBBBBBBBBBBBBBBBBBBBBBBBBBBBBBBBBBBBBBBBBBBBBBBBBBBBBBBBBBBBBBBBBBBBBBBBBBBBBBBBBBBBBBBBBBBBBBBBBBBBBBBBBBBBBBBBBBBBBBBBBBBBBBBBBBBBBBBBBBBBBBBBBBBBBBBBBBBBBBBBBBBBBBBBBBBBBBBBBBBBBBBBBBBBBBBBBBBBBBBBBBBBBBBBBBBBBBBBBBBBBBBBBBBBBBBBBBBBBBBBBBBBBBBBBBBBBBBBBBBBBBBBBBBBBBBBBBBBBBBBBBBBBBBBBBBBBBBBBBBBBBBBBBBBBBBBBBBBBBBBBBBBBBBBBBBBBBBBBBBBBBBBBBBBBBBBBBBBBBBBBBBBBBBBBBBBBBBBBBBBBBBBBBBBBBBBBBBBBBBBBBBBBBBBBBBBBBBBBBBBBBBBBBBBBBBBBBBBBBBBBBBBBBBBBBBBBBBBBBBBBBBBBBBBBBBBBBBBBBBBBBBBBBBBBBBBBBBBBBBBBBBBBBBBBBBBBBBBBBBBBBBBBBBBBBBBBBBBBBBBBBBBBBBBBBBBBBBBBBBBBBBBBBBBBBBBBBBBBBBBBBBBBBBBBBBBBBBBBBBBBBBBBBBBBBBBBBBBBBBBBBBBBBBBBBBBBBBBBBBBBBBBBBBBBBBBBBBBBBBBBBBBBBBBBBBBBBBBBBBBBBBBBBBBBBBBBBBBBBBBBBBBBBBBBBBBBBBBBBBBBBBBBBBBBBBBBBBBBBBBBBBBBBBBBBBBBBBBBBBBBBBBBBBBBBBBBBBBBBBBBBBBBBBBBBBBBBBBBBBBBBBBBBBBBBBBBBBBBBBBBBBBBBBBBBBBBBBBBBBBBBBBBBBBBBBBBBBBBBBBBBBBBBBBBBBBBBBBBBBBBBBBBBBBBBBBBBBBBBBBBBBBBBBBBBBBBBBBBBBBBBBBBBBBBBBBBBBBBBBBBBBBBBBBBBBBBBBBBBBBBBBBBBBBBBBBBBBBBBBBBBBBBBBBBBBBBBBBBBBBBBBBBBBBBBBBBBBBBBBBBBBBBBBBBBBBBBBBBBBBBBBBBBBBBBBBBBBBBBBBBBBBBBBBBBBBBBBBBBBBBBBBBBBBBBBBBBBBBBBBBBBBBBBBBBBBBBBBBBBBBBBBBBBBBBBBBBBBBBBBBBBBBBBBBBBBBBBBBBBBBBBBBBBBBBBBBBBBBBBBBBBBBBBBBBBBBBBBBBBBBBBBBBBBBBBBBBBBBBBBBBBBBBBBBBBBBBBBBBBBBBBBBBBBBBBBBBBBBBBBBBBBBBBBBBBBBBBBBBBBBBBBBBBBBBBBBBBBBBBBBBBBBBBBBBBBBBBBBBBBBBBBBBBBBBBBBBBBBBBBBBBBBBBBBBBBBBBBBBBBBBBBBBBBBBBBBBBBBBBBBBBBBBBBBBBBBBBBBBBBBBBBBBBBBBBBBBBBBBBBBBBBBBBBBBBBBBBBBBBBBBBBBBBBBBBBBBBBBBBBBBBBBBBBBBBBBBBBBBBBBBBBBBBBBBBBBBBBBBBBBBBBBBBBBBBBBBBBBBBBBBBBBBBBBBBBBBBBBBBBBBBBBBBBBBBBBBBBBBBBBBBBBBBBBBBBBBBBBBBBBBBBBBBBBBBBBBBBBBBBBBBBBBBBBBBBBBBBBBBBBBBBBBBBBBBBBBBBBBBBBBBBBBBBBBBBBBBBBBBBBBBBBBBBBBBBBBBBBBBBBBBBBBBBBBBBBBBBBBBBBBBBBBBBBBBBBBBBBBBBBBBBBBBBBBBBBBBBBBBBBBBBBBBBBBBBBBBBBBBBBBBBBBBBBBBBBBBBBBBBBBBBBBBBBBBBBBBBBBBBBBBBBBBBBBBBBBBBBBBBBBBBBBBBBBBBBBBBBBBBBBBBBBBBBBBBBBBBBBBBBBBBBBBBBBBBBBBBBBBBBBBBBBBBBBBBBBBBBBBBBBBBBBBBBBBBBBBBBBBBBBBBBBBBBBBBBBBBBBBBBBBBBBBBBBBBBBBBBBBBBBBBBBBBBBBBBBBBBBBBBBBBBBBBBBBBBBBBBBBBBBBBBBBBBBBBBBBBBBBBBBBBBBBBBBBBBBBBBBBBBBBBBBBBBBBBBBBBBBBBBBBBBBBBBBBBBBBBBBBBBBBBBBBBBBBBBBBBBBBBBBBBBBBBBBBBBBBBBBBBBBBBBBBBBBBBBBBBBBBBBBBBBBBBBBBBBBBBBBBBBBBBBBBBBBBBBBBBBBBBBBBBBBBBBBBBBBBBBBBBBBBBBBBBBBBBBBBBBBBBBBBBBBBBBBBBBBBBBBBBBBBBBBBBBBBBBBBBBBBBBBBBBBBBBBBBBBBBBBBBBBBBBBBBBBBBBBBBBBBBBBBBBBBBBBBBBBBBBBBBBBBBBBBBBBBBBBBBBBBBBBBBBBBBBBBBBBBBBBBBBBBBBBBBBBBBBBBBBBBBBBBBBBBBBBBBBBBBBBBBBBBBBBBBBBBBBBBBBBBBBBBBBBBBBBBBBBBBBBBBBBBBBBBBBBBBBBBBBBBBBBBBBBBBBBBBBBBBBBBBBBBBBBBBBBBBBBBBBBBBBBBBBBBBBBBBBBBBBBBBBBBBBBBBBBBBBBBBBBBBBBBBBBBBBBBBBBBBBBBBBBBBBBBBBBBBBBBBBBBBBBBBBBBBBBBBBBBBBBBBBBBBBBBBBBBBBBBBBBBBBBBBBBBBBBBBBBBBBBBBBBBBBBBBBBBBBBBBBBBBBBBBBBBBBBBBBBBBBBBBBBBBBBBBBBBBBBBBBBBBBBBBBBBBBBBBBBBBBBBBBBBBBBBBBBBBBBBBBBBBBBBBBBBBBBBBBBBBBBBBBBBBBBBBBBBBBBBBBBBBBBBBBBBBBBBBBBBBBBBBBBBBBBBBBBBBBBBBBBBBBBBBBBBBBBBBBBBBBBBBBBBBBBBBBBBBBBBBBBBBBBBBBBBBBBBBBBBBBBBBBBBBBBBBBBBBBBBBBBBBBBBBBBBBBBBBBBBBBBBBBBBBBBBBBBBBBBBBBBBBBBBBBBBBBBBBBBBBBBBBBBBBBBBBBBBBBBBBBBBBBBBBBBBBBBBBBBBBBBBBBBBBBBBBBBBBBBBBBBBBBBBBBBBBBBBBBBBBBBBBBBBBBBBBBBBBBBBBBBBBBBBBBBBBBBBBBBBBBBBBBBBBBBBBBBBBBBBBBBBBBBBBBBBBBBBBBBBBBBBBBBBBBBBBBBBBBBBBBBBBBBBBBBBBBBBBBBBBBBBBBBBBBBBBBBBBBBBBBBBBBBBBBBBBBBBBBBBBBBBBBBBBBBBBBBBBBBBBBBBBBBBBBBBBBBBBBBBBBBBBBBBBBBBBBBBBBBBBBBBBBBBBBBBBBBBBBBBBBBBBBBBBBBBBBBBBBBBBBBBBBBBBBBBBBBBBBBBBBBBBBBBBBBBBBBBBBBBBBBBBBBBBBBBBBBBBBBBBBBBBBBBBBBBBBBBBBBBBBBBBBBBBBBBBBBBBBBBBBBBBBBBBBBBBBBBBBBBBBBBBBBBBBBBBBBBBBBBBBBBBBBBBBBBBBBBBBBBBBBBBBBBBBBBBBBBBBBBBBBBBBBBBBBBBBBBBBBBBBBBBBBBBBBBBBBBBBBBBBBBBBBBBBBBBBBBBBBBBBBBBBBBBBBBBBBBBBBBBBBBBBBBBBBBBBBBBBBBBBBBBBBBBBBBBBBBBBBBBBBBBBBBBBBBBBBBBBBBBBBBBBBBBBBBBBBBBBBBBBBBBBBBBBBBBBBBBBBBBBBBBBBBBBBBBBBBBBBBBBBBBBBBBBBBBBBBBBBBBBBBBBBBBBBBBBBBBBBBBBBBBBBBBBBBBBBBBBBBBBBBBBBBBBBBBBBBBBBBBBBBBBBBBBBBBBBBBBBBBBBBBBBBBBBBBBBBBBBBBBBBBBBBBBBBBBBBBBBBBBBBBBBBBBBBBBBBBBBBBBBBBBBBBBBBBBBBBBBBBBBBBBBBBBBBBBBBBBBBBBBBBBBBBBBBBBBBBBBBBBBBBBBBBBBBBBBBBBBBBBBBBBBBBBBBBBBBBBBBBBBBBBBBBBBBBBBBBBBBBBBBBBBBBBBBBBBBBBBBBBBBBBBBBBBBBBBBBBBBBBBBBBBBBBBBBBBBBBBBBBBBBBBBBBBBBBBBBBBBBBBBBBBBBBBBBBBBBBBBBBBBBBBBBBBBBBBBBBBBBBBBBBBBBBBBBBBBBBBBBBBBBBBBBBBBBBBBBBBBBBBBBBBBBBBBBBBBBBBBBBBBBBBBBBBBBBBBBBBBBBBBBBBBBBBBBBBBBBBBBBBBBBBBBBBBBBBBBBBBBBBBBBBBBBBBBBBBBBBBBBBBBBBBBBBBBBBBBBBBBBBBBBBBBBBBBBBBBBBBBBBBBBBBBBBBBBBBBBBBBBBBBBBBBBBBBBBBBBBBBBBBBBBBBBBBBBBBBBBBBBBBBBBBBBBBBBBBBBBBBBBBBBBBBBBBBBBBBBBBBBBBBBBBBBBBBBBBBBBBBBBBBBBBBBBBBBBBBBBBBBBBBBBBBBBBBBBBBBBBBBBBBBBBBBBBBBBBBBBBBBBBBBBBBBBBBBBBBBBBBBBBBBBBBBBBBBBBBBBBBBBBBBBBBBBBBBBBBBBBBBBBBBBBBBBBBBBBBBBBBBBBBBBBBBBBBBBBBBBBBBBBBBBBBBBBBBBBBBBBBBBBBBBBBBBBBBBBBBBBBBBBBBBBBBBBBBBBBBBBBBBBBBBBBBBBBBBBBBBBBBBBBBBBBBBBBBBBBBBBBBBBBBBBBBBBBBBBBBBBBBBBBBBBBBBBBBBBBBBBBBBBBBBBBBBBBBBBBBBBBBBBBBBBBBBBBBBBBBBBBBBBBBBBBBBBBBBBBBBBBBBBBBBBBBBBBBBBBBBBBBBBBBBBBBBBBBBBBBBBBBBBBBBBBBBBBBBBBBBBBBBBBBBBBBBBBBBBBBBBBBBBBBBBBBBBBBBBBBBBBBBBBBBBBBBBBBBBBBBBBBBBBBBBBBBBBBBBBBBBBBBBBBBBBBBBBBBBBBBBBBBBBBBBBBBBBBBBBBBBBBBBBBBBBBBBBBBBBBBBBBBBBBBBBBBBBBBBBBBBBBBBBBBBBBBBBBBBBBBBBBBBBBBBBBBBBBBBBBBBBBBBBBBBBBBBBBBBBBBBBBBBBBBBBBBBBBBBBBBBBBBBBBBBBBBBBBBBBBBBBBBBBBBBBBBBBBBBBBBBBBBBBBBBBBBBBBBBBBBBBBBBBBBBBBBBBBBBBBBBBBBBBBBBBBBBBBBBBBBBBBBBBBBBBBBBBBBBBBBBBBBBBBBBBBBBBBBBBBBBBBBBBBBBBBBBBBBBBBBBBBBBBBBBBBBBBBBBBBBBBBBBBBBBBBBBBBBBBBBBBBBBBBBBBBBBBBBBBBBBBBBBBBBBBBBBBBBBBBBBBBBBBBBBBBBBBBBBBBBBBBBBBBBBBBBBBBBBBBBBBBBBBBBBBBBBBBBBBBBBBBBBBBBBBBBBBBBBBBBBBBBBBBBBBBBBBBBBBBBBBBBBBBBBBBBBBBBBBBBBBBBBBBBBBBBBBBBBBBBBBBBBBBBBBBBBBBBBBBBBBBBBBBBBBBBBBBBBBBBBBBBBBBBBBBBBBBBBBBBBBBBBBBBBBBBBBBBBBBBBBBBBBBBBBBBBBBBBBBBBBBBBBBBBBBBBBBBBBBBBBBBBBBBBBBBBBBBBBBBBBBBBBBBBBBBBBBBBBBBBBBBBBBBBBBBBBBBBBBBBBBBBBBBBBBBBBBBBBBBBBBBBBBBBBBBBBBBBBBBBBBBBBBBBBBBBBBBBBBBBBBBBBBBBBBBBBBBBBBBBBBBBBBBBBBBBBBBBBBBBBBBBBBBBBBBBBBBBBBBBBBBBBBBBBBBBBBBBBBBBBBBBBBBBBBBBBBBBBBBBBBBBBBBBBBBBBBBBBBBBBBBBBBBBBBBBBBBBBBBBBBBBBBBBBBBBBBBBBBBBBBBBBBBBBBBBBBBBBBBBBBBBBBBBBBBBBBBBBBBBBBBBBBBBBBBBBBBBBBBBBBBBBBBBBBBBBBBBBBBBBBBBBBBBBBBBBBBBBBBBBBBBBBBBBBBBBBBBBBBBBBBBBBBBBBBBBBBBBBBBBBBBBBBBBBBBBBBBBBBBBBBBBBBBBBBBBBBBBBBBBBBBBBBBBBBBBBBBBBBBBBBBBBBBBBBBBBBBBBBBBBBBBBBBBBBBBBBBBBBBBBBBBBBBBBBBBBBBBBBBBBBBBBBBBBBBBBBBBBBBBBBBBBBBBBBBBBBBBBBBBBBBBBBBBBBBBBBBBBBBBBBBBBBBBBBBBBBBBBBBBBBBBBBBBBBBBBBBBBBBBBBBBBBBBBBBBBBBBBBBBBBBBBBBBBBBBBBBBBBBBBBBBBBBBBBBBBBBBBBBBBBBBBBBBBBBBBBBBBBBBBBBBBBBBBBBBBBBBBBBBBBBBBBBBBBBBBBBBBBBBBBBBBBBBBBBBBBBBBBBBBBBBBBBBBBBBBBBBBBBBBBBBBBBBBBBBBBBBBBBBBBBBBBBBBBBBBBBBBBBBBBBBBBBBBBBBBBBBBBBBBBBBBBBBBBBBBBBBBBBBBBBBBBBBBBBBBBBBBBBBBBBBBBBBBBBBBBBBBBBBBBBBBBBBBBBBBBBBBBBBBBBBBBBBBBBBBBBBBBBBBBBBBBBBBBBBBBBBBBBBBBBBBBBBBBBBBBBBBBBBBBBBBBBBBBBBBBBBBBBBBBBBBBBBBBBBBBBBBBBBBBBBBBBBBBBBBBBBBBBBBBBBBBBBBBBBBBBBBBBBBBBBBBBBBBBBBBBBBBBBBBBBBBBBBBBBBBBBBBBBBBBBBBBBBBBBBBBBBBBBBBBBBBBBBBBBBBBBBBBBBBBBBBBBBBBBBBBBBBBBBBBBBBBBBBBBBBBBBBBBBBBBBBBBBBBBBBBBBBBBBBBBBBBBBBBBBBBBBBBBBBBBBBBBBBBBBBBBBBBBBBBBBBBBBBBBBBBBBBBBBBBBBBBBBBBBBBBBBBBBBBBBBBBBBBBBBBBBBBBBBBBBBBBBBBBBBBBBBBBBBBBBBBBBBBBBBBBBBBBBBBBBBBBBBBBBBBBBBBBBBBBBBBBBBBBBBBBBBBBBBBBBBBBBBBBBBBBBBBBBBBBBBBBBBBBBBBBBBBBBBBBBBBBBBBBBBBBBBBBBBBBBBBBBBBBBBBBBBBBBBBBBBBBBBBBBBBBBBBBBBBBBBBBBBBBBBBBBBBBBBBBBBBBBBBBBBBBBBBBBBBBBBBBBBBBBBBBBBBBBBBBBBBBBBBBBBBBBBBBBBBBBBBBBBBBBBBBBBBBBBBBBBBBBBBBBBBBBBBBBBBBBBBBBBBBBBBBBBBBBBBBBBBBBBBBBBBBBBBBBBBBBBBBBBBBBBBBBBBBBBBBBBBBBBBBBBBBBBBBBBBBBBBBBBBBBBBBBBBBBBBBBBBBBBBBBBBBBBBBBBBBBBBBBBBBBBBBBBBBBBBBBBBBBBBBBBBBBBBBBBBBBBBBBBBBBBBBBBBBBBBBBBBBBBBBBBBBBBBBBBBBBBBBBBBBBBBBBBBBBBBBBBBBBBBBBBBBBBBBBBBBBBBBBBBBBBBBBBBBBBBBBBBBBBBBBBBBBBBBBBBBBBBBBBBBBBBBBBBBBBBBBBBBBBBBBBBBBBBBBBBBBBBBBBBBBBBBBBBBBBBBBBBBBBBBBBBBBBBBBBBBBBBBBBBBBBBBBBBBBBBBBBBBBBBBBBBBBBBBBBBBBBBBBBBBBBBBBBBBBBBBBBBBBBBBBBBBBBBBBBBBBBBBBBBBBBBBBBBBBBBBBBBBBBBBBBBBBBBBBBBBBBBBBBBBBBBBBBBBBBBBBBBBBBBBBBBBBBBBBBBBBBBBBBBBBBBBBBBBBBBBBBBBBBBBBBBBBBBBBBBBBBBBBBBBBBBBBBBBBBBBBBBBBBBBBBBBBBBBBBBBBBBBBBBBBBBBBBBBBBBBBBBBBBBBBBBBBBBBBBBBBBBBBBBBBBBBBBBBBBBBBBBBBBBBBBBBBBBBBBBBBBBBBBBBBBBBBBBBBBBBBBBBBBBBBBBBBBBBBBBBBBBBBBBBBBBBBBBBBBBBBBBBBBBBBBBBBBBBBBBBBBBBBBBBBBBBBBBBBBBBBBBBBBBBBBBBBBBBBBBBBBBBBBBBBBBBBBBBBBBBBBBBBBBBBBBBBBBBBBBBBBBBBBBBBBBBBBBBBBBBBBBBBBBBBBBBBBBBBBBBBBBBBBBBBBBBBBBBBBBBBBBBBBBBBBBBBBBBBBBBBBBBBBBBBBBBBBBBBBBBBBBBBBBBBBBBBBBBBBBBBBBBBBBBBBBBBBBBBBBBBBBBBBBBBBBBBBBBBBBBBBBBBBBBBBBBBBBBBBBBBBBBBBBBBBBBBBBBBBBBBBBBBBBBBBBBBBBBBBBBBBBBBBBBBBBBBBBBBBBBBBBBBBBBBBBBBBBBBBBBBBBBBBBBBBBBBBBBBBBBBBBBBBBBBBBBBBBBBBBBBBBBBBBBBBBBBBBBBBBBBBBBBBBBBBBBBBBBBBBBBBBBBBBBBBBBBBBBBBBBBBBBBBBBBBBBBBBBBBBBBBBBBBBBBBBBBBBBBBBBBBBBBBBBBBBBBBBBBBBBBBBBBBBBBBBBBBBBBBBBBBBBBBBBBBBBBBBBBBBBBBBBBBBBBBBBBBBBBBBBBBBBBBBBBBBBBBBBBBBBBBBBBBBBBBBBBBBBBBBBBBBBBBBBBBBBBBBBBBBBBBBBBBBBBBBBBBBBBBBBBBBBBBBBBBBBBBBBBBBBBBBBBBBBBBBBBBBBBBBBBBBBBBBBBBBBBBBBBBBBBBBBBBBBBBBBBBBBBBBBBBBBBBBBBBBBBBBBBBBBBBBBBBBBBBBBBBBBBBBBBBBBBBBBBBBBBBBBBBBBBBBBBBBBBBBBBBBBBBBBBBBBBBBBBBBBBBBBBBBBBBBBBBBBBBBBBBBBBBBBBBBBBBBBBBBBBBBBBBBBBBBBBBBBBBBBBBBBBBBBBBBBBBBBBBBBBBBBBBBBBBBBBBBBBBBBBBBBBBBBBBBBBBBBBBBBBBBBBBBBBBBBBBBBBBBBBBBBBBBBBBBBBBBBBBBBBBBBBBBBBBBBBBBBBBBBBBBBBBBBBBBBBBBBBBBBBBBBBBBBBBBBBBBBBBBBBBBBBBBBBBBBBBBBBBBBBBBBBBBBBBBBBBBBBBBBBBBBBBBBBBBBBBBBBBBBBBBBBBBBBBBBBBBBBBBBBBBBBBBBBBBBBBBBBBBBBBBBBBBBBBBBBBBBBBBBBBBBBBBBBBBBBBBBBBBBBBBBBBBBBBBBBBBBBBBBBBBBBBBBBBBBBBBBBBBBBBBBBBBBBBBBBBBBBBBBBBBBBBBBBBBBBBBBBBBBBBBBBBBBBBBBBBBBBBBBBBBBBBBBBBBBBBBBBBBBBBBBBBBBBBBBBBBBBBBBBBBBBBBBBBBBBBBBBBBBBBBBBBBBBBBBBBBBBBBBBBBBBBBBBBBBBBBBBBBBBBBBBBBBBBBBBBBBBBBBBBBBBBBBBBBBBBBBBBBBBBBBBBBBBBBBBBBBBBBBBBBBBBBBBBBBBBBBBBBBBBBBBBBBBBBBBBBBBBBBBBBBBBBBBBBBBBBBBBBBBBBBBBBBBBBBBBBBBBBBBBBBBBBBBBBBBBBBBBBBBBBBBBBBBBBBBBBBBBBBBBBBBBBBBBBBBBBBBBBBBBBBBBBBBBBBBBBBBBBBBBBBBBBBBBBBBBBBBBBBBBBBBBBBBBBBBBBBBBBBBBBBBBBBBBBBBBBBBBBBBBBBBBBBBBBBBBBBBBBBBBBBBBBBBBBBBBBBBBBBBBBBBBBBBBBBBBBBBBBBBBBBBBBBBBBBBBBBBBBBBBBBBBBBBBBBBBBBBBBBBBBBBBBBBBBBBBBBBBBBBBBBBBBBBBBBBBBBBBBBBBBBBBBBBBBBBBBBBBBBBBBBBBBBBBBBBBBBBBBBBBBBBBBBBBBBBBBBBBBBBBBBBBBBBBBBBBBBBBBBBBBBBBBBBBBBBBBBBBBBBBBBBBBBBBBBBBBBBBBBBBBBBBBBBBBBBBBBBBBBBBBBBBBBBBBBBBBBBBBBBBBBBBBBBBBBBBBBBBBBBBBBBBBBBBBBBBBBBBBBBBBBBBBBBBBBBBBBBBBBBBBBBBBBBBBBBBBBBBBBBBBBBBBBBBBBBBBBBBBBBBBBBBBBBBBBBBBBBBBBBBBBBBBBBBBBBBBBBBBBBBBBBBBBBBBBBBBBBBBBBBBBBBBBBBBBBBBBBBBBBBBBBBBBBBBBBBBBBBBBBBBBBBBBBBBBBBBBBBBBBBBBBBBBBBBBBBBBBBBBBBBBBBBBBBBBBBBBBBBBBBBBBBBBBBBBBBBBBBBBBBBBBBBBBBBBBBBBBBBBBBBBBBBBBBBBBBBBBBBBBBBBBBBBBBBBBBBBBBBBBBBBBBBBBBBBBBBBBBBBBBBBBBBBBBBBBBBBBBBBBBBBBBBBBBBBBBBBBBBBBBBBBBBBBBBBBBBBBBBBBBBBBBBBBBBBBBBBBBBBBBBBBBBBBBBBBBBBBBBBBBBBBBBBBBBBBBBBBBBBBBBBBBBBBBBBBBBBBBBBBBBBBBBBBBBBBBBBBBBBBBBBBBBBBBBBBBBBBBBBBBBBBBBBBBBBBBBBBBBBBBBBBBBBBBBBBBBBBBBBBBBBBBBBBBBBBBBBBBBBBBBBBBBBBBBBBBBBBBBBBBBBBBBBBBBBBBBBBBBBBBBBBBBBBBBBBBBBBBBBBBBBBBBBBBBBBBBBBBBBBBBBBBBBBBBBBBBBBBBBBBBBBBBBBBBBBBBBBBBBBBBBBBBBBBBBBBBBBBBBBBBBBBBBBBBBBBBBBBBBBBBBBBBBBBBBBBBBBBBBBBBBBBBBBBBBBBBBBBBBBBBBBBBBBBBBBBBBBBBBBBBBBBBBBBBBBBBBBBBBBBBBBBBBBBBBBBBBBBBBBBBBBBBBBBBBBBBBBBBBBBBBBBBBBBBBBBBBBBBBBBBBBBBBBBBBBBBBBBBBBBBBBBBBBBBBBBBBBBBBBBBBBBBBBBBBBBBBBBBBBBBBBBBBBBBBBBBBBBBBBBBBBBBBBBBBBBBBBBBBBBBBBBBBBBBBBBBBBBBBBBBBBBBBBBBBBBBBBBBBBBBBBBBBBBBBBBBBBBBBBBBBBBBBBBBBBBBBBBBBBBBBBBBBBBBBBBBBBBBBBBBBBBBBBBBBBBBBBBBBBBBBBBBBBBBBBBBBBBBBBBBBBBBBBBBBBBBBBBBBBBBBBBBBBBBBBBBBBBBBBBBBBBBBBBBBBBBBBBBBBBBBBBBBBBBBBBBBBBBBBBBBBBBBBBBBBBBBBBBBBBBBBBBBBBBBBBBBBBBBBBBBBBBBBBBBBBBBBBBBBBBBBBBBBBBBBBBBBBBBBBBBBBBBBBBBBBBBBBBBBBBBBBBBBBBBBBBBBBBBBBBBBBBBBBBBBBBBBBBBBBBBBBBBBBBBBBBBBBBBBBBBBBBBBBBBBBBBBBBBBBBBBBBBBBBBBBBBBBBBBBBBBBBBBBBBBBBBBBBBBBBBBBBBBBBBBBBBBBBBBBBBBBBBBBBBBBBBBBBBBBBBBBBBBBBBBBBBBBBBBBBBBBBBBBBBBBBBBBBBBBBBBBBBBBBBBBBBBBBBBBBBBBBBBBBBBBBBBBBBBBBBBBBBBBBBBBBBBBBBBBBBBBBBBBBBBBBBBBBBBBBBBBBBBBBBBBBBBBBBBBBBBBBBBBBBBBBBBBBBBBBBBBBBBBBBBBBBBBBBBBBBBBBBBBBBBBBBBBBBBBBBBBBBBBBBBBBBBBBBBBBBBBBBBBBBBBBBBBBBBBBBBBBBBBBBBBBBBBBBBBBBBBBBBBBBBBBBBBBBBBBBBBBBBBBBBBBBBBBBBBBBBBBBBBBBBBBBBBBBBBBBBBBBBBBBBBBBBBBBBBBBBBBBBBBBBBBBBBBBBBBBBBBBBBBBBBBBBBBBBBBBBBBBBBBBBBBBBBBBBBBBBBBBBBBBBBBBBBBBBBBBBBBBBBBBBBBBBBBBBBBBBBBBBBBBBBBBBBBBBBBBBBBBBBBBBBBBBBBBBBBBBBBBBBBBBBBBBBBBBBBBBBBBBBBBBBBBBBBBBBBBBBBBBBBBBBBBBBBBBBBBBBBBBBBBBBBBBBBBBBBBBBBBBBBBBBBBBBBBBBBBBBBBBBBBBBBBBBBBBBBBBBBBBBBBBBBBBBBBBBBBBBBBBBBBBBBBBBBBBBBBBBBBBBBBBBBBBBBBBBBBBBBBBBBBBBBBBBBBBBBBBBBBBBBBBBBBBBBBBBBBBBBBBBBBBBBBBBBBBBBBBBBBBBBBBBBBBBBBBBBBBBBBBBBBBBBBBBBBBBBBBBBBBBBBBBBBBBBBBBBBBBBBBBBBBBBBBBBBBBBBBBBBBBBBBBBBBBBBBBBBBBBBBBBBBBBBBBBBBBBBBBBBBBBBBBBBBBBBBBBBBBBBBBBBBBBBBBBBBBBBBBBBBBBBBBBBBBBBBBBBBBBBBBBBBBBBBBBBBBBBBBBBBBBBBBBBBBBBBBBBBBBBBBBBBBBBBBBBBBBBBBBBBBBBBBBBBBBBBBBBBBBBBBBBBBBBBBBBBBBBBBBBBBBBBBBBBBBBBBBBBBBBBBBBBBBBBBBBBBBBBBBBBBBBBBBBBBBBBBBBBBBBBBBBBBBBBBBBBBBBBBBBBBBBBBBBBBBBBBBBBBBBBBBBBBBBBBBBBBBBBBBBBBBBBBBBBBBBBBBBBBBBBBBBBBBBBBBBBBBBBBBBBBBBBBBBBBBBBBBBBBBBBBBBBBBBBBBBBBBBBBBBBBBBBBBBBBBBBBBBBBBBBBBBBBBBBBBBBBBBBBBBBBBBBBBBBBBBBBBBBBBBBBBBBBBBBBBBBBBBBBBBBBBBBBBBBBBBBBBBBBBBBBBBBBBBBBBBBBBBBBBBBBBBBBBBBBBBBBBBBBBBBBBBBBBBBBBBBBBBBBBBBBBBBBBBBBBBBBBBBBBBBBBBBBBBBBBBBBBBBBBBBBBBBBBBBBBBBBBBBBBBBBBBBBBBBBBBBBBBBBBBBBBBBBBBBBBBBBBBBBBBBBBBBBBBBBBBBBBBBBBBBBBBBBBBBBBBBBBBBBBBBBBBBBBBBBBBBBBBBBBBBBBBBBBBBBBBBBBBBBBBBBBBBBBBBBBBBBBBBBBBBBBBBBBBBBBBBBBBBBBBBBBBBBBBBBBBBBBBBBBBBBBBBBBBBBBBBBBBBBBBBBBBBBBBBBBBBBBBBBBBBBBBBBBBBBBBBBBBBBBBBBBBBBBBBBBBBBBBBBBBBBBBBBBBBBBBBBBBBBBBBBBBBBBBBBBBBBBBBBBBBBBBBBBBBBBBBBBBBBBBBBBBBBBBBBBBBBBBBBBBBBBBBBBBBBBBBBBBBBBBBBBBBBBBBBBBBBBBBBBBBBBBBBBBBBBBBBBBBBBBBBBBBBBBBBBBBBBBBBBBBBBBBBBBBBBBBBBBBBBBBBBBBBBBBBBBBBBBBBBBBBBBBBBBBBBBBBBBBBBBBBBBBBBBBBBBBBBBBBBBBBBBBBBBBBBBBBBBBBBBBBBBBBBBBBBBBBBBBBBBBBBBBBBBBBBBBBBBBBBBBBBBBBBBBBBBBBBBBBBBBBBBBBBBBBBBBBBBBBBBBBBBBBBBBBBBBBBBBBBBBBBBBBBBBBBBBBBBBBBBBBBBBBBBBBBBBBBBBBBBBBBBBBBBBBBBBBBBBBBBBBBBBBBBBBBBBBBBBBBBBBBBBBBBBBBBBBBBBBBBBBBBBBBBBBBBBBBBBBBBBBBBBBBBBBBBBBBBBBBBBBBBBBBBBBBBBBBBBBBBBBBBBBBBBBBBBBBBBBBBBBBBBBBBBBBBBBBBBBBBBBBBBBBBBBBBBBBBBBBBBBBBBBBBBBBBBBBBBBBBBBBBBBBBBBBBBBBBBBBBBBBBBBBBBBBBBBBBBBBBBBBBBBBBBBBBBBBBBBBBBBBBBBBBBBBBBBBBBBBBBBBBBBBBBBBBBBBBBBBBBBBBBBBBBBBBBBBBBBBBBBBBBBBBBBBBBBBBBBBBBBBBBBBBBBBBBBBBBBBBBBBBBBBBBBBBBBBBBBBBBBBBBBBBBBBBBBBBBBBBBBBBBBBBBBBBBBBBBBBBBBBBBBBBBBBBBBBBBBBBBBBBBBBBBBBBBBBBBBBBBBBBBBBBBBBBBBBBBBBBBBBBBBBBBBBBBBBBBBBBBBBBBBBBBBBBBBBBBBBBBBBBBBBBBBBBBBBBBBBBBBBBBBBBBBBBBBBBBBBBBBBBBBBBBBBBBBBBBBBBBBBBBBBBBBBBBBBBBBBBBBBBBBBBBBBBBBBBBBBBBBBBBBBBBBBBBBBBBBBBBBBBBBBBBBBBBBBBBBBBBBBBBBBBBBBBBBBBBBBBBBBBBBBBBBBBBBBBBBBBBBBBBBBBBBBBBBBBBBBBBBBBBBBBBBBBBBBBBBBBBBBBBBBBBBBBBBBBBBBBBBBBBBBBBBBBBBBBBBBBBBBBBBBBBBBBBBBBBBBBBBBBBBBBBBBBBBBBBBBBBBBBBBBBBBBBBBBBBBBBBBBBBBBBBBBBBBBBBBBBBBBBBBBBBBBBBBBBBBBBBBBBBBBBBBBBBBBBBBBBBBBBBBBBBBBBBBBBBBBBBBBBBBBBBBBBBBBBBBBBBBBBBBBBBBBBBBBBBBBBBBBBBBBBBBBBBBBBBBBBBBBBBBBBBBBBBBBBBBBBBBBBBBBBBBBBBBBBBBBBBBBBBBBBBBBBBBBBBBBBBBBBBBBBBBBBBBBBBBBBBBBBBBBBBBBBBBBBBBBBBBBBBBBBBBBBBBBBBBBBBBBBBBBBBBBBBBBBBBBBBBBBBBBBBBBBBBBBBBBBBBBBBBBBBBBBBBBBBBBBBBBBBBBBBBBBBBBBBBBBBBBBBBBBBBBBBBBBBBBBBBBBBBBBBBBBBBBBBBBBBBBBBBBBBBBBBBBBBBBBBBBBBBBBBBBBBBBBBBBBBBBBBBBBBBBBBBBBBBBBBBBBBBBBBBBBBBBBBBBBBBBBBBBBBBBBBBBBBBBBBBBBBBBBBBBBBBBBBBBBBBBBBBBBBBBBBBBBBBBBBBBBBBBBBBBBBBBBBBBBBBBBBBBBBBBBBBBBBBBBBBBBBBBBBBBBBBBBBBBBBBBBBBBBBBBBBBBBBBBBBBBBBBBBBBBBBBBBBBBBBBBBBBBBBBBBBBBBBBBBBBBBBBBBBBBBBBBBBBBBBBBBBBBBBBBBBBBBBBBBBBBBBBBBBBBBBBBBBBBBBBBBBBBBBBBBBBBBBBBBBBBBBBBBBBBBBBBBBBBBBBBBBBBBBBBBBBBBBBBBBBBBBBBBBBBBBBBBBBBBBBBBBBBBBBBBBBBBBBBBBBBBBBBBBBBBBBBBBBBBBBBBBBBBBBBBBBBBBBBBBBBBBBBBBBBBBBBBBBBBBBBBBBBBBBBBBBBBBBBBBBBBBBBBBBBBBBBBBBBBBBBBBBBBBBBBBBBBBBBBBBBBBBBBBBBBBBBBBBBBBBBBBBBBBBBBBBBBBBBBBBBBBBBBBBBBBBBBBBBBBBBBBBBBBBBBBBBBBBBBBBBBBBBBBBBBBBBBBBBBBBBBBBBBBBBBBBBBBBBBBBBBBBBBBBBBBBBBBBBBBBBBBBBBBBBBBBBBBBBBBBBBBBBBBBBBBBBBBBBBBBBBBBBBBBBBBBBBBBBBBBBBBBBBBBBBBBBBBBBBBBBBBBBBBBBBBBBBBBBBBBBBBBBBBBBBBBBBBBBBBBBBBBBBBBBBBBBBBBBBBBBBBBBBBBBBBBBBBBBBBBBBBBBBBBBBBBBBBBBBBBBBBBBBBBBBBBBBBBBBBBBBBBBBBBBBBBBBBBBBBBBBBBBBBBBBBBBBBBBBBBBBBBBBBBBBBBBBBBBBBBBBBBBBBBBBBBBBBBBBBBBBBBBBBBBBBBBBBBBBBBBBBBBBBBBBBBBBBBBBBBBBBBBBBBBBBBBBBBBBBBBBBBBBBBBBBBBBBBBBBBBBBBBBBBBBBBBBBBBBBBBBBBBBBBBBBBBBBBBBBBBBBBBBBBBBBBBBBBBBBBBBBBBBBBBBBBBBBBBBBBBBBBBBBBBBBBBBBBBBBBBBBBBBBBBBBBBBBBBBBBBBBBBBBBBBBBBBBBBBBBBBBBBBBBBBBBBBBBBBBBBBBBBBBBBBBBBBBBBBBBBBBBBBBBBBBBBBBBBBBBBBBBBBBBBBBBBBBBBBBBBBBBBBBBBBBBBBBBBBBBBBBBBBBBBBBBBBBBBBBBBBBBBBBBBBBBBBBBBBBBBBBBBBBBBBBBBBBBBBBBBBBBBBBBBBBBBBBBBBBBBBBBBBBBBBBBBBBBBBBBBBBBBBBBBBBBBBBBBBBBBBBBBBBBBBBBBBBBBBBBBBBBBBBBBBBBBBBBBBBBBBBBBBBBBBBBBBBBBBBBBBBBBBBBBBBBBBBBBBBBBBBBBBBBBBBBBBBBBBBBBBBBBBBBBBBBBBBBBBBBBBBBBBBBBBBBBBBBBBBBBBBBBBBBBBBBBBBBBBBBBBBBBBBBBBBBBBBBBBBBBBBBBBBBBBBBBBBBBBBBBBBBBBBBBBBBBBBBBBBBBBBBBBBBBB\"}}', '2026-06-16 14:24:15');
INSERT INTO `audit_logs` (`id`, `tenant_id`, `user_id`, `action`, `details`, `created_at`) VALUES
(48, 1, 9, 'TENANT_UPDATED', '{\"tenant_id\":12,\"changes\":{\"name\":\"Test AUDIT FIX\",\"subscription_plan_id\":2,\"logo_url\":\"data:image\\/jpeg;base64,MMMMMMMMMMMMMMMMMMMMMMMMMMMMMMMMMMMMMMMMMMMMMMMMMMMMMMMMM...[100023 bytes]\"}}', '2026-06-16 14:29:39'),
(49, 1, 9, 'TENANT_UPDATED', '{\"tenant_id\":12,\"changes\":{\"name\":\"Test null logo\",\"subscription_plan_id\":2}}', '2026-06-16 14:29:49'),
(50, 1, 9, 'TENANT_UPDATED', '{\"tenant_id\":12,\"changes\":{\"name\":\"Pruebas\",\"subscription_plan_id\":2,\"logo_changed\":true}}', '2026-06-16 14:36:04'),
(51, 1, 9, 'TENANT_ACTIVATED', '{\"tenant_id\":12}', '2026-06-16 14:36:25'),
(52, 1, 9, 'TENANT_DEACTIVATED', '{\"tenant_id\":13}', '2026-06-16 14:36:28'),
(53, 1, 9, 'TENANT_ACTIVATED', '{\"tenant_id\":13}', '2026-06-16 14:50:06'),
(54, 1, 9, 'TENANT_DEACTIVATED', '{\"tenant_id\":13}', '2026-06-16 14:50:21'),
(55, 1, 9, 'TENANT_UPDATED', '{\"tenant_id\":1,\"changes\":{\"name\":\"Kodan Software (Sistema)\",\"subscription_plan_id\":3,\"logo_changed\":true}}', '2026-06-16 14:56:17'),
(56, 1, 9, 'TENANT_UPDATED', '{\"tenant_id\":13,\"changes\":{\"name\":\"PMaaS\",\"subscription_plan_id\":2,\"logo_changed\":true}}', '2026-06-16 14:56:52'),
(57, 1, 9, 'PLAN_UPDATED', '{\"plan_id\":1,\"changes\":{\"name\":\"Suite Completa FREE\",\"description\":\"Plan gratuito para pruebas\",\"price\":\"0.00\",\"currency\":\"USD\"}}', '2026-06-16 15:01:14'),
(58, 1, 9, 'PLAN_UPDATED', '{\"plan_id\":2,\"changes\":{\"name\":\"Suite Completa Standard\",\"description\":\"Plan estâ”śĂ­ndar para PYMES\",\"price\":18,\"currency\":\"USD\"}}', '2026-06-16 15:02:02'),
(59, 1, 9, 'PLAN_UPDATED', '{\"plan_id\":3,\"changes\":{\"name\":\"Suite Completa Premium\",\"description\":\"Plan completo para empresas\",\"price\":25,\"currency\":\"USD\"}}', '2026-06-16 15:02:24'),
(60, 1, 9, 'PLAN_CREATED', '{\"plan_id\":16,\"name\":\"CRM Free\"}', '2026-06-16 17:42:01'),
(61, 1, 9, 'PLAN_UPDATED', '{\"plan_id\":16,\"changes\":{\"name\":\"CRM Free\",\"description\":\"CRM Free Tier\",\"price\":\"0.00\",\"currency\":\"USD\"}}', '2026-06-17 15:36:07'),
(62, 1, 9, 'TENANT_UPDATED', '{\"tenant_id\":13,\"changes\":{\"name\":\"PMaaS\",\"subscription_plan_id\":2,\"logo_changed\":true}}', '2026-06-17 16:31:21'),
(63, 1, 9, 'TENANT_ACTIVATED', '{\"tenant_id\":13}', '2026-06-17 16:31:25'),
(64, 1, 9, 'TENANT_DEACTIVATED', '{\"tenant_id\":13}', '2026-06-17 16:31:29'),
(65, 1, 9, 'TENANT_ACTIVATED', '{\"tenant_id\":13}', '2026-06-17 20:12:39'),
(66, 1, 9, 'TENANT_DEACTIVATED', '{\"tenant_id\":13}', '2026-06-17 20:12:43'),
(67, 1, 9, 'TENANT_UPDATED', '{\"tenant_id\":13,\"changes\":{\"name\":\"PMaaS\",\"subscription_plan_id\":2,\"logo_changed\":true}}', '2026-06-17 20:12:49'),
(68, 1, 9, 'TENANT_ACTIVATED', '{\"tenant_id\":13}', '2026-06-17 20:24:39'),
(69, 1, 9, 'TENANT_DEACTIVATED', '{\"tenant_id\":13}', '2026-06-17 20:24:42'),
(70, 1, 9, 'PLAN_UPDATED', '{\"plan_id\":16,\"changes\":{\"name\":\"CRM Free\",\"description\":\"CRM Free Tier\",\"price\":\"0.00\",\"currency\":\"USD\"}}', '2026-06-17 20:44:50'),
(71, 1, 9, 'TENANT_UPDATED', '{\"tenant_id\":13,\"changes\":{\"name\":\"PMaaS\",\"subscription_plan_id\":2,\"logo_changed\":true}}', '2026-06-17 20:44:55'),
(72, 1, 9, 'TENANT_PLAN_CHANGED', '{\"tenant_id\":13,\"new_plan_id\":16}', '2026-06-17 20:45:03'),
(73, 1, 9, 'TENANT_UPDATED', '{\"tenant_id\":13,\"changes\":{\"name\":\"PMaaS\",\"subscription_plan_id\":16,\"logo_changed\":true}}', '2026-06-17 20:45:03'),
(74, 1, 9, 'TENANT_PLAN_CHANGED', '{\"tenant_id\":13,\"new_plan_id\":1}', '2026-06-17 20:45:37'),
(75, 1, 9, 'TENANT_UPDATED', '{\"tenant_id\":13,\"changes\":{\"name\":\"PMaaS\",\"subscription_plan_id\":1,\"logo_changed\":true}}', '2026-06-17 20:45:37'),
(76, 1, 9, 'TENANT_PLAN_CHANGED', '{\"tenant_id\":12,\"new_plan_id\":1}', '2026-06-17 20:45:54'),
(77, 1, 9, 'TENANT_UPDATED', '{\"tenant_id\":12,\"changes\":{\"name\":\"Pruebas\",\"subscription_plan_id\":1,\"logo_changed\":true}}', '2026-06-17 20:45:54'),
(78, 1, 9, 'THEME_CHANGED', '{\"theme\":\"dark\",\"user_id\":9}', '2026-06-18 14:22:22'),
(79, 1, 9, 'THEME_CHANGED', '{\"theme\":\"light\",\"user_id\":9}', '2026-06-18 14:26:23'),
(80, 1, 9, 'PASSWORD_CHANGED', '{\"user_id\":9}', '2026-06-18 14:26:44');

-- --------------------------------------------------------

--
-- Estructura de tabla para la tabla `contacts`
--

CREATE TABLE `contacts` (
  `contact_id` bigint(20) NOT NULL,
  `tenant_id` bigint(20) NOT NULL,
  `account_id` bigint(20) DEFAULT NULL,
  `first_name` varchar(150) NOT NULL,
  `last_name` varchar(150) NOT NULL,
  `email` varchar(255) NOT NULL,
  `phone` varchar(50) DEFAULT NULL,
  `mobile` varchar(50) DEFAULT NULL,
  `custom_fields` longtext CHARACTER SET utf8mb4 COLLATE utf8mb4_bin NOT NULL CHECK (json_valid(`custom_fields`)),
  `created_at` timestamp NOT NULL DEFAULT current_timestamp(),
  `updated_at` timestamp NOT NULL DEFAULT current_timestamp() ON UPDATE current_timestamp()
) ENGINE=InnoDB DEFAULT CHARSET=utf8mb4 COLLATE=utf8mb4_unicode_ci;

--
-- Volcado de datos para la tabla `contacts`
--

INSERT INTO `contacts` (`contact_id`, `tenant_id`, `account_id`, `first_name`, `last_name`, `email`, `phone`, `mobile`, `custom_fields`, `created_at`, `updated_at`) VALUES
(1, 13, 1, 'John', 'Doe', 'jdoe@acme.com', '+1 (555) 123-0001', '+1 (555) 999-0001', '{}', '2026-06-15 21:44:49', '2026-06-15 21:44:49'),
(2, 13, 1, 'Sarah', 'Connor', 'sconnor@acme.com', '+1 (555) 123-0002', '+1 (555) 999-0002', '{}', '2026-06-15 21:44:49', '2026-06-15 21:44:49'),
(3, 13, 2, 'Hank', 'Scorpio', 'hscorpio@globex.com', '+1 (555) 987-0001', '+1 (555) 999-0003', '{}', '2026-06-15 21:44:49', '2026-06-15 21:44:49'),
(4, 13, 3, 'Peter', 'Gibbons', 'pgibbons@initech.com', '+1 (555) 234-0001', '+1 (555) 999-0004', '{}', '2026-06-15 21:44:49', '2026-06-15 21:44:49'),
(5, 12, 4, 'John', 'Doe', 'jdoe@acme.com', '+1 (555) 123-0001', '+1 (555) 999-0001', '{}', '2026-06-15 21:48:50', '2026-06-15 21:48:50'),
(6, 12, 4, 'Sarah', 'Connor', 'sconnor@acme.com', '+1 (555) 123-0002', '+1 (555) 999-0002', '{}', '2026-06-15 21:48:50', '2026-06-15 21:48:50'),
(7, 12, 5, 'Hank', 'Scorpio', 'hscorpio@globex.com', '+1 (555) 987-0001', '+1 (555) 999-0003', '{}', '2026-06-15 21:48:50', '2026-06-15 21:48:50'),
(8, 12, 6, 'Peter', 'Gibbons', 'pgibbons@initech.com', '+1 (555) 234-0001', '+1 (555) 999-0004', '{}', '2026-06-15 21:48:50', '2026-06-15 21:48:50');

-- --------------------------------------------------------

--
-- Estructura de tabla para la tabla `custom_field_definitions`
--

CREATE TABLE `custom_field_definitions` (
  `id` bigint(20) NOT NULL,
  `tenant_id` bigint(20) NOT NULL,
  `entity_type` enum('account','contact','opportunity') NOT NULL,
  `field_key` varchar(50) NOT NULL,
  `field_label` varchar(100) NOT NULL,
  `field_type` enum('text','number','select','multi_select','date','boolean') NOT NULL,
  `options` longtext CHARACTER SET utf8mb4 COLLATE utf8mb4_bin DEFAULT NULL CHECK (json_valid(`options`)),
  `is_required` tinyint(1) NOT NULL DEFAULT 0,
  `sort_order` int(11) NOT NULL DEFAULT 0 COMMENT 'Orden de aparicion en formularios',
  `deleted_at` timestamp NULL DEFAULT NULL COMMENT 'Soft delete timestamp',
  `created_at` timestamp NOT NULL DEFAULT current_timestamp()
) ENGINE=InnoDB DEFAULT CHARSET=utf8mb4 COLLATE=utf8mb4_unicode_ci;

--
-- Volcado de datos para la tabla `custom_field_definitions`
--

INSERT INTO `custom_field_definitions` (`id`, `tenant_id`, `entity_type`, `field_key`, `field_label`, `field_type`, `options`, `is_required`, `sort_order`, `deleted_at`, `created_at`) VALUES
(1, 1, 'account', 'industria', 'Industria', 'select', '[\"Tecnologâ”śÂˇa\",\"Servicios\",\"Salud\",\"Educaciâ”śâ”‚n\",\"Finanzas\",\"Manufactura\",\"Retail\"]', 1, 10, NULL, '2026-06-16 10:51:36'),
(2, 1, 'account', 'tamano_empresa', 'Tamaâ”śâ–’o de Empresa', 'select', '[\"1-10\",\"11-50\",\"51-200\",\"201-1000\",\"1000+\"]', 0, 20, NULL, '2026-06-16 10:51:36'),
(3, 1, 'account', 'numero_empleados', 'Nâ”śâ•‘m. Empleados', 'number', NULL, 0, 30, NULL, '2026-06-16 10:51:36'),
(4, 1, 'account', 'fecha_fundacion', 'Fecha de Fundaciâ”śâ”‚n', 'date', NULL, 0, 40, NULL, '2026-06-16 10:51:36'),
(5, 1, 'account', 'es_cliente_vip', 'Cliente VIP', 'boolean', NULL, 0, 50, NULL, '2026-06-16 10:51:36'),
(6, 1, 'account', 'etiquetas', 'Etiquetas', 'multi_select', '[\"Premium\",\"Enterprise\",\"Startup\",\"Gobierno\",\"ONG\"]', 0, 60, NULL, '2026-06-16 10:51:36'),
(7, 1, 'contact', 'puesto', 'Puesto / Cargo', 'select', '[\"CEO\",\"CTO\",\"CFO\",\"Director\",\"Gerente\",\"Analista\",\"Otro\"]', 1, 10, NULL, '2026-06-16 10:51:36'),
(8, 1, 'contact', 'tipo_contacto', 'Tipo de Contacto', 'select', '[\"Decisor\",\"Influenciador\",\"Usuario Final\",\"Referente\"]', 0, 20, NULL, '2026-06-16 10:51:36'),
(9, 1, 'contact', 'linkedin_url', 'URL LinkedIn', 'text', NULL, 0, 30, NULL, '2026-06-16 10:51:36'),
(10, 1, 'contact', 'fecha_nacimiento', 'Fecha de Nacimiento', 'date', NULL, 0, 40, NULL, '2026-06-16 10:51:36'),
(11, 1, 'opportunity', 'tipo_negocio', 'Tipo de Negocio', 'select', '[\"Nuevo Cliente\",\"Upgrade\",\"Renovaciâ”śâ”‚n\",\"Cross-sell\"]', 1, 10, NULL, '2026-06-16 10:51:36'),
(12, 1, 'opportunity', 'canal_adquisicion', 'Canal de Adq.', 'select', '[\"Inbound\",\"Outbound\",\"Partner\",\"Referido\",\"Evento\"]', 0, 20, NULL, '2026-06-16 10:51:36'),
(13, 1, 'opportunity', 'competencia', 'Competencia', 'text', NULL, 0, 30, NULL, '2026-06-16 10:51:36'),
(14, 1, 'opportunity', 'urgencia', 'Urgencia', 'select', '[\"Baja\",\"Media\",\"Alta\",\"Crâ”śÂˇtica\"]', 0, 40, NULL, '2026-06-16 10:51:36'),
(15, 12, 'account', 'campo_prueba', 'Campo Prueba', 'date', NULL, 0, 1, NULL, '2026-06-18 20:24:56'),
(16, 12, 'account', 'prueba', 'prueba', 'select', '[]', 0, 2, '2026-06-19 11:51:44', '2026-06-19 11:51:37');

-- --------------------------------------------------------

--
-- Estructura de tabla para la tabla `custom_field_values`
--

CREATE TABLE `custom_field_values` (
  `id` bigint(20) NOT NULL,
  `tenant_id` bigint(20) NOT NULL,
  `entity_type` enum('account','contact','opportunity') NOT NULL,
  `entity_id` bigint(20) NOT NULL,
  `field_key` varchar(50) NOT NULL,
  `value` text DEFAULT NULL
) ENGINE=InnoDB DEFAULT CHARSET=utf8mb4 COLLATE=utf8mb4_unicode_ci;

-- --------------------------------------------------------

--
-- Estructura de tabla para la tabla `login_attempts`
--

CREATE TABLE `login_attempts` (
  `id` bigint(20) NOT NULL,
  `email` varchar(255) NOT NULL,
  `ip_address` varchar(45) NOT NULL,
  `attempted_at` timestamp NOT NULL DEFAULT current_timestamp()
) ENGINE=InnoDB DEFAULT CHARSET=utf8mb4 COLLATE=utf8mb4_unicode_ci;

-- --------------------------------------------------------

--
-- Estructura de tabla para la tabla `messages`
--

CREATE TABLE `messages` (
  `id` bigint(20) NOT NULL,
  `tenant_id` bigint(20) NOT NULL,
  `thread_id` bigint(20) DEFAULT NULL,
  `opportunity_id` bigint(20) DEFAULT NULL,
  `user_id` bigint(20) NOT NULL,
  `body` text NOT NULL,
  `created_at` timestamp NOT NULL DEFAULT current_timestamp()
) ENGINE=InnoDB DEFAULT CHARSET=utf8mb4 COLLATE=utf8mb4_unicode_ci;

--
-- Volcado de datos para la tabla `messages`
--

INSERT INTO `messages` (`id`, `tenant_id`, `thread_id`, `opportunity_id`, `user_id`, `body`, `created_at`) VALUES
(1, 13, 1, 1, 11, 'Hola equipo, enviâ”śÂ® la propuesta con el 10% de descuento incluido. John Doe me comentâ”śâ”‚ que lo conversarâ”śĂ­ con su CFO hoy por la tarde.', '2026-06-15 21:44:49'),
(2, 13, 1, 1, 11, 'Excelente! Si surge algâ”śâ•‘n problema de presupuesto, recuerden que podemos modularizar la fase de Setup en dos hitos.', '2026-06-15 21:44:49'),
(3, 12, 2, 5, 10, 'Hola equipo, enviâ”śÂ® la propuesta con el 10% de descuento incluido. John Doe me comentâ”śâ”‚ que lo conversarâ”śĂ­ con su CFO hoy por la tarde.', '2026-06-15 21:48:51'),
(4, 12, 2, 5, 10, 'Excelente! Si surge algâ”śâ•‘n problema de presupuesto, recuerden que podemos modularizar la fase de Setup en dos hitos.', '2026-06-15 21:48:51');

-- --------------------------------------------------------

--
-- Estructura de tabla para la tabla `message_attachments`
--

CREATE TABLE `message_attachments` (
  `id` bigint(20) NOT NULL,
  `message_id` bigint(20) NOT NULL,
  `file_path` varchar(255) NOT NULL,
  `file_name` varchar(255) NOT NULL,
  `file_size` int(11) NOT NULL,
  `uploaded_at` timestamp NOT NULL DEFAULT current_timestamp()
) ENGINE=InnoDB DEFAULT CHARSET=utf8mb4 COLLATE=utf8mb4_unicode_ci;

-- --------------------------------------------------------

--
-- Estructura de tabla para la tabla `message_mentions`
--

CREATE TABLE `message_mentions` (
  `message_id` bigint(20) NOT NULL,
  `user_id` bigint(20) NOT NULL,
  `is_read` tinyint(1) NOT NULL DEFAULT 0,
  `created_at` timestamp NOT NULL DEFAULT current_timestamp()
) ENGINE=InnoDB DEFAULT CHARSET=utf8mb4 COLLATE=utf8mb4_unicode_ci;

-- --------------------------------------------------------

--
-- Estructura de tabla para la tabla `message_threads`
--

CREATE TABLE `message_threads` (
  `id` bigint(20) NOT NULL,
  `tenant_id` bigint(20) NOT NULL,
  `opportunity_id` bigint(20) DEFAULT NULL,
  `subject` varchar(255) DEFAULT NULL,
  `created_at` timestamp NOT NULL DEFAULT current_timestamp()
) ENGINE=InnoDB DEFAULT CHARSET=utf8mb4 COLLATE=utf8mb4_unicode_ci;

--
-- Volcado de datos para la tabla `message_threads`
--

INSERT INTO `message_threads` (`id`, `tenant_id`, `opportunity_id`, `subject`, `created_at`) VALUES
(1, 13, 1, 'Discusiâ”śâ”‚n comercial - Propuesta Acme', '2026-06-15 21:44:49'),
(2, 12, 5, 'Discusiâ”śâ”‚n comercial - Propuesta Acme', '2026-06-15 21:48:51'),
(3, 12, 8, 'Chat Oportunidad #8', '2026-06-17 15:37:18'),
(4, 12, 7, 'Chat Oportunidad #7', '2026-06-18 15:34:45');

-- --------------------------------------------------------

--
-- Estructura de tabla para la tabla `opportunities`
--

CREATE TABLE `opportunities` (
  `id` bigint(20) NOT NULL,
  `tenant_id` bigint(20) NOT NULL,
  `account_id` bigint(20) NOT NULL,
  `contact_id` bigint(20) DEFAULT NULL,
  `pipeline_stage_id` bigint(20) NOT NULL,
  `title` varchar(255) NOT NULL,
  `value` decimal(15,2) NOT NULL DEFAULT 0.00,
  `currency` char(3) NOT NULL DEFAULT 'USD',
  `close_date` date DEFAULT NULL,
  `owner_user_id` bigint(20) DEFAULT NULL,
  `custom_fields` longtext CHARACTER SET utf8mb4 COLLATE utf8mb4_bin NOT NULL CHECK (json_valid(`custom_fields`)),
  `archived_at` timestamp NULL DEFAULT NULL COMMENT 'Archivado (oculta del kanban activo)',
  `created_at` timestamp NOT NULL DEFAULT current_timestamp(),
  `updated_at` timestamp NOT NULL DEFAULT current_timestamp() ON UPDATE current_timestamp()
) ENGINE=InnoDB DEFAULT CHARSET=utf8mb4 COLLATE=utf8mb4_unicode_ci;

--
-- Volcado de datos para la tabla `opportunities`
--

INSERT INTO `opportunities` (`id`, `tenant_id`, `account_id`, `contact_id`, `pipeline_stage_id`, `title`, `value`, `currency`, `close_date`, `owner_user_id`, `custom_fields`, `archived_at`, `created_at`, `updated_at`) VALUES
(1, 13, 1, 1, 3, 'SaaS Enterprise + Onboarding Acme', 4500.00, 'USD', '2026-07-15', 11, '{}', NULL, '2026-06-15 21:44:49', '2026-06-15 21:44:49'),
(2, 13, 2, 3, 2, 'Consultorâ”śÂˇa Especializada Globex', 2400.00, 'USD', '2026-06-30', 11, '{}', NULL, '2026-06-15 21:44:49', '2026-06-15 21:44:49'),
(3, 13, 3, 4, 1, 'Migraciâ”śâ”‚n de Sistemas de Servidores', 7500.00, 'USD', '2026-07-30', 11, '{}', NULL, '2026-06-15 21:44:49', '2026-06-15 21:44:49'),
(4, 13, 1, 2, 4, 'Soporte Premium Adicional Acme', 3000.00, 'USD', '2026-06-20', 11, '{}', NULL, '2026-06-15 21:44:49', '2026-06-15 21:44:49'),
(5, 12, 4, 5, 9, 'SaaS Enterprise + Onboarding Acme', 4500.00, 'USD', '2026-07-15', 10, '{}', NULL, '2026-06-15 21:48:50', '2026-06-18 20:05:23'),
(6, 12, 5, 7, 7, 'Consultorâ”śÂˇa Especializada Globex', 2400.00, 'USD', '2026-06-30', 10, '{}', NULL, '2026-06-15 21:48:50', '2026-06-18 22:49:35'),
(7, 12, 6, 8, 7, 'Migraciâ”śâ”‚n de Sistemas de Servidores', 7500.00, 'USD', '2026-07-30', 10, '{}', NULL, '2026-06-15 21:48:50', '2026-06-15 21:48:50'),
(8, 12, 4, 6, 7, 'Soporte Premium Adicional Acme', 3000.00, 'USD', '2026-06-20', 10, '{}', NULL, '2026-06-15 21:48:50', '2026-06-16 10:13:00');

-- --------------------------------------------------------

--
-- Estructura de tabla para la tabla `opportunity_line_items`
--

CREATE TABLE `opportunity_line_items` (
  `id` bigint(20) NOT NULL,
  `opportunity_id` bigint(20) NOT NULL,
  `product_id` bigint(20) NOT NULL,
  `quantity` decimal(10,2) NOT NULL DEFAULT 1.00,
  `unit_price` decimal(15,2) NOT NULL,
  `discount_percentage` decimal(5,2) NOT NULL DEFAULT 0.00,
  `tax_percentage` decimal(5,2) NOT NULL DEFAULT 0.00
) ENGINE=InnoDB DEFAULT CHARSET=utf8mb4 COLLATE=utf8mb4_unicode_ci;

--
-- Volcado de datos para la tabla `opportunity_line_items`
--

INSERT INTO `opportunity_line_items` (`id`, `opportunity_id`, `product_id`, `quantity`, `unit_price`, `discount_percentage`, `tax_percentage`) VALUES
(1, 1, 1, 20.00, 150.00, 10.00, 16.00),
(2, 1, 2, 1.00, 1500.00, 0.00, 16.00),
(3, 2, 4, 20.00, 120.00, 0.00, 16.00),
(4, 3, 1, 50.00, 150.00, 20.00, 16.00),
(5, 4, 3, 12.00, 250.00, 0.00, 16.00),
(6, 5, 5, 20.00, 150.00, 10.00, 16.00),
(7, 5, 6, 1.00, 1500.00, 0.00, 16.00),
(8, 6, 8, 20.00, 120.00, 0.00, 16.00),
(9, 7, 5, 50.00, 150.00, 20.00, 16.00),
(10, 8, 7, 12.00, 250.00, 0.00, 16.00);

-- --------------------------------------------------------

--
-- Estructura de tabla para la tabla `password_resets`
--

CREATE TABLE `password_resets` (
  `email` varchar(255) NOT NULL,
  `token_hash` varchar(255) NOT NULL COMMENT 'bcrypt/argon2(token_raw) Ă”Ă‡Ă¶ NUNCA guardar token en texto plano',
  `expires_at` datetime NOT NULL COMMENT 'TTL 15-30 min desde creaciâ”śâ”‚n',
  `created_at` timestamp NOT NULL DEFAULT current_timestamp()
) ENGINE=InnoDB DEFAULT CHARSET=utf8mb4 COLLATE=utf8mb4_unicode_ci;

--
-- Volcado de datos para la tabla `password_resets`
--

INSERT INTO `password_resets` (`email`, `token_hash`, `expires_at`, `created_at`) VALUES
('superadmin@kodan.software', '$argon2id$v=19$m=65536,t=4,p=3$WmhvRjh0Nm5jNFh5MUVUZg$8wahNvMDRg4y7DbcJzzmt9WTD5E1o9sDHeQbYwL8q28', '2026-06-15 22:44:31', '2026-06-15 21:44:31');

-- --------------------------------------------------------

--
-- Estructura de tabla para la tabla `pipelines`
--

CREATE TABLE `pipelines` (
  `id` bigint(20) NOT NULL,
  `tenant_id` bigint(20) NOT NULL,
  `name` varchar(100) NOT NULL,
  `is_default` tinyint(1) NOT NULL DEFAULT 0,
  `created_at` timestamp NOT NULL DEFAULT current_timestamp()
) ENGINE=InnoDB DEFAULT CHARSET=utf8mb4 COLLATE=utf8mb4_unicode_ci;

--
-- Volcado de datos para la tabla `pipelines`
--

INSERT INTO `pipelines` (`id`, `tenant_id`, `name`, `is_default`, `created_at`) VALUES
(1, 13, 'Embudo de Ventas IT', 1, '2026-06-15 21:44:49'),
(2, 12, 'Embudo de Ventas IT', 1, '2026-06-15 21:48:50'),
(3, 1, 'Ventas Directas', 1, '2026-06-16 10:51:36'),
(4, 1, 'Ventas Partner', 0, '2026-06-16 10:51:36'),
(5, 1, 'Renovaciâ”śâ”‚n / Soporte', 0, '2026-06-16 10:51:36');

-- --------------------------------------------------------

--
-- Estructura de tabla para la tabla `pipeline_stages`
--

CREATE TABLE `pipeline_stages` (
  `id` bigint(20) NOT NULL,
  `pipeline_id` bigint(20) NOT NULL,
  `name` varchar(100) NOT NULL,
  `color_hex` varchar(7) NOT NULL DEFAULT '#6366F1',
  `sort_order` int(11) NOT NULL DEFAULT 0,
  `probability` decimal(5,2) NOT NULL DEFAULT 0.00 COMMENT 'Probabilidad de cierre %',
  `is_won_stage` tinyint(1) NOT NULL DEFAULT 0,
  `is_lost_stage` tinyint(1) NOT NULL DEFAULT 0 COMMENT 'Etapa de perdido',
  `ui_config` longtext CHARACTER SET utf8mb4 COLLATE utf8mb4_bin DEFAULT NULL COMMENT 'Preset metadata: colorKey, dot, badgeClass, glowClass' CHECK (json_valid(`ui_config`)),
  `created_at` timestamp NOT NULL DEFAULT current_timestamp()
) ENGINE=InnoDB DEFAULT CHARSET=utf8mb4 COLLATE=utf8mb4_unicode_ci;

--
-- Volcado de datos para la tabla `pipeline_stages`
--

INSERT INTO `pipeline_stages` (`id`, `pipeline_id`, `name`, `color_hex`, `sort_order`, `probability`, `is_won_stage`, `is_lost_stage`, `ui_config`, `created_at`) VALUES
(1, 1, 'Contacto Inicial', '#3B82F6', 10, 0.00, 0, 0, NULL, '2026-06-15 21:44:49'),
(2, 1, 'Calificaciâ”śâ”‚n', '#6366F1', 20, 0.00, 0, 0, NULL, '2026-06-15 21:44:49'),
(3, 1, 'Propuesta Enviada', '#F59E0B', 30, 0.00, 0, 0, NULL, '2026-06-15 21:44:49'),
(4, 1, 'Negociaciâ”śâ”‚n', '#EC4899', 40, 0.00, 0, 0, NULL, '2026-06-15 21:44:49'),
(5, 1, 'Ganada (Cerrada)', '#10B981', 50, 0.00, 1, 0, NULL, '2026-06-15 21:44:49'),
(6, 1, 'Perdida (Cerrada)', '#EF4444', 60, 0.00, 0, 1, NULL, '2026-06-15 21:44:49'),
(7, 2, 'Contacto Inicial', '#14B8A6', 10, 0.00, 0, 0, '{\"preset\":\"#14B8A6\"}', '2026-06-15 21:48:50'),
(8, 2, 'CalificaciĂłn', '#6366F1', 20, 0.00, 0, 0, '{\"preset\":\"#6366F1\"}', '2026-06-15 21:48:50'),
(9, 2, 'Propuesta Enviada', '#F59E0B', 30, 0.00, 0, 0, '{\"preset\":\"#F59E0B\"}', '2026-06-15 21:48:50'),
(10, 2, 'NegociaciĂłn', '#EC4899', 40, 0.00, 0, 0, '{\"preset\":\"#EC4899\"}', '2026-06-15 21:48:50'),
(11, 2, 'Ganada (Cerrada)', '#10B981', 50, 0.00, 1, 0, '{\"preset\":\"#10B981\"}', '2026-06-15 21:48:50'),
(12, 2, 'Perdida (Cerrada)', '#EF4444', 60, 0.00, 0, 1, '{\"preset\":\"#EF4444\"}', '2026-06-15 21:48:50'),
(13, 3, 'Nuevo Lead', '#6366F1', 10, 10.00, 0, 0, '{\"preset\":\"#6366F1\"}', '2026-06-16 10:51:36'),
(14, 3, 'Calificado', '#8B5CF6', 20, 25.00, 0, 0, '{\"preset\":\"#8B5CF6\"}', '2026-06-16 10:51:36'),
(15, 3, 'Reuniâ”śâ”‚n Agendada', '#3B82F6', 30, 40.00, 0, 0, '{\"preset\":\"#3B82F6\"}', '2026-06-16 10:51:36'),
(16, 3, 'Propuesta Enviada', '#F97316', 40, 60.00, 0, 0, '{\"preset\":\"#F97316\"}', '2026-06-16 10:51:36'),
(17, 3, 'Negociaciâ”śâ”‚n', '#EAB308', 50, 75.00, 0, 0, '{\"preset\":\"#EAB308\"}', '2026-06-16 10:51:36'),
(18, 3, 'Cerrado Ganado', '#22C55E', 60, 100.00, 1, 0, '{\"preset\":\"#22C55E\"}', '2026-06-16 10:51:36'),
(19, 3, 'Cerrado Perdido', '#F43F5E', 70, 0.00, 0, 1, '{\"preset\":\"#F43F5E\"}', '2026-06-16 10:51:36'),
(20, 4, 'Partner Identificado', '#06B6D4', 10, 15.00, 0, 0, '{\"preset\":\"#06B6D4\"}', '2026-06-16 10:51:36'),
(21, 4, 'Propuesta Conjunta', '#14B8A6', 20, 40.00, 0, 0, '{\"preset\":\"#14B8A6\"}', '2026-06-16 10:51:36'),
(22, 4, 'Acuerdo Cerrado', '#22C55E', 30, 100.00, 1, 0, '{\"preset\":\"#22C55E\"}', '2026-06-16 10:51:36'),
(23, 5, 'Renovaciâ”śâ”‚n Prâ”śâ”‚xima', '#EC4899', 10, 30.00, 0, 0, '{\"preset\":\"#EC4899\"}', '2026-06-16 10:51:36'),
(24, 5, 'Cotizaciâ”śâ”‚n Enviada', '#F97316', 20, 60.00, 0, 0, '{\"preset\":\"#F97316\"}', '2026-06-16 10:51:36'),
(25, 5, 'Renovaciâ”śâ”‚n Cerrada', '#22C55E', 30, 100.00, 1, 0, '{\"preset\":\"#22C55E\"}', '2026-06-16 10:51:36');

-- --------------------------------------------------------

--
-- Estructura de tabla para la tabla `plan_limits`
--

CREATE TABLE `plan_limits` (
  `id` bigint(20) UNSIGNED NOT NULL,
  `plan_id` bigint(20) UNSIGNED NOT NULL,
  `module` varchar(50) NOT NULL COMMENT 'Referencia a apps.app_id',
  `metric` varchar(50) NOT NULL COMMENT 'Nombre de la mâ”śÂ®trica: pipelines_max, projects_max, users_max, storage_mb, api_calls_month, etc.',
  `value` int(11) NOT NULL DEFAULT 0 COMMENT 'Valor del lâ”śÂˇmite (0 = ilimitado)',
  `created_at` timestamp NOT NULL DEFAULT current_timestamp(),
  `updated_at` timestamp NOT NULL DEFAULT current_timestamp() ON UPDATE current_timestamp()
) ENGINE=InnoDB DEFAULT CHARSET=utf8mb4 COLLATE=utf8mb4_unicode_ci;

--
-- Volcado de datos para la tabla `plan_limits`
--

INSERT INTO `plan_limits` (`id`, `plan_id`, `module`, `metric`, `value`, `created_at`, `updated_at`) VALUES
(84, 7, 'crm', 'users_max', 10, '2026-06-15 20:42:19', '2026-06-15 20:42:19'),
(85, 7, 'crm', 'negotiations_max', 20, '2026-06-15 20:42:19', '2026-06-15 20:42:19'),
(86, 7, 'crm', 'api_calls_month', 5000, '2026-06-15 20:42:19', '2026-06-15 20:42:19'),
(87, 7, 'tracker', 'users_max', 10, '2026-06-15 20:42:19', '2026-06-15 20:42:19'),
(88, 7, 'tracker', 'tasks_max', 50, '2026-06-15 20:42:19', '2026-06-15 20:42:19'),
(89, 7, 'tracker', 'api_calls_month', 5000, '2026-06-15 20:42:19', '2026-06-15 20:42:19'),
(90, 8, 'crm', 'users_max', 50, '2026-06-15 20:42:19', '2026-06-15 20:42:19'),
(91, 8, 'crm', 'negotiations_max', 100, '2026-06-15 20:42:19', '2026-06-15 20:42:19'),
(92, 8, 'crm', 'api_calls_month', 50000, '2026-06-15 20:42:19', '2026-06-15 20:42:19'),
(93, 8, 'tracker', 'users_max', 50, '2026-06-15 20:42:19', '2026-06-15 20:42:19'),
(94, 8, 'tracker', 'tasks_max', 500, '2026-06-15 20:42:19', '2026-06-15 20:42:19'),
(95, 8, 'tracker', 'api_calls_month', 50000, '2026-06-15 20:42:19', '2026-06-15 20:42:19'),
(96, 9, 'crm', 'users_max', 0, '2026-06-15 20:42:19', '2026-06-15 20:42:19'),
(97, 9, 'crm', 'negotiations_max', 0, '2026-06-15 20:42:19', '2026-06-15 20:42:19'),
(98, 9, 'crm', 'api_calls_month', 0, '2026-06-15 20:42:19', '2026-06-15 20:42:19'),
(99, 9, 'tracker', 'users_max', 0, '2026-06-15 20:42:19', '2026-06-15 20:42:19'),
(100, 9, 'tracker', 'tasks_max', 0, '2026-06-15 20:42:19', '2026-06-15 20:42:19'),
(101, 9, 'tracker', 'api_calls_month', 0, '2026-06-15 20:42:19', '2026-06-15 20:42:19'),
(102, 10, 'crm', 'users_max', 10, '2026-06-15 20:42:50', '2026-06-15 20:42:50'),
(103, 10, 'crm', 'negotiations_max', 20, '2026-06-15 20:42:50', '2026-06-15 20:42:50'),
(104, 10, 'crm', 'api_calls_month', 5000, '2026-06-15 20:42:50', '2026-06-15 20:42:50'),
(105, 10, 'tracker', 'users_max', 10, '2026-06-15 20:42:50', '2026-06-15 20:42:50'),
(106, 10, 'tracker', 'tasks_max', 50, '2026-06-15 20:42:50', '2026-06-15 20:42:50'),
(107, 10, 'tracker', 'api_calls_month', 5000, '2026-06-15 20:42:50', '2026-06-15 20:42:50'),
(108, 11, 'crm', 'users_max', 50, '2026-06-15 20:42:50', '2026-06-15 20:42:50'),
(109, 11, 'crm', 'negotiations_max', 100, '2026-06-15 20:42:50', '2026-06-15 20:42:50'),
(110, 11, 'crm', 'api_calls_month', 50000, '2026-06-15 20:42:50', '2026-06-15 20:42:50'),
(111, 11, 'tracker', 'users_max', 50, '2026-06-15 20:42:50', '2026-06-15 20:42:50'),
(112, 11, 'tracker', 'tasks_max', 500, '2026-06-15 20:42:50', '2026-06-15 20:42:50'),
(113, 11, 'tracker', 'api_calls_month', 50000, '2026-06-15 20:42:50', '2026-06-15 20:42:50'),
(114, 12, 'crm', 'users_max', 0, '2026-06-15 20:42:50', '2026-06-15 20:42:50'),
(115, 12, 'crm', 'negotiations_max', 0, '2026-06-15 20:42:50', '2026-06-15 20:42:50'),
(116, 12, 'crm', 'api_calls_month', 0, '2026-06-15 20:42:50', '2026-06-15 20:42:50'),
(117, 12, 'tracker', 'users_max', 0, '2026-06-15 20:42:50', '2026-06-15 20:42:50'),
(118, 12, 'tracker', 'tasks_max', 0, '2026-06-15 20:42:50', '2026-06-15 20:42:50'),
(119, 12, 'tracker', 'api_calls_month', 0, '2026-06-15 20:42:50', '2026-06-15 20:42:50'),
(120, 13, 'crm', 'users_max', 10, '2026-06-15 20:43:19', '2026-06-15 20:43:19'),
(121, 13, 'crm', 'negotiations_max', 20, '2026-06-15 20:43:19', '2026-06-15 20:43:19'),
(122, 13, 'crm', 'api_calls_month', 5000, '2026-06-15 20:43:19', '2026-06-15 20:43:19'),
(123, 13, 'tracker', 'users_max', 10, '2026-06-15 20:43:19', '2026-06-15 20:43:19'),
(124, 13, 'tracker', 'tasks_max', 50, '2026-06-15 20:43:19', '2026-06-15 20:43:19'),
(125, 13, 'tracker', 'api_calls_month', 5000, '2026-06-15 20:43:19', '2026-06-15 20:43:19'),
(126, 14, 'crm', 'users_max', 50, '2026-06-15 20:43:19', '2026-06-15 20:43:19'),
(127, 14, 'crm', 'negotiations_max', 100, '2026-06-15 20:43:19', '2026-06-15 20:43:19'),
(128, 14, 'crm', 'api_calls_month', 50000, '2026-06-15 20:43:19', '2026-06-15 20:43:19'),
(129, 14, 'tracker', 'users_max', 50, '2026-06-15 20:43:19', '2026-06-15 20:43:19'),
(130, 14, 'tracker', 'tasks_max', 500, '2026-06-15 20:43:19', '2026-06-15 20:43:19'),
(131, 14, 'tracker', 'api_calls_month', 50000, '2026-06-15 20:43:19', '2026-06-15 20:43:19'),
(132, 15, 'crm', 'users_max', 0, '2026-06-15 20:43:19', '2026-06-15 20:43:19'),
(133, 15, 'crm', 'negotiations_max', 0, '2026-06-15 20:43:19', '2026-06-15 20:43:19'),
(134, 15, 'crm', 'api_calls_month', 0, '2026-06-15 20:43:19', '2026-06-15 20:43:19'),
(135, 15, 'tracker', 'users_max', 0, '2026-06-15 20:43:19', '2026-06-15 20:43:19'),
(136, 15, 'tracker', 'tasks_max', 0, '2026-06-15 20:43:19', '2026-06-15 20:43:19'),
(137, 15, 'tracker', 'api_calls_month', 0, '2026-06-15 20:43:19', '2026-06-15 20:43:19'),
(210, 1, 'crm', 'api_calls_month', 5000, '2026-06-16 15:01:14', '2026-06-16 15:01:14'),
(211, 1, 'crm', 'negotiations_max', 20, '2026-06-16 15:01:14', '2026-06-16 15:01:14'),
(212, 1, 'crm', 'users_max', 10, '2026-06-16 15:01:14', '2026-06-16 15:01:14'),
(213, 1, 'tracker', 'api_calls_month', 5000, '2026-06-16 15:01:14', '2026-06-16 15:01:14'),
(214, 1, 'tracker', 'tasks_max', 50, '2026-06-16 15:01:14', '2026-06-16 15:01:14'),
(215, 1, 'tracker', 'users_max', 10, '2026-06-16 15:01:14', '2026-06-16 15:01:14'),
(216, 2, 'crm', 'api_calls_month', 1000, '2026-06-16 15:02:02', '2026-06-16 15:02:02'),
(217, 2, 'crm', 'negotiations_max', 20, '2026-06-16 15:02:02', '2026-06-16 15:02:02'),
(218, 2, 'crm', 'users_max', 10, '2026-06-16 15:02:02', '2026-06-16 15:02:02'),
(219, 2, 'tracker', 'api_calls_month', 1000, '2026-06-16 15:02:02', '2026-06-16 15:02:02'),
(220, 2, 'tracker', 'tasks_max', 20, '2026-06-16 15:02:02', '2026-06-16 15:02:02'),
(221, 2, 'tracker', 'users_max', 10, '2026-06-16 15:02:02', '2026-06-16 15:02:02'),
(222, 3, 'crm', 'api_calls_month', 0, '2026-06-16 15:02:24', '2026-06-16 15:02:24'),
(223, 3, 'crm', 'negotiations_max', 0, '2026-06-16 15:02:24', '2026-06-16 15:02:24'),
(224, 3, 'crm', 'users_max', 0, '2026-06-16 15:02:24', '2026-06-16 15:02:24'),
(225, 3, 'tracker', 'api_calls_month', 0, '2026-06-16 15:02:24', '2026-06-16 15:02:24'),
(226, 3, 'tracker', 'tasks_max', 0, '2026-06-16 15:02:24', '2026-06-16 15:02:24'),
(227, 3, 'tracker', 'users_max', 0, '2026-06-16 15:02:24', '2026-06-16 15:02:24'),
(240, 16, 'crm', 'api_calls_month', 100, '2026-06-17 20:44:50', '2026-06-17 20:44:50'),
(241, 16, 'crm', 'negotiations_max', 3, '2026-06-17 20:44:50', '2026-06-17 20:44:50'),
(242, 16, 'crm', 'users_max', 3, '2026-06-17 20:44:50', '2026-06-17 20:44:50'),
(243, 16, 'tracker', 'api_calls_month', 0, '2026-06-17 20:44:50', '2026-06-17 20:44:50'),
(244, 16, 'tracker', 'tasks_max', 0, '2026-06-17 20:44:50', '2026-06-17 20:44:50'),
(245, 16, 'tracker', 'users_max', 0, '2026-06-17 20:44:50', '2026-06-17 20:44:50');

-- --------------------------------------------------------

--
-- Estructura de tabla para la tabla `products`
--

CREATE TABLE `products` (
  `id` bigint(20) NOT NULL,
  `tenant_id` bigint(20) NOT NULL,
  `name` varchar(255) NOT NULL,
  `sku` varchar(100) DEFAULT NULL,
  `price` decimal(15,2) NOT NULL DEFAULT 0.00
) ENGINE=InnoDB DEFAULT CHARSET=utf8mb4 COLLATE=utf8mb4_unicode_ci;

--
-- Volcado de datos para la tabla `products`
--

INSERT INTO `products` (`id`, `tenant_id`, `name`, `sku`, `price`) VALUES
(1, 13, 'Licencia Enterprise SaaS (Anual)', 'LIC-ENT-001', 150.00),
(2, 13, 'Setup & Onboarding Express', 'SRV-SET-001', 1500.00),
(3, 13, 'Soporte 24/7 SLA Premium (Mensual)', 'SRV-SUP-001', 250.00),
(4, 13, 'Consultorâ”śÂˇa de Negocios (Hora)', 'SRV-CON-001', 120.00),
(5, 12, 'Licencia Enterprise SaaS (Anual)', 'LIC-ENT-001', 150.00),
(6, 12, 'Setup & Onboarding Express', 'SRV-SET-001', 1500.00),
(7, 12, 'Soporte 24/7 SLA Premium (Mensual)', 'SRV-SUP-001', 250.00),
(8, 12, 'Consultorâ”śÂˇa de Negocios (Hora)', 'SRV-CON-001', 120.00);

-- --------------------------------------------------------

--
-- Estructura de tabla para la tabla `projects`
--

CREATE TABLE `projects` (
  `id` bigint(20) NOT NULL,
  `tenant_id` bigint(20) NOT NULL,
  `account_id` bigint(20) NOT NULL,
  `opportunity_id` bigint(20) DEFAULT NULL,
  `name` varchar(255) NOT NULL,
  `budget_hours` decimal(10,2) DEFAULT NULL,
  `status` enum('active','paused','completed') NOT NULL DEFAULT 'active',
  `created_at` timestamp NOT NULL DEFAULT current_timestamp()
) ENGINE=InnoDB DEFAULT CHARSET=utf8mb4 COLLATE=utf8mb4_unicode_ci;

-- --------------------------------------------------------

--
-- Estructura de tabla para la tabla `quotes`
--

CREATE TABLE `quotes` (
  `id` bigint(20) NOT NULL,
  `tenant_id` bigint(20) NOT NULL,
  `opportunity_id` bigint(20) NOT NULL,
  `quote_number` varchar(50) NOT NULL,
  `status` enum('draft','sent','accepted','rejected') NOT NULL DEFAULT 'draft',
  `total_amount` decimal(15,2) NOT NULL DEFAULT 0.00,
  `created_at` timestamp NOT NULL DEFAULT current_timestamp()
) ENGINE=InnoDB DEFAULT CHARSET=utf8mb4 COLLATE=utf8mb4_unicode_ci;

--
-- Volcado de datos para la tabla `quotes`
--

INSERT INTO `quotes` (`id`, `tenant_id`, `opportunity_id`, `quote_number`, `status`, `total_amount`, `created_at`) VALUES
(1, 13, 1, 'Q-2026-0001', 'sent', 4500.00, '2026-06-15 21:44:49'),
(2, 12, 5, 'Q-2026-0005', 'accepted', 4500.00, '2026-06-15 21:48:50');

-- --------------------------------------------------------

--
-- Estructura de tabla para la tabla `quote_line_items`
--

CREATE TABLE `quote_line_items` (
  `id` bigint(20) NOT NULL,
  `quote_id` bigint(20) NOT NULL,
  `product_id` bigint(20) NOT NULL,
  `quantity` decimal(10,2) NOT NULL DEFAULT 1.00,
  `unit_price` decimal(15,2) NOT NULL,
  `discount_percentage` decimal(5,2) NOT NULL DEFAULT 0.00,
  `tax_percentage` decimal(5,2) NOT NULL DEFAULT 0.00
) ENGINE=InnoDB DEFAULT CHARSET=utf8mb4 COLLATE=utf8mb4_unicode_ci;

--
-- Volcado de datos para la tabla `quote_line_items`
--

INSERT INTO `quote_line_items` (`id`, `quote_id`, `product_id`, `quantity`, `unit_price`, `discount_percentage`, `tax_percentage`) VALUES
(1, 1, 1, 20.00, 150.00, 10.00, 16.00),
(2, 1, 2, 1.00, 1500.00, 0.00, 16.00),
(3, 2, 5, 20.00, 150.00, 10.00, 16.00),
(4, 2, 6, 1.00, 1500.00, 0.00, 16.00);

-- --------------------------------------------------------

--
-- Estructura de tabla para la tabla `roles`
--

CREATE TABLE `roles` (
  `id` bigint(20) UNSIGNED NOT NULL,
  `app_id` varchar(50) NOT NULL,
  `name` varchar(50) NOT NULL,
  `description` varchar(255) DEFAULT NULL,
  `is_active` tinyint(1) NOT NULL DEFAULT 1,
  `created_at` timestamp NOT NULL DEFAULT current_timestamp()
) ENGINE=InnoDB DEFAULT CHARSET=utf8mb4 COLLATE=utf8mb4_unicode_ci;

--
-- Volcado de datos para la tabla `roles`
--

INSERT INTO `roles` (`id`, `app_id`, `name`, `description`, `is_active`, `created_at`) VALUES
(1, 'crm', 'admin', 'Acceso completo CRM', 1, '2026-06-15 20:41:52'),
(2, 'crm', 'pm', 'Gestor de proyectos CRM', 1, '2026-06-15 20:41:52'),
(3, 'crm', 'commercial', 'Ventas y gestiâ”śâ”‚n de pipelines', 1, '2026-06-15 20:41:52'),
(4, 'crm', 'staff', 'Acceso solo lectura CRM', 1, '2026-06-15 20:41:52'),
(5, 'crm', 'viewer', 'Acceso externo solo lectura', 1, '2026-06-15 20:41:52'),
(6, 'tracker', 'admin', 'Acceso completo Tracker', 1, '2026-06-15 20:41:52'),
(7, 'tracker', 'pm', 'Gestor de proyectos Tracker', 1, '2026-06-15 20:41:52'),
(8, 'tracker', 'commercial', 'Comercial Tracker', 1, '2026-06-15 20:41:52'),
(9, 'tracker', 'staff', 'Miembro del equipo, imputaciâ”śâ”‚n de horas', 1, '2026-06-15 20:41:52'),
(10, 'tracker', 'viewer', 'Acceso externo solo lectura', 1, '2026-06-15 20:41:52');

-- --------------------------------------------------------

--
-- Estructura de tabla para la tabla `subscription_plans`
--

CREATE TABLE `subscription_plans` (
  `id` bigint(20) UNSIGNED NOT NULL,
  `name` varchar(100) NOT NULL,
  `description` text DEFAULT NULL,
  `price` decimal(15,2) NOT NULL DEFAULT 0.00,
  `currency` char(3) NOT NULL DEFAULT 'USD',
  `created_at` timestamp NOT NULL DEFAULT current_timestamp(),
  `updated_at` timestamp NOT NULL DEFAULT current_timestamp() ON UPDATE current_timestamp(),
  `deleted_at` timestamp NULL DEFAULT NULL
) ENGINE=InnoDB DEFAULT CHARSET=utf8mb4 COLLATE=utf8mb4_unicode_ci;

--
-- Volcado de datos para la tabla `subscription_plans`
--

INSERT INTO `subscription_plans` (`id`, `name`, `description`, `price`, `currency`, `created_at`, `updated_at`, `deleted_at`) VALUES
(1, 'Suite Completa FREE', 'Plan gratuito para pruebas', 0.00, 'USD', '2026-06-15 14:18:50', '2026-06-16 15:01:14', NULL),
(2, 'Suite Completa Standard', 'Plan estâ”śĂ­ndar para PYMES', 18.00, 'USD', '2026-06-15 14:18:50', '2026-06-16 15:02:02', NULL),
(3, 'Suite Completa Premium', 'Plan completo para empresas', 25.00, 'USD', '2026-06-15 14:18:50', '2026-06-16 15:02:24', NULL),
(16, 'CRM Free', 'CRM Free Tier', 0.00, 'USD', '2026-06-16 17:42:01', '2026-06-17 20:44:50', NULL);

-- --------------------------------------------------------

--
-- Estructura de tabla para la tabla `tasks`
--

CREATE TABLE `tasks` (
  `id` bigint(20) NOT NULL,
  `tenant_id` bigint(20) NOT NULL,
  `opportunity_id` bigint(20) DEFAULT NULL,
  `title` varchar(255) NOT NULL,
  `description` text DEFAULT NULL,
  `due_date` datetime DEFAULT NULL,
  `status` enum('pending','completed') NOT NULL DEFAULT 'pending',
  `assigned_to` bigint(20) DEFAULT NULL
) ENGINE=InnoDB DEFAULT CHARSET=utf8mb4 COLLATE=utf8mb4_unicode_ci;

--
-- Volcado de datos para la tabla `tasks`
--

INSERT INTO `tasks` (`id`, `tenant_id`, `opportunity_id`, `title`, `description`, `due_date`, `status`, `assigned_to`) VALUES
(1, 13, 1, 'Llamar a John Doe para seguimiento de propuesta', 'Preguntar si pudieron evaluar los tâ”śÂ®rminos y el 10% de descuento que incluimos en el software SaaS.', '2026-06-16 21:44:49', 'pending', 11),
(2, 13, NULL, 'Preparar presentaciâ”śâ”‚n para Globex', 'Enfocar la presentaciâ”śâ”‚n en el servicio de soporte 24/7 y SLA premium.', '2026-06-13 21:44:49', 'completed', 11),
(3, 13, NULL, 'Enviar cotizaciâ”śâ”‚n firmada a Initech', 'Espera de aprobaciâ”śâ”‚n por parte del comitâ”śÂ® de compras.', '2026-06-18 21:44:49', 'pending', 11),
(4, 12, 5, 'Llamar a John Doe para seguimiento de propuesta', 'Preguntar si pudieron evaluar los tâ”śÂ®rminos y el 10% de descuento que incluimos en el software SaaS.', '2026-06-16 21:48:51', 'pending', 10),
(5, 12, 5, 'Preparar presentaciâ”śâ”‚n para Globex', 'Enfocar la presentaciâ”śâ”‚n en el servicio de soporte 24/7 y SLA premium.', '2026-07-01 00:00:00', 'completed', 10),
(6, 12, NULL, 'Enviar cotizaciâ”śâ”‚n firmada a Initech', 'Espera de aprobaciâ”śâ”‚n por parte del comitâ”śÂ® de compras.', '2026-06-18 21:48:51', 'pending', 10);

-- --------------------------------------------------------

--
-- Estructura de tabla para la tabla `task_history_logs`
--

CREATE TABLE `task_history_logs` (
  `id` bigint(20) NOT NULL,
  `task_id` bigint(20) NOT NULL,
  `changed_by` bigint(20) NOT NULL,
  `old_status` varchar(50) DEFAULT NULL,
  `new_status` varchar(50) NOT NULL,
  `updated_at` timestamp NOT NULL DEFAULT current_timestamp()
) ENGINE=InnoDB DEFAULT CHARSET=utf8mb4 COLLATE=utf8mb4_unicode_ci;

-- --------------------------------------------------------

--
-- Estructura de tabla para la tabla `task_participants`
--

CREATE TABLE `task_participants` (
  `task_id` bigint(20) NOT NULL,
  `user_id` bigint(20) NOT NULL
) ENGINE=InnoDB DEFAULT CHARSET=utf8mb4 COLLATE=utf8mb4_unicode_ci;

-- --------------------------------------------------------

--
-- Estructura de tabla para la tabla `tenants`
--

CREATE TABLE `tenants` (
  `tenant_id` bigint(20) NOT NULL,
  `name` varchar(255) NOT NULL,
  `logo_url` mediumtext DEFAULT NULL,
  `subscription_plan_id` bigint(20) UNSIGNED DEFAULT NULL,
  `is_active` tinyint(1) NOT NULL DEFAULT 1,
  `is_system_tenant` tinyint(1) NOT NULL DEFAULT 0 COMMENT 'TRUE = tenant de control del sistema (Super Admin)',
  `created_at` timestamp NOT NULL DEFAULT current_timestamp()
) ENGINE=InnoDB DEFAULT CHARSET=utf8mb4 COLLATE=utf8mb4_unicode_ci;

--
-- Volcado de datos para la tabla `tenants`
--

INSERT INTO `tenants` (`tenant_id`, `name`, `logo_url`, `subscription_plan_id`, `is_active`, `is_system_tenant`, `created_at`) VALUES
(1, 'Kodan Software (Sistema)', 'data:image/jpeg;base64,/9j/4AAQSkZJRgABAQAAAQABAAD/4gHYSUNDX1BST0ZJTEUAAQEAAAHIAAAAAAQwAABtbnRyUkdCIFhZWiAH4AABAAEAAAAAAABhY3NwAAAAAAAAAAAAAAAAAAAAAAAAAAAAAAAAAAAAAQAA9tYAAQAAAADTLQAAAAAAAAAAAAAAAAAAAAAAAAAAAAAAAAAAAAAAAAAAAAAAAAAAAAAAAAAAAAAAAAAAAAlkZXNjAAAA8AAAACRyWFlaAAABFAAAABRnWFlaAAABKAAAABRiWFlaAAABPAAAABR3dHB0AAABUAAAABRyVFJDAAABZAAAAChnVFJDAAABZAAAAChiVFJDAAABZAAAAChjcHJ0AAABjAAAADxtbHVjAAAAAAAAAAEAAAAMZW5VUwAAAAgAAAAcAHMAUgBHAEJYWVogAAAAAAAAb6IAADj1AAADkFhZWiAAAAAAAABimQAAt4UAABjaWFlaIAAAAAAAACSgAAAPhAAAts9YWVogAAAAAAAA9tYAAQAAAADTLXBhcmEAAAAAAAQAAAACZmYAAPKnAAANWQAAE9AAAApbAAAAAAAAAABtbHVjAAAAAAAAAAEAAAAMZW5VUwAAACAAAAAcAEcAbwBvAGcAbABlACAASQBuAGMALgAgADIAMAAxADb/2wBDAAMCAgMCAgMDAwMEAwMEBQgFBQQEBQoHBwYIDAoMDAsKCwsNDhIQDQ4RDgsLEBYQERMUFRUVDA8XGBYUGBIUFRT/2wBDAQMEBAUEBQkFBQkUDQsNFBQUFBQUFBQUFBQUFBQUFBQUFBQUFBQUFBQUFBQUFBQUFBQUFBQUFBQUFBQUFBQUFBT/wAARCABkAGQDASIAAhEBAxEB/8QAHQAAAgICAwEAAAAAAAAAAAAAAAcICQUGAQMEAv/EADcQAAEDAwEFBwIFBAIDAAAAAAECAwQABREGBwgSITETQVFhcYGhIpEUI2JysTIzwdFCUsLS4f/EAB0BAAAHAQEBAAAAAAAAAAAAAAACBAUGBwgBAwn/xAAxEQABAwMCBAQEBgMAAAAAAAABAAIDBAURBiEHEjFBUWFxsRMUgZEVIqHB0eEjMvH/2gAMAwEAAhEDEQA/AK76KKKCCKK9LFvkSBlDalDyFfD8N6P/AHGymuZROducZ3XTRRRXUdeq3wHLjIS02CSTjlTX0tu53rVMXtosaY8AOZZbyB74rHbFtNG9XthIb4ytYAHiSasmsVmj2C0RbfGQltphAT9Ixk95PmTzpTBD8XJPRUZr/Xc+mnsp6MAvd49AAqxtZbJrhpBbiJDTza0f1IdTgj2xWhkYJB6irGd6SyQpekGJriEiWhwtBWOZQUk8/Qgfeq8H4jjs19LaCrDisY9a85WfDdyqV6H1NJqW3fNTt5XA4K8lFel23SGU5W0QK8xGK8lYwcHdCiiiigjLsYYXIWEoSVE+FMLQ2ymfqKS0kMLWVkAJSkkn0FNvY/u3zb+4284z2bCSON90YSn/AGfIVLzRWzq0aHiJRCYC5OMKkrH1H08BSmKndJudgqI1bxLpLSHU1H+eXy7ep7e6Tmgd1OCxAQ5elFhahyYaAKx6k8h6Vp23Xdyi6atJuNvUX4ZPCriThTZ7s46g+NS8pPbxmurbadHyLT2yHJjxBW2Dns0jnz8zy5UskhjbGVRtg1bf6+9xESFwc7doGwHf7eOVXLc4hhTHGj3HFeZCeJQHiayWopKZV0dWnoSa6LTH/EzmkYzzFNPZbhY8iEPf1wpTbpOlRM1BDeWjKGfzif2jI+cVNOkTuraaFu09KnqRgqCWUn5V/wCNPanqmbyxhYI4g3H8QvsuDszb9z7qOO9lqLs2YltQr+horIz3qP8AoD70t9g+wBGtkOTZSgxEQrK3eHJJPPAHj/FYzeV1eLhrGUoLBb7bhTz/AOKeQ+BTr3W9c217Tq7Qt5DUlTgdb4jjjyACPXkPvSIcss55uitWQXDTmjI3UAIecEkDpncn6ZXXrHdStsm3LNodLj6R/afABV6KH+fvUUNoOx6fpuY8hUdxtSDgpUnBFWY1gNW6HtWs4ZYuEcKXjCH0jC0+/ePI0pkpmu3ZsVB9NcSrjapQyucZIz37j+fdVQvQX2HChTasjyoqZ+pt1Gaq7uqhsNy455pcSpKc+oJ5GikBhkHZaNi4jWSSNrzM0Z8wFKqNGZhsIZYaQyygYShAwAPIV8Tp8a2RVyZbyI7CBlTjhwBWqa82pWfQkZf4h1L8wDlHQrp+49381D3a5vEz9SSFo/EYbBwhpBwhPoP805yztj27rKGm9F3LUcgeAWxnq49/T+fdOvazvMx7Wy9EsrnZDBSZJ/rV+3w/n0qHutto8zUclwqdUoKJzk1q92v0m7PKW64TnxNY2mp8jpDly2FprRlv09EBEzLu57n6rlSitRJ6mtq2eWw3C9tDhyOIVqlOjd90yq8X+I2lOVOuJQDjvJ/+0QDJAUlvVU2ioJJXHGAp4bKrKLHoW2M8PCtxHbK8+Lp8YrM6puosmnLjOJ4SyypSSf8AtjCfkisiwyiMw202MIbSEpHgAMCljvEagFm0KpgKCVyV8x4pSMn5KafHf44/RfPejjferwxp3Mr8n0Jyf0UDdrd5M+9uAKz9RrG6P17L09IQUuEJB8aw2qJpm3Z5ec8zWIpi819C6egiNCymkbkYU7dkW84iU0zDvDhktcgHc/mI/wDYVI213aHeoaJUGQiSwvotBz7HwPlVSlsvEi2PJW0sjB7jT02T7wVw0zKb4ZJSDgKQo5SoeBFLYqkt2f0WfdXcLWS81Xavyu647H+Pp9lYFRSv0/vA6dulrakSiuO+eSkIHEn1BzRTiJWHus6SaeusTyx1O7I8ki9uWyvUUJx11SlusLJ4X0ElKvfuPkaivfrFNt0lYfQo8+pq2eVFZmx1sSGkPMrGFIWMgj0pEbVt2uHfGXpVmbBURkxVdR+09/ofmkE1Mf8AZivXRnEuOmDaO5NDewcOn18Pb0Ve1FMXXGyudp2U6OwWgoJBSU4INL55hcdZStJSR40gWpKStgrYxJC7IK4aQXHUpHeamPuh6W7S7NS1I+mO2p08u/oPk59qiNYIpl3NlAGeYqxLdm06LVo52WU4U+oNpz4JGT8n4pRTt5pAql4pXP5Kyviad37ffb2ynFUWd7zVARITBSvlHZAI/UrmfjhqUylBKSScADJJqvbeT1UbzqKc4FEpcdUR5DPIfbFLqp2GY8Vn7hhbfnr2JSNox+p/rKQ8hztX1q8TXXRX0hCnFBKRkmmlboGGhfNZC02yVOkJDCVZJ6itg0ns+m359H5SuE+VS22Q7saWmmZl3QYzHJQbI/MX7HoPM0dkbpDhqguotXW6wQl87xnsO5+iRmntEXxVrbIU4AfWirBLXYoFlhIiQ4rbDCOiUp+Se80UvFJ5rNc3FOV0jnMphjO2/wDRWu6F2oWfXUZH4Z5LMwjKo61cz+09/wDNbhVXGi9p07T8lo9socJBBB6VMHZPvMRrsyzEvTnaDAAkj+tP7h3+vX1o0VSHbP6pLqvhrWWlzqi3gvj8O49PH39U3Nb7N7PrmKtExlLcnGEyUJ+r38RUNdt+wCVpBxb3ZAsLyW3m+aVf6PlU7oU6PcYyJEV5D7CxlLjZyDS53hZcKPs6kolFHauOJ7EK65HUj2z96PPE1zS5MWitS3O03GKiYS5jnAFp7enhjuFAHZxY1P6jQ2pOeFWOlWV6BtAsej7VE4eFQZC1D9SvqP8AOKhTsM0ym+65YQEZbcfAOP8Arnmftmp6gBIAAwByArxo29XKZcW7qaiogpAeg5j7D91r20C7ix6Ousvi4VBkoSfNX0j+c+1Vn7T7qbhfHeefqNTt3m9RC1aQZiBWFPKU4rn3JGB/PxVd19lmZcnlk55mvOqdl/L4KY8HrZ8OkkrXDdx/Qbe+V4W0FxYSOZJp27HNic3WkxoMxy4T9Sj0SkeJPcKTtnKRcGuPpmrD91lcI6KkpY4PxXapLmOvBw/T88VeELBI/lKsDiDf6mwWsz0wy44HkM9yto2d7GrPoZhpxTSJc9IH5ik/Sg/pH+T8Uwa4WtLaFLWoJSkZKlHAApO7T94W2aUYdj2t1EiSAQZB5oSf0jv9enrTuSyFvgsYRQXXVFZ+XMjz37D9gE3H58aKvgektNLxnhWsJOPeiq7tSbdp9zu78hchbqlnmtSsk0UjNYPBW5FwirXMa582CfL+0kqydpv0m0vJW04RjwNYyim5bCfG2RvK8ZCe+h95C86YY4I8xxkK6pzlJ9jyrD7Rdudz1mVGVLcfURwjiPIDwA7valBRRuZxGM7KMx6YtcVV84yEB/jgZ+6m/ug6fDz67itOewZ4gf1K5D44qlNUN91vaxb9MkxJ7nZxZDaUKXjJQR0OPDmfvUl77ta0xZLWuYboxKITlDLC+JSj3Dy96dKd7BH1WPdfWy5T6gkxE5wdgNwCRj/uVHLe81V2l3diIX9MdtLQwe/qfkn7VDp1XG4pXiaae2vXB1Re5T3GFKdcUtWOmSc0qqbJHc7y5az0bajabRDTuGCAMr6bcLSwodRTa2ZbbLjoh5DkWSthxIxlPePAg8iPWlHRRASDkKT19uprlCYKloc09ipJ6z3przqC3mO7NJbI5obSEA+uAM+9IvUGrpl8eUpxxRB86wJJPU5riuucXHLim216ft1oby0kQb6ABckknJ5miuKK4pIiiiiggiiiiggvbAvEu2q4o7pQayT+ubxIa7NcolPpRRXEglhie8FzQT6LCPPuSFlbiipR7zXXRRXUuAAGAiiiiguoooooIIooooIL/9k=', 3, 1, 1, '2026-06-15 20:42:19');
INSERT INTO `tenants` (`tenant_id`, `name`, `logo_url`, `subscription_plan_id`, `is_active`, `is_system_tenant`, `created_at`) VALUES
(12, 'Pruebas', 'data:image/jpeg;base64,/9j/4AAQSkZJRgABAQAAAQABAAD/4gHYSUNDX1BST0ZJTEUAAQEAAAHIAAAAAAQwAABtbnRyUkdCIFhZWiAH4AABAAEAAAAAAABhY3NwAAAAAAAAAAAAAAAAAAAAAAAAAAAAAAAAAAAAAQAA9tYAAQAAAADTLQAAAAAAAAAAAAAAAAAAAAAAAAAAAAAAAAAAAAAAAAAAAAAAAAAAAAAAAAAAAAAAAAAAAAlkZXNjAAAA8AAAACRyWFlaAAABFAAAABRnWFlaAAABKAAAABRiWFlaAAABPAAAABR3dHB0AAABUAAAABRyVFJDAAABZAAAAChnVFJDAAABZAAAAChiVFJDAAABZAAAAChjcHJ0AAABjAAAADxtbHVjAAAAAAAAAAEAAAAMZW5VUwAAAAgAAAAcAHMAUgBHAEJYWVogAAAAAAAAb6IAADj1AAADkFhZWiAAAAAAAABimQAAt4UAABjaWFlaIAAAAAAAACSgAAAPhAAAts9YWVogAAAAAAAA9tYAAQAAAADTLXBhcmEAAAAAAAQAAAACZmYAAPKnAAANWQAAE9AAAApbAAAAAAAAAABtbHVjAAAAAAAAAAEAAAAMZW5VUwAAACAAAAAcAEcAbwBvAGcAbABlACAASQBuAGMALgAgADIAMAAxADb/2wBDAAMCAgMCAgMDAwMEAwMEBQgFBQQEBQoHBwYIDAoMDAsKCwsNDhIQDQ4RDgsLEBYQERMUFRUVDA8XGBYUGBIUFRT/2wBDAQMEBAUEBQkFBQkUDQsNFBQUFBQUFBQUFBQUFBQUFBQUFBQUFBQUFBQUFBQUFBQUFBQUFBQUFBQUFBQUFBQUFBT/wAARCAOEA4QDASIAAhEBAxEB/8QAHgAAAQUBAQEBAQAAAAAAAAAAAgABAwQFBgcICQr/xABMEAACAQMDAQYEBAUCBAQEAQ0BAgMABBEFEiExBhMiQVFhBxQycSNCUoEIFWKRoTOxJHLB0RZDguEJNFOS8CVjF0WDovE1c6OywtL/xAAcAQEAAwEBAQEBAAAAAAAAAAAAAgMEBQEGBwj/xAAuEQEAAgEEAgIDAAIDAAICAwAAAQIDBBESMSEiBRMyQVEUQgYzYSNSYnGBkaH/2gAMAwEAAhEDEQA/APvrHNHjNDSyagCpwMmmp160CBIoqE8txRUCpUqVAqVKn4oG8sUUZ8JoadSR4f8ANBJTEg9abJpUBUOeaWTSoHHNEOKbGKWRQOeaNV96jpzweKAqVDk0SkGgVPk0+BSwKBAkinyabGKQOaBYxUmcUFFQKn4pqWKAsCnplYEY86egLdSxmgwKLJoCyKVNgU9AqLAoPLHnT5NAVMtPTLQPSpUQXHWgW6nXmm2inUGgOlSosCgWBSpUwOamHxmlgUqbPNQCzxTZNFilgUAc0Q/N7U9LHX3oFT5zTUQAdcjigZetEOOlLGKVAOTTUqLAoFgU9Dk0VAqVKl+XNAqVKlQOGIbBqSowAzcmpKBUqYnFPQPt96Q4GKbFGoU0EYOaei2jyocH3qQVPk0xOPKluHoa9BbqY8Hin2inxmgClTgZNPgUDgEU0hxRZNMRnrQOSpXNNjNBsPrR0Cxmm2D0p6VQCxhqQGOlPt5zTEFetAsUm4zTkYpjzUws+Gn4od3GKGgOlT7Dt60y80D7z60+BQtxSV8+VAWMU9Dk0VQDYoafJHvTYNe1DE4NEpwtNjNP0GMVIN4vX/FKjpsCgRJA4p1YU2M0gAKiGyaRVh5U+BTbifOpBqVKlQGTnrSpl5bFI5DUD5FKhPWlQcjRYFDSyagCp84pqVA44ORT55oafPNA5ODTqQaHOacECgemwKbJpwcmgel9IxSPPShJLdaA8mnBzQ06nw0BUWBQA5p8mgWTSpUqAqTE0OTRYzQPjikvWnyKbOKA2JFPnmh+pfenUgjPnQSYFAeBxTbzuxmnHI5oHpZNPjmmwaB1ORRY4oVp8nOPKgdQM586KhX6c0smgKiwKGjoFSpUWBQB5586fBosCkpBoFSxilSoFUpYGoQc09AdEOKAHJqSgVIMTSphx1oDpYxQ5NODmgeljmlSIK+9AqVKi2UA0qMRk0/d0EXNGDheKLumou7/AKaAOMYzzSo2iZWXjrRGEjrQQ4FPTlWDcikFLe1BHRhsLyM02yiBCLyM0AZNF5YoMH3o15oFSp9p20lUmgMYIyBzT0goUYFKgWM0qVKgdfF7Ul60KnJos4qQIcdKVKlXoYyZ8qduKX5c0wOTzQOvNMx2nPUUwJFEANlRDdGp6HnPnRVINnmm596JRzzSoFilRYFDQJeaLAoRwuaJfFUA+TQF9y5Ip1bLUkkBGCMGgfrtpiQvvREgY9qEKBQCVB6UsCn+n3pUD5OMUyeVKkOKmEeacHFNT7TtoGp8mmHLYp8c4/zQN0p8mkRinwKBYFOGJpUw5HFAs80icUIOG5osZqAbJpxx1pYFMSTUg7cNilgUxOTmir0N4fT/ADSwKWBTZNA/0/enLA0x8XWhoFSpUqDkqVFgUNQBUqYHNLPNA9KlSoFSxSpUCp84pqVA4JHSnwKGjoFS6DFKlQLOFp1JNJSGGOlMeGwKA6VMDmnoFT80+BTA5oHxTA5p6fAAoCQgLTAAHHlQjgYo1IJzQFgZzSxinpUDAk80+TTYxT0BKRTNwaHGKIeI80BDgYpfppsH3pelAbcU+TtzTPzyOlJeRigOlk0OTRUD80toFNk0smgfPNPQ55oqBYxSpU6kGgJRTgkdaSijKA9RQCDmkQTRKlGImoI1BNSKntViO1BUszBVHVieAPWob/VdN0i3gnvLsQxXBxExGd39vOvN9uwyxlvLFGkWMZPJ6CuS7Y/FXSezVit1HNHLHIxjQg/Uw6gHpXMv8Yxd9nrTWrFoJgJFM1sOXSNjjGP1BuK851exW1nqbLGkm0t+Xd9h61YjtRKoKuMHoScZr5v174q6jpmtlpt8VhdOJYSzdMEAr/YE1ra52xtu1HZ7T3tNdaymvrr+XWrjI7qc52l/LHA6nzqP2VS4y9/ksxCm53Cj1PSuY1Dttptlex2as0krttDe/pXgHw6+Oc2pNqPZntVfPpmq6fDJ3YfxF3U434HO07WP715XdfGm2TtD2P8AmLvu7w3ge4hZ+VAON6+qsT59MVXbNCcYrPsfQu266ndr3mxLZxNtf0CNgk10VxrthBL8v3mbl8LFHjljtzn7Gvi3W/jLcdjNNs7jvo3itb6ZrlSOtvOeB+zcVPa/xAfzDtldWrXckVjGbe+iunADrAEII59yKr/yIT/x7vqW2+LWl/yyG7vgIl79raR1PCyB9pH/AN3FU+0HxThtNVk0qExxXa3cUZeToI2Oc/24/evhPUf4i7W87Ldo5UQzWi6puWNWAYu5LFseS5AORVXtP8bF1NtHawmkfUJ4Vs9RlmbiCRWRoh++w8+9J1EJf4136a2F1aaqsbxSoeGLqDyKhtLvT9UtzNZ3KToGKEqfMHB/sa+Km/iIsuw3anWHiunktra4t7OcOxI3yR7mPsM+ldn8JfjFYSdhZ9QsrhVs7drq4uZbhsbEdtwb7Ajb+9SrqIQnBer6ma3BHhYFcZyDUbRsvGMj1r59+Efx90/tT2TutdluspNPNb2yF+FCMRj3PI616doXxt0LVZr60Vlme0wMxNkybYw0jfYZxV8ZKW/arjLr2Ujyp40o4NRs7uO3dJQrTgFYm6irj2Rj46N6Yxn+9T3hBTKkLTZx5Vaa2bbURTHUUEdMTinIIpsE0DZNLJosChwaAlIp8c0CgUeeaAqbPNMST0pDk1MEeEpYxS6jFKgbAp+gxQ5NOTg1AInLcUgcmmXg0WMVMKlSpLzQPk01JvamJwagHwcY86eNgvlQ7jnOeakVg1BCgIbmjbxHPQ0WBmmK560DDxdafJphxTEE9KB1+rFGyjyFA3BJFEpNSA59qVFihbiohUeaBuKIHNehYAOaXlinYFfelUgPU4p34UEULHBpycjBoCoUOBinBzQt+H70DuBupZNInJzTUD5NN7+VIgr1pLyuPKgVPu5pqfaN1AsmnKY86WBQ9aB8mnwKGizzQDSpUqDk93hp8CovLFGGJqALGKYcmnploEDmnpYxSoFSpUqBUSgGho08qBsDdinpeeaVAqVJuKX5c0DYFP1OaVKgWcUR56UNEoOKA6WMUqVAlINPmh2gU9A459qJRQls+RohxQPk0VBTqSaAqVMDmnoFSU+KlRBQDmgQYmlg7qWMUZ4egXQY8qQ4pUqBUQOaGkpoDosClgU3NAzAiiBz0p85oU4oHpYxSwfeiVc0Dx5NSoCSfPHUVHLNDZRCSdjGuQMnzz0FZOpdrLPR5rK9Eqyadd7l70dAw6g06HQqioV3nGfInBrmu0HxB0vQ7iJWuUMb7VUqQTIW/T9q8y+OHb9rjsNrdxoV8sYsi0SXSv8ARJt3KWP6T0r4l1f42Sav8OdEuIL1tSvVilF1FE+2WxnDcOf/AM3jyPNVTeFtKcn2t2x+Oem2vbqXTZZZ7ZvkWM9q5ACnblD7ZrwT4ofxLzCfT+zSP3l7atHqUJg5bfnxI3OOnOK+WfiJ8WtR1jtFpva1tREupG1+QvLVj/qx4xu46n3PNcBrepWiyxywXsjs+HlvXyJFyc4X1xWTJeW7Fp9+4fYXaD4r3N9qtzHc2gh0CSQ3k0UoK90zLhgo8iG5wOK8h7CfEzVOy3antHFPqjT6ZJGZ4Jw34eHbCyc+StzXkdp26u4pzDq+ttq+nuUDTI34ijyfHnj/AD51Q1SO+hnuLFJZby12spWOIhjGTkED09ulZeUttdNs937RfHHXOzuvroXafu4DC/fW95Ed8c6sCFdc8bSCavt8ZdR7G9notNjbvrFpheXOn3X54JFH4ieauHAHXivHINLm+IXZLRY7qYpeaXN8sPmQd0lvjKn2x0rXb4H9pe0Gr3qTailpNBA0Tm6YtvU9NvrUPsrHcrKaa1v02e2nbHUOy/xJ0vtrodzPfaZrUAiW5nbe0TYw0T+hFeY67rl69xF3k7m40wtLbXGeZIy+cZ9s9K9R+F/wm1nS+zt7p+pnvyLs9zbyvxIV9PTPkR186bW/gM+oyi50q6J0S6H0zkfMWc3VkYeYqv7a/wBaq6S/8c9r/wASrjWuzqRtKbmaSQ30qAkbQowV9wTziptF7Xz3lxdXMzmSCC0IlSWTxPEACAp+4Fegdn/4erSaFri8vpphDCVaONQu4EYP+K7HRfgBoFloF3EtrJLJNHtO5ucdMA54qP2U/q+NHk/j5q+KerQaHfafNp6pFpMp72Ha3MkbqWXf/wAuSKhvO0d38gdWQRG21CZZ5U84ZPT+1fRd3/D/ANkrvs5b6dfW1xOtnKFD994mVhkL+1clc/w1aTLFeJb3eorZSyBo4cjKcY/2pGXHP7LaPJ/HkNx2ruJY+2c0s0tzFcmMtKem7OVbn2rT7LfEe50PTNAlvWmbSRK8FxCshCXEDH6eOpBGcGvUX/hddrFoYtZaTvYFaaKSHIcqMAcf9K8w1z4Bds9AhtrNYU1CBZi6IpwEUjBI96l9tELaPJP6eraf21/8O6HoelWMS29rA0qyADwvHIQVlx1B2gHmodA+Pr6P2utrWytme+u79ibhf9J4XGFwPIEjoa4DXJNStYEl1q1nsZViit5HRT40TjI9a5zst2unse0etXdtbQSltOEtp3ozseBgVJA5wcH70rMT1LLbSzX8ofWNl/Fhd3fxa1YXt4bW2s7iGxjSMnYzfnb9q907JfxfQX3aKC1l1OG9XbmSReVgA+tj9hzX586PqP8A4q0G11PS3htjeXEnzAnQYW5f6lZz9O78prn4u2F9olzdQQBbG9QbGRvpmAOXXPrj+9aa5rR2wX0kQ/Yv4c/HWz7d6u8EMsc+nvJi2ukXAlH969A03XbXWLczRKyr3rRj/wBPn+9fkh2e/if0rs5pOhyQaTcJNZziS9SzfYisGwSP+3SvpDsl/FQdQ7M3c1xerp9sJHLysvKuf9JARx4q1Y9RFu2K+nmvT7naEtgjgHoRURiYe1eY/Dz4722u9iUv7wxxS27pHOW8i/0Z9C3lXomidp9O7SJL8vMrPE22Trwfat0XrZkmto7WMH3pVPLCU6f/AMai280eBxilg+9OPH04p2BAqQZaQ4bmiUeHPnScc5r0NnmmyaXOfOkRg1ANT5zTUqB160VDnFFQKkOKVKphUmFKk/nXmwDB96dTsol5oWqINSTTksnU5oRxRg7mweakB4p1+pvahZNretEQQTjzqIE80s4pUWBQPtPqKY7T5f5pgu5sCmPhfB6VIHtD7qZPECB1p0YDPvQDdGxxXoeNzvw3Ipxw2DQyAggrwTRtGW6GgEjIp8ChU+tETigbocU5G5WJ5xQ55p88EetA1JuKVI80BPyRQjinJzTUCpZ5pU+2gWTTUqVAqWeaVKgLApU9Kg4sHJo16VHnFFnFQB5NFjFAeelHQKlSpUCpUqVAqJTzQ0+cUCyaKgogcmgc80OTjFFTYFA9KlSXmgQ5XNSAgUCqelFQPninpYocmgKlSpUBKctikDk0CEhuaLOKBZNEnlQUSnmgPGKelSoFSDE0qHotAYOakbrmos4oySaIlk0VCBk0VEipDilSoDyaLIoAc0gc0BqQaLZigjTLAetRQ6rENUNlKuHbPd5OCxHkPvQWVB2sWGcfpqtb6tZ3YkEUpBibbIWH0H3HXFTatqUVjoFxfwFbqOIlT3R5VvRq+cu1HxQtodYQ2uqra6y+6CZJRtVh+UN/36+9Qm8VSivLp6h2/wC2WmzdnpbVLwxahHIXhVxjc6dBXyd8RPi5d6T2Zayku9l/DqPfzxcmNYJRkMuP0/m9K5v47/H7bYtcwSr83bx7WtDw0Tq2DyPqzXyr27+IOparqAaS67iyv41Ibd5YwT6/tWfJk36X0xbvYB/EyJvh3237FwW5cXsG6G7nYZB/80e/9Oa+a4tes9NtYpobiYJcQ7byPO1mZfU+9bnZf4a9o/iFdLHo2nSdzGQHv5gUhAHQknr+1e7di/4W9B0iNbvXrg6tfEAiNeIFYf0+f71ktkincuxp9He/UPmBLa8127hi0i3ub0OvhJRsD7N5/tXWWXw+1efSFt76GWzkVycyKWwD6+lfXEXZKzSKJLS0jhNqMLFCgUR/bFG2hgq2Qd35sjOaw5dVD6LD8ft28U7GfDizvLFI7m3ikFrH3cu2PEmG/wB8V6F2c0D5/RoLfUbcLqGnZhWeNQDNH/5ch9c+ldfZ9nXnuEDhU2qU7yPguD61e021Ng5gvCGWE4jlPUiubfVf+upj0VY7ed9n+x0NlqN2f9aUyiclh4RG55GPTNd41v8ANaqryBkZUMHH5tvQ1HeNF/4gW9gTME1s9vMoGAOcjj71oeKOzR9paSE53etZr6hfTSxX9KGj2/cakhfMse3MbHy/961U0uKzsZgEDuJjIx88HrVuziGVYhcOO8Ax0PpU8s7RsVa3O0jaMelZrZ//AF0qaWJWIDGV/DUBHXA3DFTd93TAFlG1fLzrMS5EUIR8YQYUZ8QqaJkM6M7eEcZrPbNP9aP8eqW4KrZyxry0kiy5zz0xiiiAMyP3KkMcHHlSu1idoSv+mCCQKkhTaXCKxjc5Bz0qP+RY/wAeqz8mIyJFjKnd4CvmKG4gaVw0sR465IqSN7hV2+XvU5iSVSJDhj+Wp/5FldsFXOdquz8GuaS9tLDFP6bhyP3ryvtx8ENEW2k1OwDWFwsYt3eDgspBBGPTk17Zd2yx4kBKoRgH0NUpdN71QG2SBzlkPQitmPWbftmy6KuWvmHx8fgPr+ndme0iWV4WslhW5WzQ/wDzEiHI/cCuH1qS7ul0jXLrT5ooI2WCV8YDsBgH2Y+/WvuzW9LGk2UwtFUfhu7D6mBIwdvrXn118MbRtGuba5X5xZZVmfcBtJVcjjpmuji1cW/J8/n+PmvUPkDtK8WnJFAZQiXNwHMYHiCMckn9q9Sn7UvrOnRdk9JZAtii3zHb4bt1+jH29Kl1/wCCV12hhub+aFlvwzhrhcd0VxhSB5celcjpljfxanpcca5gWVYC8Kkv3aDMj8dAOlbIy1lxr6W1f09o+FXxISz7Naf2e1LVZbUJeyaprMm7c1wVIFtGM+QwcV9E9gv4ljrnaDTOz+k7xcykTzXBUAABuSQPbivh3tTZWfZ3WbjULJmmsLu3Wa1jdsuzEkrnzOMnrXX/AAs1y47ITaZqNtZz32qXEcu1Y3Ks2G3Ak+Sk1px5v2w5tJy8P1w7O/FPTO0ms/IW88ZjtQsclw5xmY9Ux6iuykt9jgEbWIyBmvy8+AnxmvNC7ZXVsjpr96+XE7/6MNyxyzHzYKOM19efDv8AiJi1PtdpXZsO2o6xPEe+XgpEF+puOa6eLPF+3Gyae+N9ANGUNCdxHX/FWbSe21ODvYnyF4fn6T/7000PcoXYbU9T5Vr3ZFfoMUjzRMmPahrwKm6jNPQ5oGpUWBSwKBvLHnRLzSxznzpDigVKlTE4NTDtxSPNOSHHHFNQIcUO7PkaKl+bFQAkk9KMnAyOtRkFGx1qXAIxQJHJGSOaJ+elRGMqODRIWHWpB/D6f5p6Cjr0CrlGXilKATkdadvI02TUQw8PWnLANkdKTDNCwG3HnXgmVQVzjpUKykMR6VKGwtRnhuKmHKkBSehps5pyxYAHoKaohUWBQ0+TUg1KlSoFSomAX3oaBU+8+tNSoFSXmlSHFATJt880I4Zc0qIgHrQSbBSpKFx/70qDh8c0VDnmiqAJafJpl6U9AVKlTb6B6VKlQOBk01Ov05pEYNA1PnFNRYFA9KlSPPSgVIcUqfigLOKVIEDrTHleKAt9PgUGBThiOtAQOelKkBt6UqBY5pUwOaegVPnFNTZ4oJVJNOvLYoU5Bx5UYXBzkUCp9op8ChyaBgc0dBjFHQJSaOgxijoFSpYOKLAoEvSiCZ6HB9DTxx78AYyemale3EsLozbcDI5waBNEwTchAYeRrzj4s6pBHoD3krS281jIsjSQHDIPXHXis3t38TrjsBeW6Rot3BIpWaBnHeBj0YH9NfN3bv473/bvRu0XZSxks7Lt3b2j3NpFcS4TULVhkoG4/FHTBqq9+K2mO1li/wD4uYuxGq6lp809rdNCUuLlVc91eQt1Kfpk9jXzD/Eh8TrHtH26k13svqEsdsYlZYrhiC3t6E157bSw9r+zcttZi7Tt98wIpLNgZEvoW6j0SRPf9690+EX8J6WUMGqdtZTdzp/p6fG3hT/mrFbJv26WLSzfp4V2P7NdvPi/q9wbHTGktpRtfUbriOFc5/f7iveuwH8Lmh9mvl5dfum169t18CtnuU/bPP7174tva6NaxW1nbx2dsgwiRrtUfsKrzqLp9+MN0zWDJqIjp9Fg+PiO2RZ2kMFv8tbxpb26jasUahVA+1TafpkIQLgsUOcsOcVYwkQJYU5miMZZW25GDXIzZuX7fRYsEV6hRmtobS/LocLIMHB86hMSI8hU7wegqyyd9uIwUznJoUgVBuXxNXOvkmzp48e3aG3hA5Ztn2qpfWMd5cM4Zgnn7mtBFaRyB0C5JpplVECk45zkeVUWs1VpCOTTo4LPES58iGHWmhlj+WkQn8NhtyR0ojODIqKwYr5ZoZAUYARgowyzepqi1ln17doYu8cEROQU6VpRvOLePcuW96oKjpKpjRsUd3qYjdY9xXHqKq5NFajvrMzN9AHOSR1xSSAqgDDEdWbeZI43dnYZGAGFCuS/eM+1fTFNzef4TyxLtjQkN+rFWEt5UjLGUDPQZqLvkyAFDN64oLgs6AkFsfpqO73Y015LbSkSKzoejLVuHUBddxtOGc4OVorSFJ4ldwQPU1M80aMAmN6jIqvmlxg15YXE8brv4ByRRWssUMXcyrh1X6/Wovm8TN3gZd3WpYTGRtGW4wCRStnnFRubWWe8M2SokUouPL3qGC3T5JbYLuk3NuBHibjFbUAdWCOoPGE9xTXEKM5LqFcZIYHBrRXLP9U2xxb9OLuNJM1pJahSqmXLKPqIrnW7H2um3t7JDaCLvLH5S32DG1GOZD9z69a9RWyRN0snDt1Oeaq3NlDNdT8A7UAGfU9a1488x+2HLpqX6h8y9uPhM2oado0se+3uo2fe6rlEROgwKxe3N/cdgtLtdOtYWF7qFnu+YYeJD5Rp6EV9YPosMe63UeNk27/SuW1n4d2t9qdre3tut2lsCiRkZwT1IrpYtTMduRm0MR5h8t9gO0d72P7D6pe2E0f8zkf5RSUBaI5yV9mzXb/BDUb2T4k9noYtbfTNTnMsmp34kz3dqBmY58vTj9q0vil8H72JLGfs+I4LaKSW4nsh4Wmlb8249D968N0ntK2jT3wigktdWdWtplfwBI85YHPOTXZxZd+nzup01o7h+luv/wAUOg9n9Llmjnlke8eOGC2t5ckxj6GPnz9q9x+Hvb+XW7aO91S+jOmrEpjXjLSN5ftX5I/DK51W77YT6zBulurSLcskzlliT1JNfUPw8+LlnH2fhvNYumttNjuhbkq+AHPU4HX+nFdHHqJi20uBn0c1rvV+jzhZ4o5VzskClc1A0ZFea9gfibcalo+i3WpGO3tr5N1vbScSRxDo7fevSl1GzuZzHBOJCvLYPH2rpRatnImto7MRihwKlkTaFPUVH+bFeoFSpUm9qBUqVKpBUsZpUq9DYGKdeaVCCRUAVNnxUbDC5qPPNA4BDc1JQkgnmlk0DHmnzTYNMTg0DrzT5NMOKVTCY0/FMeabAqANf6qcqGOR1oM04YjpQPgYxQ9TmnJJ6UiMUDUqVKpBUqVKvQqVKlQPk01KlQKlSpUCpUqIgFSRQDT5NNSoDDAUqClQcYpBogcmosYqQcjIqALOKfJoc809BJu8NBxT4GMU2welBIpBpUGMUdAQ4WmzmlmmoFT5NNSoHyaIcdKCnyaA+KBvamp6BEk9aOM+XlUdOCR0oJBx1pzzSPNKgWTRUBOKZnI86Axx1p6b66J+FBFAv1UK8q3tSBzmkvh6+dAUT4JA6GnJwaEKAcinHJ5oJcmlQbj6U7kjpQP5rR0PpRUCo6EDJovzYoHU5FEAS1JFBbpioNX1S00Gwku7uURIBkFqG0oO0d2mm6dFcpJiTcqqowS3/pzmvCPiN8Vte7IaibxFW9tpThU+gj+mtj4ySab2r7NT32kTvZarbp3gkhmB2MvmQD0NfLFv/E7HqOl63pXbHTgNUiRhEWB2TKv50PkT71Re+y+mPk5L42fG++13VLmCa1NjJKcRwNId8ZX8oPoa4qz+F938ftD0jXLWW7sO0dhdmK6u5kOya3Byrqc/V/v516Ponwfs/iT2gj7Qamk0Ogdypjik4eVvX1A969rs7Wy7P2EFjp9tHa2kYwqRrgGudky7du9g0s2YnYL4Z6F8PrL/AIO1STUJMvPeMo3yOepJ9a6KScgsTjLdT1zVG8kkbG3gDzqESrFGrM37E1zsmSXew6fj+kd1cGWbxHKr0A5qC61aO3Gc8+gqrfXO5j3Zwo6t61mpbrnLbmb1NcrJk26fQ4cET2sjWBezbAGx7irDfXjHh+9UxAC25SV9gKO/jaG0Lxsc+lYLXb602TKAFZmLFfShWabb9HFULWa4eNt4q8JGESgnHvWWbxDVwSC6bBVBnPDVQkjk2SYY+Lrk1J3oWQ43HPpVkDAIKn71VyWxHFFZ23dQnIO4+dS214XfBwqrwQfOjZ9q5D5FZyRLc3JJYqB6edV2stiu/bWaXcuUYg+VVWViX3oGf1NBcXwsH2lMr5EVNDK92SWhKIehqHJLinto27rx+NPep3gfHhUFPU0mPiqORpJCApIA6ivecJLEVstsCApcnoTRpqEZlWPG3cceIYxRSsyW4JbLhc7cVVs4TKWedM853ivJl5svXc7xN+HGZFHkBVSezd7qGddwCjGDVqa5a1j45NFp94t0QGO2QdQec1RyR2lGIGnkZnzipu7UY8RRRVmS4fa34QoYzuhKOQMeopyTUrl33AoGPvSR2eNpJFbNXbeJoV271ZfepjHgHAAB96trZCVbC3UWUJz6GopGjub3CjcqthtvXirid3kFMDHXFWLXSUTe2QrOc5HWp1spmIgkWOTxomS3XNRT24leMIdsvn6UTy9y5UckeYFNBcxi5VZXRGPka1Rkln4oNV7Nwa2iC9jIhU5cIfqHvjrXmXxJ+AOhduDNNPB8rcMAFvLYeLj19T7mvZO4dY96cgdR6ioVtGmjLqNpHVPKuli1Fquflw1u+INe7Ea58GdJ1OzuFeWzu3WJNQiUlWT8270/euX7Pa5JPqMPzU4awgzMkGfCXHQ49RX6Ey6Zp+pWEthqVrHNYyjDJMuQfvXyj8Yv4V9S7M302s9lUa80snvGtCfHCPQHz/eu5hz1t+3zmp0lqea+XqnZz4wW3aaLTJG1CeForeOGWF+FDDou/wAhX0t8IO1I1K+ET6jGttaSd5d5kDFBtzy3SvzAs+1d9Bp95pDEwRHCyxyLsMbeo86+j/hVq2laF8PYLvtBq0uh9nhubvIzm41e6AwUVeu0eo4rqYsm3b5nU6ffxEP000fXrDtHaR3FhKstq4IRtw3OR9W0egqy8ZDEjoK+VP4fPjLb9q9QGq3EZ0zTraIWttZrGR3Uatt7x26ZPXivqTTu0Gm61O9tYzi6dE3MyDjPpXTpeLOHkpOO3mElJvCfWpXiwzY8qAgL161cqDSpUm4oG3U9CRg0VQCocc0VCeDQSDleaDAos7RjrSJB6U2kDgUXFMpBqM5PTipbCfI21EeelSFMR8HNR/QvrUQS80WBTKRilk0DU26jwKjYYbFBIoDe1IADrQgktijPNSDAAdKWM09Dk02DU5GKaixmvQwGaaixikRj3oBpUqVA+2ljilvO7GaduDjyoBpUqVAsGnBwCB50RIK8ULKRQNRYFDT5O7FA1KlSoOKphNs4xmmUk04UCoCXIxnzp6hBJFSKS3tQGrZpZNMuMUQAbpQPSyaVKgKmJxSBzSagelSpUCpUqVAqVKlQKiwKWBT0DoSetPnmhTg5PSixzQLGaZlNFSzmgQO3pRnkYNBRUCxikRnrTjxdKHPNA9Ov1U1EpHWgPdQODmkwAp2Jxu6+1A+T6UYOOtIPmmB3Ng0B5xRD/wDeplANC8gVvCwz6mgsS4ht2lfIx54rw34i9p31S5n03ULtNNdMYtrnCmUf0scCm+MnbjW5tOubfRSXmjBCr3mFx+piBxXyF2/+OmuajpSaX8RNAh1m1iI7uXvys7J6huCP3NUXvs0Y8U2VPjU8eiXc97ps13ZzxRISY5CVX0RgvDBvKl8Ivg9ddqZf/FfbCORYpD3kFi3DMv6nHp/TWh8E/h4muXJ7S3sNxDo0RxYWFzMZXc+UjE/UB5enlXtOoXwVCoGMcgf9a5+XLDv6XS79wU88aJhEWOKIAIijAA9MVntdNIzSY8Poaqo73Lh2fECdSeM1BqF6uzC8bjlQPMVyMmR9Ljw7J5tRHdYHHtWdqGoxwxiSVwEHkKhM679zDA9KFoIpg8rqCvkT/wBq52TLM9Otjx7dhgd74F3XuovyD1qwzxqgVDuI6ms43bAlR1PSmnv1swzOm4EYx71jtZ0aVTSFhOqq2Cfepri9kUY2gk9OOtZlpG87fMSHYfJc9Knd8yHnNYb2bq41i1beGDjI+9DcyKyiMbj70yokcRYPg/eoxI/ebQNw9RWey7Y9qyoGMjkMK1YJkuIN4YkelZEdsxkLMc1ftRsj24AFR5bdpWiEN8O9PdqSvuKktYe6cFVyB61YEkUQL4LlfbrQfNMzFQm3PQ+lR3ewdrYswkcDI8utXLa0nwSTgDpzVLLqfqz71ejlbuT4vvUN3u0hZn3sNpPvQR3UqzFWCnNWYSuw85P3qYQQouT9XrVSS5EWuYMng4xVeMhopFUY+xqOR3RB3RzGOpqG1URMxdzhq85A3t3fhmAFT2sEdpJEQ3I6lhSDlG3YUp61NEyumFXePevC0pp52QZPANRzGKaHvVbIPpVXVO8ldRyqH8oqaGEWkaoysYm8/SobyiSzmSHPCr6Vqy92bRTs5Iz0qk6W04EUZ2n1rJ1F9ZivooLa3jmtiMNMzEbanyed9tW1gWVZe7fDr5etWe+buhuzkdMVXjhaGANnxH0qeI9z08XtU95QtBrDUYbyaWPdtlT6i64o73T4b5wNvKeY4qVe6xno7eeK0LCHcGVsb2q+sypv4QWRdECmQeAYPvWits4BkXGw9RVSO3jOQY2SQdeazb+61DT54BbjvrN/qP6a21ybdsdq79OkW0S8jdGwQfKq9tFcabP8oR8zav8ATvAII96jtbtomw3Dt5VrJP8ANRPtXDqMZ9a3YcsR0wZKvnb47/w6QaxLL2m7M20Q1W3XvJrCSMMkg9R61806aZ9R7UF9furgGwUyC3xjAHVIl6Jn1xiv0fC92gx9LHOfSvC/j58Aoe2WnXupaEGs9V2gzxRAAzKPNT6ew4rv4M8X7cHU6WLeavL+zXxZ1JbyLQdG1aK6tsr3dpGoEca/m7yQDy/zX1n8C/i63ZeC4gvZJWtO+2y3WzGT6A/9OtfAPZbtLp/w0UWl/pzJco5NzsH4kjDoc9f26V7N8L+3s/a2+t9X1m5ex7L6aM2kIHief80kg/Nj9XSurjyft8xnwfqz9TdI1W17Q2UdxabgzpuZW8j6UUyV4T8JfjVpsdvbWsDfNfNt3khDZ7pfy4I45r3dbiG8RHibKuu4V1aXizgTXjZDSfzp3UhuKc7T5f5r1FH9XSpMCo046UeTUg1JhSpHmmwXShXiiXmljFegTweKIgFcmkwpHkYB4oAWQoMeVIgg4HSiZafqaBgABinptw3U9ebB8mhKknNPTqSabADkHIoxIH6DFOQDQjjpXofJpqfimoFRLyTQ04OKAsjbQg4pvLFOBmgfApYFPQ5NA3nmnJyc01EyeHg80A0qcKwTJHNNQIZA4H+admNNikeaBUvPNKlQPxSoG60qDihgUQIK8VCQT0o04FQBYxR0AOaInPSgccDFEjEHimHHWj4HlQFkUWBQbPcUdAsYpYzQ5NFQMTinyKHOaVAVKm5p6BUqVKgfJoqCnyaAwpYYpEkNtP8AemSTFKTxUBNxtPkaWeaTf6SjzoQctQS4FDk0smiwKBRE0zcGmBx0o2HGfOgaljFPjikBk0CJJp4yVbmhp6AhxRL9VCAW6VLFESy586CURtxgEjOSw8hXinxd+MMPZqeW1tVMsqqctGC20/sOa7/4idp7js3B3cMscEU6YeaTgRmvif4o9ttW07UoZbDtdY3bRFizqoOR7jFVXvsux05WYPb34yahrMk76X2qWy71XV1SDksPI59a4n4XdhNe+L+sRX/aq8efQNOb6uC9436NwHT9XpWBZdkbz429vZjp9m+mWpwL27XwooHmqjozelfVGlaXYdk9Fs9F02MR2dqndovmT6n19/WubfLEdu/g0+/TTurhLW3SCNQsMS7Y41OFQegHkKwZX+YcliQM4p57wTvheQfOqb3O+TYFxznNcjJkfS4cPEV3N322EEJF5kGqF5MDOSfCAMKPSpZJVjbjknqfSqEpCybnPizmsV7OrjqONiq4flvWlK74+nC+mariYyBmY8DyoLl2mC7CRGfOstm6ozNGsgcnLj8opruLvY1ZiEGc4qCNO7fA5P8AepgFni/FJG3yWseRsohR3WWTcwCnoKltSSGdic+VHFEijAIY+9FLIwKkKMVjs3VQSIu8Dec1oND+DhW59qryAcPgZFSadmSTxDC/1cVXZcaWWSGQKRkHptp3MpBwDg9DUt+EN0iJ1HmDV4uViClQMelUWENsQiLu5ep2haZCyjaD1FUZZjFhkj8X9VWbVp51zkBducVULMkBigC8FjVeKMBXViRmjVGUjexzUlvhGbw7/tR6ksIeW3VcWBpZtrso9xVKO5JkCEbSeorRgBSXGzI9ajyeITb7GKZ6tjrVhbFEiJzuA6ChuCIMnbyeQc08FwyDOwkEZqO8A7W2WdWwMDyBo4kNvlMDf6UChpBlG2n0FIqxRlyDJ968efpahi70biN231p7/ay7BkE9AKxp9M1D5cmCbapOW3HkirXfW0McaPMSwHmfOoPOP/qSwgaOPBO9l860knBUpsOSuRVKykRhIHLDPTiori8S1uAWcooGMtRHaVzDGNS31VMsYjbIwX9M1Wto2vw87PhVOQF9KcxMUYqxBq6EbRLR7vcASAd/Q46UCzSW+0OC6lsB18qqwajKHWHaQvritKOdbi1ZEZTNnOxavrKqyZZTHE7MNyn82KraR2hsdT72FHHer1iYYI/ap4C9xBgghx9S4qjb6BbHUUuzD3Uvm65GauU7RPbYEa3AUnIZfzCrqRCycOrZULkg1jLeLp9y8LklX+k+lVF7RXemXwguFWaJhjeQK00vFWW+KZ6dPDcb3I28eYqyp7tgzJuA6HFZysvheIf6nlnpU8c8i7omYbR510Mebby598e3bwr+JP4A2/afT37RaHbhNQhBMiRgZP7dK+aND1y4SY2dwsoslXu7hIhgBR13nzHseK/Ri2nXBXAcAYZSBhhXxr/Fx8DtS0W5n7RdmmmXRL0l57SHIEbnr/6a7+nzVt+3C1em5eXVfC34y6CutW+i6KRFZRgKhfhmkH1H3B/sPLFfoZ8MO0idptGtXRkOyPaQOtfkR8MdU0vRr3TrvVoY4LqJEClE8EcfmSfzPX2N8H/jhDFrcI0iYvZyNtWNnG8j9RH5a62HLxfI6rTTHT7jkQ/vURUjrVPstr8faXTzcxsrOnBUDr71oyjHUV1YmLdOR12gIwVx5078dKdiDjjGKY89akEOVzSpkOBg09AxODxTtxSxmhJJqIcnIqPafy0Z44pLxUg4YnrSLgNginximIDHmgY4PSioFHpR0CpDilTgZqILIoKS80qkGwKelSTltp60CpU7KVamoFSzik3FKgfJpqVFGA/tQDS8qTAilQOWJTk01LyxSoFSpUqBUqVEqZ3c0EbdaVJutKg4ZWIqRSMUCjw5ohgHHlUAWMUYGOlDSyaBwd3WiAyabGKSk0BA5NHvqPOKagkyaJWJbFBSUndQSAZpqfIFPgUDE4p6WM0qBUqVKgVKlSoFjFPk0+BSwKAmB/tTL9dOHz1psEHNAdFQA5o6BYFOOV5pqccDFAs0s4pEYNMwK89RQKlSqSOMSL1waA1AUZ8qh1vW7bs5pzXtwGKj6UH5qtFPw25yB5mvIvjB2ntIVa1urgIQuVG4j/avJni9iOTlPid8QNX7RSrH/K4BbRnIt7iTxSD7ivkf4m6HLqOrvCtmv851Nu5S2sU2Im7z3dRiu57ZdrbO+Y22n3r7wuHlZyVUbsZHp+9T/DrQFgVtUuLma/JysM9x9WD51y75HZ02nmW32G7IWvw57M2+lwZa6dS9zMclnY+ZJ5NW9Ruu4ty+cuRjPnVqSYkvMfFngbqzLiAOAZDkE5FcrLd9Xp8PFCtwPlN7Ak+i1TineRtxXnOc+1ESxZsDC+gqO8l+RiU8szDHA6Vzptu69aIpL1I5xBH4pJTkj0FQjLXDO3RRjnzNRtKsWZ9uLh+g9BVSSZniTDDOcms1rN1KrksqFgo4B601zMIWKgceVUZJBhCWDEdaV5dhlhAyGJyeOgqi1mmtFo3G1wyIWyMZ96neVDlg+3IyRiqUJ2xLvmHdZznGKzdRv8z7UyRjGRWO1m6tG+DCyswfc3sakinV0xt5FZOiWxMJkIYMem+tm2iCuxDZHlWWZlpDIZFBcx5Q9KKMSRxbXIqxywJbgDpRJKozuUNnpVe6aOC3764DFsMOq1pK8UbeJiw9azUDtKzICRV6GJ51IKgIPOqgFy0cswVTuf0q7aRoyEAEEcUobMOxEmEI6P51YFs1sGcsAD0AqByhTjVu/J3DG7Hio7kNFcII8BWGDj1qKVXtZXyyupORxU0UayWxlL4ct0NRB2qYGCpz61dsmlacoV8B6Gq4cxtuY4HtVyG5ZgsabfvUd4eWFc2oljPhOR05psLEiLk8LRXyTRW6Nbne2cPz0qO6l/4wLjwgYqt4rzXi6bcR97IqhmwCfOr2TFMJwoOetQXFqZ4FlkRHVeQSAcVcsJ4Lr8NCQy+RqbyfxQy3GJFbccsMFMcVWfTEvZncqVVTnHrWlqSGCFGQIW96zkubiT/Vwi+qVCYRrMJboLFszkbvTypXEMV5EI2wwPTNTLaIyZYkk9MmpCGt3AEXI6cVJPkGJWt3AztwMcdKsQuVcSsd0Z6hR0p5gndo0mQSMEehpC1LQCOI8SdT6VOqq0pA6zIXVQoDYHvU8WnwiTvlJhkH1DNZ2p2l3bQJ8uyb0OSjedH2YNxPDMbiNmdvybs/5qdbTy6eWpG3LdqTN8qAy7jv+rHnU7TxpE2X59KgMTPA4Q+NBjDHzpWNkl5AzTNiXGMdOa0Vsz7RIriyS8VTkLJUN9pcUkLSOTviXJHpTSNJAnd3A2Y8xQ3KPFZKrsW3DGc9alFjpYgZlEcivu4zgVsxTpcx9ApP1D0rI0m5iUIFA4GMGrVzJBbSrIz7QPStVLMeau6+wC3AmX/SPkKkmjt76zmtb2ETWlwMMjjIxUUL9+kckWCvpQyyHbJtO7Awo9DXQxZODBfHv4l8O/xA/DLU/g/2t76SLvex2oyBrW4XkxOeo9qxtL7Rx9kdGh1Syt54tSmZRHOj+F/F1dftX2/2+7EWXxZ7Aaj2X1Qd2biP8GUjmOX2PlXwNrXZ/UOzvaKDs9raFbqxlMLhRgSRg4DZr6HDlrer57Wabj5fph/CH2nvNWs3n1PUFjbu1jSFTkONu7f9vKvpdpYrgExssmOu05r8xOxHxgmGsWWgaK38tEiqm/ILSD0H6RX3H8Eu2FmdGisrm4e7v5Thini2H0OOn713cGWNtnxepwTW270+Q+1BVll3KrdM+VVyMVuYjYpUl5pVAKmwNuael5YoFjNCOOtOretM3XBqYKmVstTrzTBQKBwNvShBI604OG5pEA1AEoB86SsKEKBTgYqQUf1HPGKVI85pflzXoW3nOePSk4J8Y60l2sc9DT5K+9A7P3oU9DQ02BT0BEBulDTKx3daegVO5KquOKakeQAfKgSnd1pwA7MAcUsbelRhSHz5UBlsHOOKR56UicjHlSHHSgVL82KXX2peeaBUhwxHrSHiXjrS880At1pU5GaVBw0S5Xk0WPHnyqFCQOKk384qAPdzT7qbAz0ocCglByvBps4oUTHAoqAqVKnHi6UDg5NP0OaWMUhx1oDpwc0wILYpZxQLJpZNKlQPny86ehzznzosigVKlSoCU5bFPQr1pZNAQGKOo1OWxRMSKB8Yo6jyduadHyWB8vOgOmU5FL96YAhaA85pZOMeVNSoFUkKkNUdThhFE0jcbVzQZHavtNaaNp0iPMvzRGEjTkk18n9ury87Q6pcTTxllk8PPG335r1z4jdr47lLiL5VbVoyx7xCNx/fpXzd2m7bPLJLYWMZuruQ7WfdkKK5+fI3afFNlOPsdDcXAt4YESEtlm3Y3Drk/wDauyeaO2tlRAEhjXaFXpWVpuk/IWADSl7iUd5JIT19sdB+1WYtnibO8Ic8+dcjLk9n1+nw8apnnNwNrZCocsOnFU2uRqCF/ohX6P6qK7uBHbvGG4cZkYdcelYt9qBR4LeEZZjkqeAorBktu7GKqe8uRa4UE7ycECoWuFmmWOTKyN5Hyqe2RLgLJKPfjmo7pB83LIQDjoayWdKqnfSr8yQozgYNQW47y42bAoonu1WYuqgA9RVI3CvdgBsY6jNZ7TDVSqwoWMSA9fLIqCVFKlm3FyMA03zRku2DDCU1zeqJlUFSPSs1rNVYAYGnhCRykn3NXLGxUlRKBv8AWoMt3uNgHuDir1mXMqsVIHqap2a4leSIQYVQzgdBQXd26RkQKWkH5cUpZzG+AaYNFIwlLGPPmayWmVlR2Mks0G2QFZD5VKs5SVUIyPWmiuVReg3VZtFS4Occ1FNc71VwsYGD1p4LeSTdhzUQg3qCCd326VYtN1vId7eGqhOIgQWZssegzQPMyyrCCGb1JoAwuX7+EMAv+aQs1upTMSyOOgqo2hZmBKiPqx6CmazYNuZsJ6D1qWJd3X8vSrCoO4ZB5HNSRVjHII8hSwooUJQN0x1q9YxP3J3N4D0Jp2t42idEY8dfeqLHJViBuFZRuDKcjmo5bDwb3kJfbnGaOJBbynbvJNWhCLhQrKQcYNePd4QaYMwqjy5BbACgnNXYllty4WMAnzAqO2tEhmYROcA5+qr5ZI4TK7ZbOMVOFdpVI5QbhVnjKhRggnOTQbomuCseAp6Bqp6ldfLzxyqC0W7nJrWhiheVX2+H9RFHmyzaRRSOBvXu1/MTR/LSXcjSRkSIvmD1qrcrCItoHLNgkGoIJI4CYw0kZHmCaIymltGN84cMEznxedaUdt3qCO3Yc+tCt5NhGZUlUfmIqa1v4fmlMsRgXGcgVKqu0q7W2+4McjlZQMZJ862F06DTEijOSW6so6VDLCl1PGIcStI3VDnFbotoolKzSAOOoatFYZ7Xnpzem6XNDPcRSOsqO3hZTk1pS6I6xHMyhAckjrUmnaLa2l697FcyOrjPdHpmqN/2gNvq0SKMW8owQ44zUo9XkW5zxhGbeOaMiUkbDtdT/vUV5ayC0YDnZ9AbitS9RUm74qQuNrADOaxbzUH74pJkrG2FPrXqyPLKs5cMrP8AhturSuWW/jEWQGfo3pQ3NpbygTJnIOT+mtDvIWXaECyqucY61Kky8tEG06RrcJC2Rs6+9Wt47xm8t1Rkx3EaS9D500BWSV1KttJyDW6k7sNqtC4l2KrJ4W65FeM/xL/CFe3/AGe/n+kJ3WvWC7yIx/rLnLA161ueZigOMdKkjzaSlWbdEQQynoQetbsGT62bLi51fnz8O9bt7XV2vdQEqTwkB3RsYx1FfZv8P/xR03Tp0utL1R1aUt39pIm6Q+xPn968C+N3wQl0jt8L3QbUvY6tIDtBxEkh6g+lZ/Z3s2nZDVvkdCvDedoCSJrsZNrF/QqeZ/qJr6PBnh8frNI/WXsz2gTtParKqLCVAJUtyavyR7Swr5S+AnxDs9Fv7OPV9Zlub+QAyQlCFQYx5e9fVdvfrqVmLpI2EbjKlvOvoMeTlV8hmp9dg7StNUjeL2qOrFRUqHJoqAWAzTgiQ80zdaBgRUwYJFPnmgBx1os80DOfFR0Eg2keeaN+OlQgKhBI60+6hLA+RqYOlvGMYpUqAGBAzRrS6jFIcUC/Nim3U/nmm2igcDBzSpgcmnoByaKmZcUlOVzQFkGmodvvTlgOtA9JeafimHFAmpU7CmoEPCOKVPtO2mwaBZxSpUqDg9oFLaM0KvkY86JsioB6IHJoaJSKAtxFFQDnpRDn2oDUg0aj0qPaBTh9vQ0BrzSPPWkOKVAOSDmpcio8CnoCXlsU9CDg5pxx1oHpj4Wx1pwQaQ4OaAsilQggdaKgSsfSi2GogMU/7mgPIXnrTls0C0+KCQkEYFCAAMChHFHQLFSg56VFThivSgLJoqA+HrR0BometZ/a++OmaJNNuVVAwS3ANX1SUjwtj9q8D+PWt3umtDa2t3Le3U7cRMcKo+w4qF7capUjlZ5f297WPrt1cxM4it0OBsXgn0rkezukWkIeZtgUtwR4j/ej1y1MJg06WbvJmbvZBGeXb19lrTtrGCxto4YW8IGWwPOuFmycn0+hwp7pxsRF6DqahurlbK0AVS0j/T7UkXIAJyCcnb5Cs67drvUXJbbHEMcetcu1t30uOkq9zcSQW4aTMkgOVQedSafYFoxPPgTSDDg/log4j/FK7mfoTzin7xmUMxxjyrLaXSx1M8qxq+3wqlZtxeNJE8mSFPUUUsjyDa3NQTxGKDxHdEaz2tv02UozZJzvYKSTVe20ubvJZ5JCXzkL7Vsx2yKRNg4PVajWN3ds+FfT2rJZvrAIiI0bcOagGnmVy2NpHTPnWhaxIscr9QnX3phcGVlcnaqtgACqF6NLJzbtI2Q3pVqK4zbgFtpHUVOlygY4IOBk1QaKKUtJkn2FRlOFyP8AFTfU0cBNuqspb3IrMVZe6IUlV3dParkHzRgA3hQPWs9l1U8FqrSBWDnPnWgga0dtoAH9RqpHbyBTibew6VPEnfORJkgdcmqZSFa3s5lkZWJ3/wCKsG+V1USHxeZWohFHCrbT9XWhgs0eTDcL7VVYbENzFGgjVsIPzVJbSLjAkU59TVSC3t3/ACsP3NE1lGz4TcRUHllyO7iUsc5FSpcxhiuf3rOjtSpZCcCrqWWBktkVHeUZaqukq7Y3GF8vWoxZyTKdhIYelUUgMKg8kD0NSxPNCCUkINOJskhkZbob1KYGTUyw7rhvxG2ZzkUElnLcYlaUKSMGlaRXNjKWZe8Wo1F2S2tobpVVSTjLVBNKqyBYwCpbzNM13C07SybkHTnilK9rJa7lbBByD61JUoatEzRrtU9c9KuWztdWwL+EeqmpBJFJGinlh1OarxRtFcYB2r6Nxmmy/wD8SkAAEkkBuRRruLEEct0FWVXu0JZcsTnpTxxtc3cUgGEU4zTZTaYWowsZQMOB1FXZO7YhSVwOD50F3bRgZAJPoDQ6QyzysHhfB9alDNay6NEkhaKa1mEZPIZT0rQi/CJS5RpSfqmHP+KKzs5rebeIt8f6Sas3l0Y3/Dibpk1prDHey20KC13W7q23iqV/p1tqFoRIm5wNyvjBDetK3myQ0ad05+pfI1eiFvcgskhjkVvEjc1YqjeJ3iXLwzXUbSQHBlzu7s81Uks+6uY5ZBzM3iX0rqpLALPJdxgZAw26qEw4cOoOeRUNtu2quSZ6cnMr218YIXyoOWXqMVblKmdWCs2Bg48qKfT5UuVuUTc0fXnqKbRMCSRtx2O3iU87aVaN44tC0mieLaRt3f4ppJ5rZBEV8JOBJVLVroadvdIy6noMipPnFv7WMDO/OeaviZhTwTqxh5PLN556VJNLvRhnJ9azk7yS5Ib6TVqDwb0bxIejVorZmvHFndouzsXavQZtOlYosg3K4JUq3qCOleF3/aeTsRqtzYPYWdjb2qqBFt5cj6uevPpX0jF3YOSdorxn41dhx2ju7W8VNyGT8Rx12+9dfT54jtytVh518Ot+HGvQajDDqNjsXedk0U8YaQc52qw96+qPhx25XXdKSztZEkaHwuzN4sfbpX5+6PqlrBqUek6NqBtIwQJ0MgBlx12+jfbFfQ3wo1KHsPqMrxF2jmdRIsjHcvuM19Rps8Pg9dpph9eqCR+J4eM5pzCDFuB5rP0jUjremRTwsrRuvJ8hVxI5QCCeBXYj2cEC+L2ojx1plANJ2BqWwbOafB2+poZAR9PFOrmMYzmvQO7cMEc0S+L2pEhn5pbfeoBmB259KM89aZj5eVJWBoGwM0ud1JvDz1ok55PWgVDk0akNTFM9KBUqHJoqmGJwaccruFOFBJzQxnbDtNA+MUqVKgROaYKQMU45bFPk7sUABMdacqG60RJK5pqBsCkAQcnpS3DHvSdjs60D5zRYFDT5NAIlJqRiNvFB0peVAqVKlQefbSDnzqVX8OW5qM71bpmpNgx0qAenUcY86Dn9QpZIOfOgKNircmpCc1GFyeTRMwFBJk0WBUatkUe+gIPxjzp1YGo0U5z50/Q0ElKh3+xpb/Y0CyaMkmo6fJoCTypw272oASKcjNA7eLpR5NAOOlHtPqKBj4etInFKTxdKWM0D5xSDZp8cUggHlQPkUW6hwKWKA6SkGhyaQ4oJPq60agtQR81ahQdegoINTuhYaZNPvCbBkufpFfJfxF12XVtakumdYrKMkd4x5OP+9e1fFXtc0nf2UWVhg8D+jGvnbtdMkthLLcLthQA7R1yPbzrn6nJ441btLj3t5ZUEsUzi4jjOX4DP9QHpV5Zl2vkAZXriqGk2MhtTNcy9023ckWOR7MPKgklkZCpZdpGK4F7PsdNj2qmuHEFrJIrYLjAIrPiCJDtz4mOTnzqxd3aPGEI2xoMgetV7ciYmTrGnX3rHazs44K4ulhAjA3buntVGOU96+dwQdBQ37GaXfHk7fbrQ7maNueT5VmvZ0qVV5bom68IYLV9Ejng3SllbOduPKq8NugLtI21h0WnF4LiCRRwwGBWOZmrbWEEk6pMWJYKOgqGWcvkhju9Pao4rN2LEhm5zn2pTTMkJEcTKxGAWFUWs11rVb3x21p3YbczdfegtbaWVG2+EZyN9Qdw8AR3OT+mtOQCWFdjMf2qHJNHBYGNpDv3gjFTNF8qpwMinnUd3EsTEsep9KPxEEEbgKr3WVTWcxkidZIgM9Khkc7duMeLFWVYRAEHk9BUdzHK/dkJz+Y1CywMCujmTOPatBJUKEjoeoqmtvuUckY61NDbt3g58B86osHhkM0jR/T6GtSFlit9pGG9ay5rWVZC69B0xWjaphFV/H71B7KRJUDgBhiporjM7KmWI8qZdP+ZO+EBAv6vOrttbrCvONx86i8JLfvo9xOfapEi7uFvqNSWkRDcg7PWrhtMIybufWvIiFVrKCT5VUzj9qZpFXw85qdrfY4JUjHUgVHJGJXyowa9N1qENLGeOnSrsbFAquccZrPhl7pwhJIPWrQeQzqzphAMGvNoJDJZi4Tb9S+hqC9hQ24242oMDFXHlLlRGrD1IFDJbgIY1Gfc02QZCwSxSRjaxjfz9K0+4dpYzK4AXoKEkJOsasS3rU7MrzeMeLdiop7rk8ibgNhQerVf0lIWgaHaWkznHvUTXMBiYvGXHkDVGyuTGzYDiT9NTZbS6G1tVkuZQ0WAnQ5HNXbe2jiVJIwJT6AVl2KsbZZInLyFsMh861HvwWXMfc7fq21dWIZLTLVt4JZBknavpR3dkwSSSRTs29RVTT9QZ1L7TtPQVM94k8bRl2BYY8R4q7aGO3JmCCC5Cv8w0RXpmldWKyRkwztBKvKyL51al0wqo2gOw67vOmjsTLbFAM72wyE/T+9eJ8lOfUbzTbNWn2XkXnLHxj9qytR1YTWTvaJvnH0oTVu/WfTp+72LJbyDG1+cGgfRYSSys0EoXoPM1BrxxCKxnlureKadDCzDBWoPljBO5hUAE5HvVmGWZbfu50zGvQ9KKRWTuXdG7pRjvE5FFyndxJeQMpjJdfI45qtJcxW3doImLbc5FTXlsbuYywsysPao4bl1ZFmj8YGC1WVKxKQBSjOSQPIelH3gTrVBLmZ2u0baUU5De1WtNePOZjx71bWVWSqX5gXjEAYQdWrl+1WhSaqkyxXpgY/SM8V0xhWKVhF4kPWqWrwpLAqN0DckccVdFtmW1Xzhc9iJNC7QzINKmvLqUllljJPdE9SMV7D2Kmn0n5P5u7+fuF25RxkZ/Ru/VUHaG11DZbobi6slDcXFufEo/6/vUa6Dc3lollbXcaaoD81aXDEiC9Hrt/K/tX0Wly8nyfyGB9jfC3WUnJHdvbxsmDFIOAa9DZPMNlW86+bvg921vryJtN1SB4tbtxllY4R/+UjrX0PpRI0yITSBpB1FfX4L8qvhclJpbyNfD1pmUZzjiiYZpjyMeVaFJLzUY5OD1oywHSkVAfcOagAfhuKQ8W3yzUjRhjnNCwGRUgs5pBM9DTUgu3pmogsCnTw9aEvt6in3jb0qQDxI/BwKkV2znPFOyhkyp/ao8FUpsFx+qjpDBXIFCST0r0GDigbrRUsbvagYHJp6FAR1ojwuaBs4an880sZPpSoF5YpUOTTg4bmgEqQc+dGBuABpHmkfD0oFSpUqBUqVKgVKlSoPPwceL/FHuOM54psDKmlu8DDHAqAcqAOBmiwKFDjwj+9NuagJh3nTimzmmUmnoCVhjFErA0O0L1FPgAUEqsQRRMRnigX19KSkN7UEgfK5pb/FigwMcU2OaCRiF8s0h4ulLJpkOH46UDjAGD1oqB1O6nBI60EgwWxQtxReEHOP80xIagekDmnoVYUEmKVIEFsUqAQxHWiLKehpEA0KkK3SgKlSpUEiHFK7lmW0l7oKjIucyHj/FJFz0rJ7XXLWuhXJ3CCFUy7g4J9qjJV4/2y1Sxhup0WQ3cgLNNL+Uv6LXjcrm9u31O+IS0jbdEh6H+rHn9jXXdpNYEtpI6wrCk5KqAeg9a8z1nUu/nZpgy2lt40jH5j6Vxs9n0Gjxcl/UNUNwWkWMxpI3n1qi0jo6hl5b8vpQafcPcRvdXGEJOFQnofWhvNQ7tgqLliM5NcTJZ9hgp6hurgQIVk8TAYGKlYvFYRwA8N9RFULa3Ltud97Mc7RzWhPPHDiN22k9VrNZvpXZnLcLIZO6fcIhg+xqa0kjkbJbG2q80sdpbBtgUs3T1pQ279zI7ryelZ7N+MrudUV8Nlj0NDpULSI7HknrVONpGYCQKCentWtpbiK2fJUEdax5GvH5WCy2dofzM4wPaq6vvjCAbmH5iKlWT5nLJhgPWlFFuixnYfaqtmniqhGkhCqu5x0zViFGWDGORRSKLeDCnn1qOOSSQZA4qFlsJkyFYZXNWI7VgobdnPUVVRkGSRlqt2rtjc3T0qpZVLEoMq5H01aLYt8efpVGNpXmPdpiM9WNW413yM2cgedeWSWBEgiVic5+oVXJCuDHyB5URukt1Xfznp71b7gNIGUjmqxBA5eNlaMn3qxAGVPCuMeVWSywwAKASevFDCrLl8eM9FqEidppTGEChMedNHcPuTdjnrVqHBj8a5akyIrDpx0qraQE0siEbec9Bmsztf2lvNJ0+Ga1WMeL8UsCeKnmUz3iYzge9abWsUyhJVEoPUMM15asz0jXaLbyWjagL/T45t+9ZFyfWpUUFmydoHnRGzFhCqRxgA8ALxik0gmQqdor2sTHau0xPRnlSN0HDZGM+hqw8oEQUZJbqfSs+W3WO3ZhknOQagsZzch0DHefWiURybIuWt1CL4mPVvSp2mTuwW8WehWse2Wa3eRJXB3HI+1XUuC8KwqodlOcr6URtAliaNklTkk5GfSmdGmZnJIKnPTrVmOdMxrKmFUY3Zo7qVWyI3TYPOireVm1Y+DcOvrUN5fDT5w+A5PWntt0iZbPh8/WnneJjuCB2HniiPXbQsNRj7sSjwA81O2oI7Pn81UrWwklUOUCKenP/SjNokjAB+RU+Sq1atODURDCARyPerdu80qoJQpjPQrjNYWY5sZBGOvNSCeTKPbyAwocHccV7Wym2OHZ2c6rbYJ7xF/MetDKYog5jLNzkCsweBG2v3isM+GoVvzG4WfCA9HHlV3Jj+uVltOSVVnmDbs55qtfAt4hyPIHitU3YmjQDxL5MvQ1mahaNqNwqIe7CrnAPWm8JV5cmdL3jRnu8tjrnzqN5JbeBNjcYyYuooNbimt7cNFKQQcYqha3U7Km+Mknz9RUW6sT2llluJVM9r+JHjB2+RoYklkKiVl9xQAyW8zxw5WJ28ajzob52hjFxaDeycyo/pU1qMsguAkank4Jx5VY7nu+8Q+Iqc59RUcL/Pr3ifhADOPenikdiCRnJwPtXtUbLEI/4dj5VFer30J8IweoqS3lWPdBJyMdfemmt3iiYtwRUt1NquZ7R3pjs42WQJJbnnvPMfauWTtgdR0bUbGO1jh1SFjPZOHG13AzlT5g9NtdBrltFeQygnMrdFb8wrhNX0TTbaax1PEiCFxJsjPEbA55HrXX0VtreXE1uP1ei/DP4l3w1KzlvLNEiMQBWV9sqv6g+Y+9fY3Y3UY9U08K+I7nartGeRj+k+dfEFpa9n+0XeXsZkuLUANLGCRLAQuTsweV+9fSf8O+qXN7pjia8aeKI90hYeNV9/evs9Lkfn+vw7TvD2uVcdKiyasPz1qBgBXYcQOM0o2K8E8UqY8+If2qAIcUm602D70twIzUwqIsF96AHNOBigJ2BodwxinAy2DTbQy5HFA5Tu34+miPi60ysfOkWA60AkEDw8UQAFEAD0NNQJgRQ5PnRE5piAaB/wAuaZidtInHHlTkZGKByQVBHn5U1CvX7Usmgan+o804AIx50x4PFAWDSPNPk0y80DFgOtPTFQ3WnoBJJ6UVMgFPQKlSpUHAr4l9Gp1YMCOhpYGM55psDOfOoAlxnHlT7huxQxqTupABj6UBNF+k0u6O7rTM+xc9aIHLcNQO6nz5phxwaMkjrQMQzYFBKuKCkOKfad1ASHk+1MODk9KQBDU55GD0oHzxjzpHjpQGQrzjJolYP7UBB8nnikeaCXleOacPjqKCRWBoBkU6jd7U4GTQPvPrTDimJAbmlQE0ojbPUUQmDjI4HpQE7hg0wRQ3AoJg2WxTlwTmos7WpEA9KCXPPHNPQRna3FSeePOgsWyZrz/4vyDuYYZZWS2U5ZVP+q3oK9CRxDFI54CjOfavBPinr/ylnd6vNKZ2LdzZQdMf14qnLbavhZSvKzy7thfW8fe3BYC2tl6eQHpXlyai2qd2SAGncyEZztQef711Ha23S+0lI5Wlis9qvJtHiJ9K57T4NP0FZ7jvNzu4jWJjnuwPI1xcz6jRRMNOBo1wZARxhEPnUNyDcTBQQM8A+lRtAbm6W4kkIXGcDiiAAZxnBHVq4t31WEoZVhH6SvQiimiS7G7OGXzqBO7Tv3I3BBn71Ssb751ZDGpRC2Oaps3VNqD/ADd5EijckZyPar9xcG3tkd/CGOMelClstmxfaSDUN9MLkbByuc4rLZqpMT0SKsk2T0YZzRjYFIB5frQAkIFxnHAqYxcEnwufKs2RtxpLOAWUIR269SDVpbtEYKrqc1Q7xXcIWLAUdlAHmLbdwFZ5aE0yNcjLqwHoKntbAohLHYo8s1NszJxwKlZWVScZT1qNk6obeEMzHGBUsqy7fAM1NboPFkjb6UbTRtIqnKKwx+9RlZyJYBNGEDd23qDVqO3jt4wg4z15qs3dwTFclsdDUrqJgrjwn0zVNrPRyWUcsLb+WFKAMY+G5WraLleeMjNAkAtYSWyWPWoJJLGMsCJDyKtxHc4B6DpVK0kAYeWetaJgIXcTk0kWAqjOTmqkibjmr8AVwRnBNV3Xurh0K5A6VLaBTAKT7kGa1tPcOxZ0zjpVJssUaFRjzFaljsVG3efSq0LHjdpmZgCV96jmsw2CgJYDJFW7iVFUqo8OM8VTSaZomYA4UYYetFSOBu9tnWRQrDpWegeNigQBj0q3HE8rN5H0qNrfdKZCWGOleL6mH4Um+UjpjJq7FGsY7xW58yPMVj39sdQiWJJTG1XLSOawhwzFwgxz51KKlul0XQkuQJVwh60MsMUszKhIb0HSjVRKq+Hj1qSLZCpwysw6mnFWT20qwhVlIA8quabcm34kt9wxjJbzqmGLPgMAfVqsxQ95DtOOucrUZRmvJqNdW84Ru9KsOi+VMIxHEk6k8tytY6SsZMNEdtSIzuoC7lA561FTbFLUYEAFl2BvWlpultPFKu4mJm4JoXnupo4+7Czhfyn6q14L/wCXgiimtniIGSyc81Kqi/qkue8tLQCBwAONoWq0UrNES0W8kZwBmtW3HfRd9E5YfpNVYrudZWxbhB05q5n3/TnLf5iJ5WjmdEH0pnha1Y9Snyssw7kqv+qB4aFLabvLgvGqh/fpUbxThDFJKO7IwR5VXWJXRMK+oXAmulVyZo2Od68KP7VYARZY0TwpGMANXN3zGC4ZIxKq4xsHTNbGlXLSQpFdYOPMCrF0x6q2p2MkVzEyu/cynG4etactsYoWEpCBl+oU0kBhKRiQSRI+7JNTXEe9R4i4HRW8xU0Jsz1t0UN3Z8LDG6nSIRJFltxXk1El6DJFEVKiRtqVZjByykYfODXkeenqQWy3HizgMc5qK4l2qy5zRreqLWNMDIZlJHlVYKXaRmUnaucetTQYGo2sD3J77eA6tyvlXEdobG1TSI4mLrNJcs+4Hwunoa7rWI2aBAGPJw32rkNXtLg6i8UlutzFEvhjj+rb64rfprxWzn6mvKqh2OjsbfU5LdZ3sppCO73nlFPBHuPvX0F/Dx2hNlPJbzTrHcRyFG4ysqj9Xox9q8DaxvLXVNMzp6XNrIiln/8ANjXPr0P716r2Qt7aZrV9MmktpcmPvWBCyY6Z/qr6rSZPZ8V8hjfY26OYBopQ67fLzqBgc1z/AGG1e51XS4VvbfuJ41HiVdu6ukcgNX1EW3q+OmONkWOaYqUbI6U5yG5pHIGPKvUT7qDaKXlSz4f6q9CWixxSwAKQ54oHHDUiQBxTZ5oWoJMUBG7rTl8bcikSD0oHVQlOeVyKTAsOKZTjigeh53U6nLYpMcNQPjNDk0smnwKAeQ1Kjwc5psCgRODkUz89KLGaFvB70Dg5NOOKHOKKgVKhyaKgQ4pUqVAqVKlQcBsVlwGwadDvB8qQGWBHQdaX5T71AOr903jowhegVQ7etCjFGxzQEYyG2n+9ME2vkdKmckrzUfi29aAmff7U6pzQlN9PHJ680EpUE4B5oFdt/NJhsO4cn0p2lG/pQFnmm5x0psmlg4xmgceBMnn2pmXC0zZBU+VSfUmelAMbd2ORmiZlY486BGJ8X5fSkseZNwP7UEmQo8XWhWXaORk084yVPmaEgrt880BMokBIODTxsG60Lx7ScHwmmTxM2eMUB06hi3SnjXK8nNNG4dvDQOxDkDoaf6CB60Eq5OR1FH9QyeSKAsjy+qiU5kB86iYEN4eKmjIJUedBH2huxY6HMTglxgD2r5Y7YyT6/q9latzaRuXcsDjP6a+je3kYltIS8zCNVZnTGMe1fP8AqkjXN/Ktt4YXfauT9I/M1Ys7Xg/J5V8XO0J0zR3MZRVZhGp85JT0H2HP9q810WY3DWlpLIWkRwZmY53OfL9q6j4iX0es9sZbN4gbGybuoAOSzt+f9q4/Q7c3PaqYQAta2rFS/mxPnXKu+o0z0RXHQDkDFRShn3R/RH+dvWpYgQzEDcVqS4buYH3kLn6m9a5FvyfR4wKojtEUDBk6n2qPuUinTu1G0nOBQvN3sSbThCMVPDtjGepUZ+9U2b6ldkw2eZDzWfFIVhDlME9DV+8V5kT36ipdT7i3s40XBfyrNaF+NTjBWNnbr5VDHDI0LDed/pVhXEqJFjJHWrdvaeAjpnpWa3s2VtxVbe2IBJGM9K1I4RDESo8XrUNvE9owVvFjzqeRzIgOdo86oW8t+gh3kGE6+tTyBkiWsaTUu5lWAAl28hWpKS8XJPFU2loquxuAQoQPnqanu4u/hjJTaFOdwFZ0BmGAu0GrivNu7tmB981XyTSRtGpGfqPXijlQb8qcgVXIJmD4wfarssoNpu7vx1XsAN1JhFKZI4BoHu2VR3ykEdQKSXBYgKNxFFJOitkjcW9fKorTrHM0SypESta0M7qFEkWB61lNcNCinJQegNaen6kb+MJtXI8zUdxetZl39Me9Ur6bZIzZzurVkkgihXwE+uK5+5nV1BH0jzqUvI8pGuvl/EhyvpWhHfOLWOXZtB6BqwZegZxgHoK3YfxVijI3RDpSErR4WrbUJJYyGRXUjAxTteraKVccHoKsTWgjsywAiRfI8Vi6tcRxRKwOfSkqojn0sRy/iBh1PU1OZlhYEvkHrUFrGzQAkYwucU97EgjTb5daLAyKssokXHHXFX3HfoI24A9KwLK52O43DB6Vq207KQQcj7VKpaE7SvHBsXBIobWN4i/0nNSTPvDts6LkVDayHxZwfevVS09qJ0D7l2etQajLJAixW7qu/q+fpqe2jU3cURbjbkr5VNeWauMsmGXpjzqqxFuKGHcLYB2LGibKHBk2j71YtNObADHaD03eVaF1pdsCI1O8AZJWvNkbZK8u1fRXW2A3ueTkt54ro7W7XUoHSJgHXjBqhpOjFWErqJIwMHbWwulQJDLcoNtuRhiOualWGDLerJ+d+XuflSrwzeg6GpJ9RuWOQEkHmv5qsLYrexrcIcyL0LdarW4RJJEkXD/rqxVWYDPfIWhAU7x9aE9KguJzLL3SLlcZqnfTxyTQwBSG3bDIB/mrcEgsJyZfxEHhLKP81FbtDOidlnMcrAuTlSB1rbtrZZINxjBZDhkHDfehv9KS5s+9t03E/SR1qe0jlhRBsYS42n3FSSvfZQvbQ20gKjMbrkD0q7bNG9nb95xzt/anurY3agMdrgYxShs2WGOOVsbW60VclPUrWNrsusYWFHyre9R94ZDjZjccmr90TNAI8Ywciq0UWWD7tyg4IqUeOkq2YOl2c0NxeRTMShlyufKtGWHuZXYOdoGKu3kCxXbDyPnTXEQwq4+rrUznDlb2RDKUbxIeR7Vy94z2d/8APwTbbhBmRG+kr6V1+o2YiDhTy/TI6Vy2oWXeXMgZMFFV0Hkf1A1fh/JRlj1bHdR6hoDyLI8UM0RCMgyYgDkA4q92A1eZNU/l0vd97IwlTL4GT1+x4/zVXs/pt1awFrBj3ficxMeB7e9TXegfzeyiuba2MN0oMySRZIKr9Q49MV9PprPj9bG/J9afD/tN/PbFbVkxLAACW866iaLDNzXifwO167hjhe6hEvfqQ0iEEHHVq9uV1u4zLGrKB1DV9Zhtyq+HzRxuhlJyvvTEk0pOmfMU1aVBhz0pyMnikBt6UlBoC/LTZxSOQKHOfo8VA9LGaROOtLIoDZhIMYwRQDwNgjNLcd2f8U4ky+T0oEk2TjGBRYxTEIOSaHcevlQOODmkxG6nwPWhYDGfOgcrluDRUABAyOtFnjHnQPvoNxzSxSxzQEzAUw6023PrTjjrQNRr4qQjJ6Chj3KxHpQPsp6DvDR0DAEbs84p15ptxXpSU+HNA9KlSoOBRcAgHg06AEsD0FMByPelkjLDjPlUAlPdNu6j0opDuXcv9qWFk6eGmB7v3oFJGQmc8Ua8rQK29djdKNOTgdKB4yd6jyoGTYceVIsY5VGMGikyzelAuc5o2I3Z8qEOD5Ux5G3/ADQSDA60EgwMqTiixu606OFG0UACZThTxjzomkKjBXIppYwQAfDjrUokBXJ5oI4iCwB4Bp8bZOODTSRnbtB/emc7W3HrQED3hAPUURRowCeRUfiznPP2o1BKMrZNA24xryMinUCQZJ2k0wfAUMMimWMr9B3LQHH+GCD1PSmMYjA5wxpSNuceWOlOyd8OD4x50Eg4XJpskf8ALTA7kweDRKMgjyoJIxuGfP0pRRmTBXhqjjdo5M9asxnYy44oON+IuoRpauJm2W1upedh1JPQV4nq8UVtJCX3LPPGbmWMcd0jHKj9xXq3xQMdsWeYH5GHE04/W3kK8VvLyWW41HUb9hE8gZyh/KMEKP2yKwZZ9m/T1eJ/EedNO04XFoFS/uJ2ZpTztj/7k8VD2Rs/5VpjBUV5ZmHeSN1FQdrJ1udfkcqJYoAsjJngt9K8f5xUcsk9ldQxs20tEszqfyj1rk5X0Wm/J1y3AtVcIuWZsZ61Ru4Jri4fvMiIL4R71c08LLZxTSN9QyoPmaiN8kvfRKrM4bCmuVZ9LT8UUcQQJ4vGOo8qtQTq08an6cYxigWIuVO3jzqCW57vUEXaAPbyquzVSVi6Kw3AwS2OlVHtJJJEfxFA2FBq06te3ahRkZ+3FXLyylbu+5UlQc9az2iWittkPcLAzFFyfvVqHdsUuP2q1DBG0bNuwPU1Svb/AGyxxpESx9PKsk+rXSeSaSdRNsbke1DKjSRuAcKehqaGBVXcMM/oatSFUUZwcVmmVsMyKxHeJLLGNw6Gr7AEkMOD0qUxeBQAcVJHaiSLfIcbaotMNETKm8KQlWIY+tTShXVe7OBU0wMnhyoH3prdFixGxBx51WnWwLWPu5CzPnPTNaSvGT42oe7DquEBqOW2aYqcFR50T3j+mG0MSg5PSimjQqABhj1PWpBamQ8qQq+Yq5FCsWzoc/4qCXLZTSzNyUQLlR1BqRoe6YrEm3HnWm57lwABk+Yp2ZLmPAADmoPeaC1keWI7s1isyCaQZ5U4+9dDbhGmWFRg1k/ylibiY5G05WvLTuupMC/BkQFuAvlWpYbhPHtGB6Vh228nIC4bqK3tKZJCmGw48q9o8v61Xb65Een3Ac7gF3EmuTluElgjZzXRdorj5Oxv5HUbTGFH79K42OUPZKyfQv717k9UtPXlHJ2OkFZrcMpzkYANR6xEbexLgYI6motE1K3VI1Y7W9q09WAuLOWNhxtzj1r2PaqMx7OZTDYaIA5XIFa2mqw7tJFwTXP6cHZA6dV8OK6GwuAJFc5Jzkewr2q27ZQNIsyhQBjFU1mW1sJBtBlzgBqtIWMu1ThWOSaxJlePU5EZy+05zjrSWSGpZEvMuVAbGM1akR/mA3ekqgzj1rFeRormLGTvOR7VoQpM0qtjAxjHtUXloX7O4kZHUsr56Zq9NdQIgX/TYjBxWQsWDlcqR1qxbxb5A5hMgAyeajuzWpv07LsyILmIBZhHj6gT1q9NYQQRtG1y6RyN9BHh/vXIafcNdSkYWDHmtXbm/uIJFiecyKpyFPIq+sufkxTazfaIMjRRosij80ZrPu0W3ljgYAPJ5kGsZp5dxdJe5B8lNAl5cC7Epue9ZOgYVHd7XHZr3MUBAQhQ488VQkVdPldG/ER14K0TauWAaa1DgdXSi72DUo98BxLGMbG4zXm632R2txJY+O3YyIfrRwePtWnb6pb3BcCTZKv5HOGNNIjRxqeIp/NW6GqeoaPDcfjtEe+/Upwf8VLaVdpW1kRkLYIy+Ru9Ki1J3ihJ8OCcg1cstsixpKoKYwGPmaPU7COVgyjBUYZM9K9V8vZmGQMYwpyGXPSobKzaBGDHB3fSaGe5RWRW8BQ4BHpWjIrXkAKDaSc0WzOyjcW7MFMhwc5/aoXlLTqc7gKs3U2665GUVMZ96zluIpGkUkhvapvIVNejL+PyxniuedkMNx3hwxkTDex610epXEdzZBozkeJSvoa5fUcpYSEDLK6DB86lWZ5IZPxWtA1eXQdZEU8TSR7Gkj287z6V0/ZLWU0o28sBHyFzN3xDcmA/mXA8j71ly6YxXTJonV+6YltvLBSVHT2JobjHZXUdIu2RRZXUrQyIOgOa+h019u3zWqrWz13sVHa9n+0lzbIJI7R5u8iJHChlyQP6fevc7W3buwyzK6yLxg+EmvENA057q8tbb5gG4j2C33niSAjOSfYcV7Tp2kPpkJCuzqRkxnov2r7LS25VfB6qu1hFSWZTQZ8vOpGfawYjk9ajZsSZxxXQYy525zThiBjzp8023nPOaBySabIPTimJxSKg0CbxU+BTLxT0CIBfINNswtMU28ipAc8eVAzeNc0kGUwaS8cUQGBgUESgE0Z8S8UxUg5HSnHCYHWgJW4wRQsDnI604J2c/VSzxmgHIosCgIxUn5c0A5NIEN1oScU+MUCAK9M0gxOacEjrTYxQNnijByaYAHikOOtAhyeaTAgYWix6UJJD48qBd4PSlTUqDhnGNuKFgVBI6ijkI8PnQ4KcetA5wfaljmnZRkA+fQ07RkHrUAzorHYBg+tLBibI6Us/mNMJCV4FATvvKMR4h1NGQH5JxUavuOH8IozDuXg0CAAXPWkFwMZpKCq0zkL5ZoHBx1oTGR4wf2pnYu+BwKLBwR1FAshWAbnPU0nUg4XpQXBOEG3kdakgcBWB6UCjJaLnkjqKYMH+rmnQqHJB69aHaFO0Nz60EoAPQ05fBJPJNRRqVLA+XnRFCEU7uTQOG7yLDDiniAKMAcelC8gBAPQ0axq+dnOOlBHJ1XPn50aoUkDZzQuubcg9RStXDqQx5HSgllbDdM0nfuyCBwetKWURjkZNSxqJY+vlj96AVY7s+VWkwAjEZA6iqUefoPX1q9Zvubaw425oPLvinEdQ1WCz73bAG+aufTC9Fr57+ImpSXPZW5vxwZphFGqjyOMf2wK91+IJa3mnVyS90WQH2rxPtxpXzdzo3ZOJwryybrp1/IPqb/Ax+9cvL+Tq6f8AFwWlNa2Oj2l3ewRy6jrNwXRJBkRW6LgN/jP71jqiXOqS3F2pMl/Idi4+iIdK3e0w/mva+8SwhCaZpUfyzSnojYwwH2A/esTT4x/MvmbhmDyf/LRvwSv6sVzsvTu6X8m4tuSq5GyBeFx51SaykikMy55boK1I5iqBH8SmlJOO8wniO6uU+jx/iqBmijf2GTWRpUrajqd1kDahwSfKuh1dDAoVR/q8ZqhpNotoiqq7WY7ifU1XZrpMNq1su7hEh4YjAxVxJ1t0bf8A2orYGOOMFGAHUmk3dJ3krgMF8hVVntbboLe279i7EKD0FSiCNIypALHqarXuqXAcizs/mcDO1eAtUH1e8hgIm02VZfQMCtY8jTWZjpplIVTaz/8A20LvDsYbWfHnmseDVRIG3QPC4GcsOKsRX73EX4QDqfNax2if41VmP6uwzlwCNxA8jU88k3dbYwEVuu41nG6K8hG3egpRq8jiSSZlYfqFZNpX1vDagso5ACxbJplswXyoJHuaorqDnKxuJMeYoW1AtHnvlzjOFNexW1ib7NiGTuVGEZsUE9yyhlw270rlLjtBcAsI2DgdPHjNQHtZJLuDkJ/SxH+9T+q1ukfsh2OjztaLI8qkk9FLZq6t3HLu2MAfQmvOB2thiuSDMyMPU5FWf5zHdIWjuAsrfSVPhNJwzUjJyd89wNp3knHTFBb6lFCe6ZwU/VXEaX2gkYbZZV3qcsDnkVuFYpYY51P4TDGR5mqLUlpq6mR/AQp24GVYfmqrZTSTREksVAwQKr6fc7bVgzAqBtQnqRQRzmJhGpaMurGoz4XVtxTxIm3vIxjb5etamjQAopJw+7GKztNk8DRnBdP81vaUVmtm24VlOfvUaPclvVjdsrsw2At2GVuOjf8AL0rkY5flLdXIzuHK+9dF28bv1s1i+pQTjNc0xaWJCq5KnJBqWb2bNNHHG67s7pwurQzqD3qnIU+YrSu9Tie2jDbklj8Eq46e9VuzszSafFsbZIBjaKWqbYonnkGPySr6+9SrE1qpvb3ZXcOqs1qwZGfOa2rG8gj3LMo8S+A+tcvaXYhs43RyFV8N9q1LWWC4iId+QNyN6j0rzkss3rW//wCHCb+U6n1qS/sWjt0uYwGbGGxzmsC2DC3YZyyuDn1Wt7RNSAlkjY74M45qPJkt48wgswZUV2XL5wAfKt2NY0VWaT6RhgPWue1SQWV6x/04nOVx9Q/atGymit42Nzn8Q53k+EV712rtbevhriaCSKXauXrO0fUXs7iWKTJTOB9qmW5guLdxByu3OV6motOCBWVnUy7vOq+SqszHbYsrbE+EQld3Q+laj2RuCDHErRg4JJ5rHdZoQJ4GLODyvtVmPVmZcqhVm5wD0q2sstp36W7rToIQ5k3IvkRzWXqWkP8ALK0UrMPLFbFtfDUbN4ZkIlH0sKLTmmnheCSNcRfmqXfSuJmrAgeaGMDaTkYK486iGmvblrlZG/5a6aWIWgETx7gTkOKaSFXUhVU15NU/slS07Uhexql8D/ROOtX4ikDMGfvV8nWqcCxnvkdRg+XTbR6a8MRVCxZfSpRKqw7x1tVBGSshyrUcEvzucs6SjqPWrEsMUynj8I9C3lVdQlvKAuVI6H1r3aVe8Ib7SV4LEnByK0LeFLaLDvjjOKa+Z2gLDlx5etUZ9Rjt5oO9yQ4wT7VN7+Q7hFFy7JgK/QelZkVgLO9YuA4xg/erH8zhnjlaJOhwOTVL5pnumDcknJr1bEbKC2L2kE5DKRJKWA9Koa5bpHdCLYSCBNxXQyW5yqnkF/8AFZd0yXuozhDkLCTGSfMeX71OseyrLPqs9nZI5dSeKLGJdPnQD0baJFb75BotYiGrdl7K5eHcZbhpY1Jx40OWX23Vn9j1/lvae0mnBFrJMAPdXzj9hk10V4IV0W/0lV33kczXFsoBAPOeP2Vv713tN0+X1XizX+Huob9Qgtp5CRHIxspAeSv1d3n0wfP0r6Psrqe502K4YkKRgL+YV8u9mbeGzn026E7MGkO/jCxtu3Z/s3+K+otCRv8Aw9ESCcnJJr67R28bPjddX2G771H6qHcCKQIEnFNjmus5ol8XtTg4XJ5oGanhORg8UCxmlSIIpuaBLT0OcUWeOlA6cdKIDHWmJA6ULMTQHjFCcinJyuRSJyMedAu8DDGMClkUxIPlS43f+9Amz1plJIoslqEKQceVA+OMHrSBI4NJwScjrSJBWgbGaYHNInFJaBzzSpUiCKB1+nNJqQ4GKWc0DbinvTM/izjiijGWIp8BhjoKB1CkUqYKRSoOBAITPnRCQyDBHNIMAjA0TrgqwOKB3bKgY5HSh70Mu7H7UjJvKkcUMaFdpIHPlUBKoSWH6se1PEhReTmoBw3FTRt+GxPBHlQRFCz+HxferCcLzTEgjK+E0JkJ6DigkyH46UG4r1GaQ/EfI4NRNnJGDx50BqN5yOTRQsVOMc0BbBz1HtRME27w3NA0oy+TyKYR5Uspz7U2GcZ3LipAmAMHBNA4ChecbqikORuXk0RjzJz0pnAPSgJZfwMkcmkVDqMHFIhTHtDUO0Lx50D3KABSBk0oH7vII/enkOML6edArklQ3INBMckkbuDSCBSzDj2oMBnYA4NSFQcMDwetAORKc45o7Z9gI9DmnICPgcioyhQg54PWgnXh1P1Z8qvWsqMc4wcYqg8gISTGasRECYt0IGcUHlnxPWI6ggDZkhUuf+Y9K8FsblF7a313LIS8UbIhPO6QnGP2xXqfxW11ra9mihUyTXM6LH7N6fYVx2qW1n2d02bUUiFz8pbvMVPWSUjOf+XNczL+TrYPxee2EKaf2X1A3cixSX981wICPG0a+Z9jXGvI9x2qmvZWyzDu44/IL9vKtCN9T7V6imoXYFtaSQCWSZT4RGOoX746e9VtKtJLvUJL50KRzMwjQ9Uj9a5ud3NL+Tft2MoWMjdjqaqw5+c2553Vp2cJthISOazrXx3+fPdXIl9JXppavKBBGSucdal0u2W7fc4C7aj1txHbpgdRk1Z7NYk0uS4kON3TNP2s6hdvL2EEwrIAAuT71zuu33eWrW8QbxdccVZ1C9ii5VVJxgMayLrvZZAQfExzj0FUXlOgIdUuHRIGLqAMYQf9etVrjUVs2yFuLqVvL8oqe/upNPtN6AyMvkPOuS1DtfGZCzP8sT+qs9qtbppNUuLhBG8JSIjJZuoFK2ukGEhkCk/pPSuI/wDGUlwJIklE0hG1s8YFR6FrYtmYiRJGJyVbyFVWq9rL1RdTjs4+7kmWf7D/ALVDLqtpKnhEof8AUTla5E9rY7QtttUkl8hyxqe0k1HUbVGS0S3z173/ALCs20L6tS81FC8jG4SKJegHG6sO67R2kZHczYGMb6oa72M1V908V4C3/wBKSLC/3rk37P6ldSNBclSQuSIOMf3q2tao2mW32h1yx1q3MdlI/wA1F+ZTjP8AauZu31C1Xce8uY29GORWhb9lNQ0mFrqMGVPzoV5FVbXXbv5hka1CknADHANaq1hRbc2mXFxdx94VcKjYkjbn/PWuv0v5NrgJ3jCULnhuD+3Sudiu/mkeB1NrKeRJ+WtDS9ONljOGlQYzjrXuSj3HM8nXo/dyAgeHGGHpWno09xb9+gzJbAZZCfEh9qwbdmkCvnABzj2roLCJ1h+Yjdd2MMc9a5l6uvS3q24bjdbzbXIP5R6VpPI13FbgHBC8n0rmLS4Qv6j8/tW9aXQWF1VdxcYHtWa9FjTssxr3Kcv65ra07Maq/iUKMP7VykU8unXXecPxnFaUOpNPaMrBlZqzx6pfkpdqroXVyzwNloxgAnrWX8wk7F4WwCMsnrWr2mhWHTlkVR3q9CtYGl4a2Y+gw3rR1sHHi6nQdSESIrEowGCG9a6HUY11Ox3o6rIowyt+asjS9KhKqrksrDOT61tG3WO32rkeL0zxVsW38MOeazbw4q2SOOdonOzzcehq5ZywSQSwMcOjYBH+9UdfAtZTMEZTjLHrzT6DIJpu8KhtyYwKoXflV0VnKuSQVYAY5qvoV+6T3I4VI3y2/wAqjjTbJJbxgFwNwYeftWZqU8kTNglIXbl8da82lj/fFsX2uRa3cFIUfZG2DcN0H3rLhv7a4nna7upZ7aPwxwwnHeH1qC9gFtpSSTT9zExyIhxu++KoWWoQW0qm3AmdvJh0r3lun9UcXf6bJGXheQNBAF4jUnJoZ9ft0maO1UyNu6Yrnr7VZrtQonSMEYzGtZVvdpbynuLl2cnzHnTgo4PXbPVpRAdqLuIxtqo88guldGAB+pMVxWiX+oSy7DKhHrIdtb9zPNbqAsod/wAxRg2KnxszTXjbZ09pfFZ/q7tz05FTyTTQT96rkI3Uk9a462knu+JEXC9Hzg1bWKSNvC0ikfkkfdUtphTxdQt8y3KCSbMfkaa+3A5jm2eLGc1z8F9IjR/MRZjzgOpHFdBNpsTwqQ2+J/Grq/8AivPZTNuPar/NCk+yY4lHTPRqNtXjidfAB71FHo53bFbvR6P1/v1oL3Qmwse/BP0salXk85w6CHWljdVeMNE/UE1evWimjilhw8a+lcTIk4tljdikqfT/AFVqdm9W2Td1c+AHofymr0OP7dXahLqzBR8r79RWTfRoWdO5LbfpJ8q1ba3SBy0QIVuqk8UF9EZG2k4X9S1Lj6q4txs5qytk+XnQ+F/q4qC3tZZJ2kznb6+dbGmwCK5nEwwPo+/vU0kCMuyAHIqOzR9m7PcGS1LAY2nDe1ctqCtpl27fklCOMeWOtdxJavHYvuXjriuM1NXN+LRly5DbM+cbJlT+x4q7H+TNks3LDSDq08LWvjgNrtH9Mv5f9v8ANbGls2oW2nXKLm7tZihYDkqVxk+uKq/CS6W1TubpgpnXMbn6WZCSR7ZAFanZ/TrqKO47sN3UFyZ5WzghC4J/wRX0OCIfMam3tZC1kkmunTY4zDGIzctg8N4WB2/8p8vOvoP4eiWy7OW0Us/zIePIfrj2rwTVIU0ztjYpncIJmTP6gWDA/Yo5P7V9B9nbeKys444vFbk74seQ9K+m0b5bW+y0VAmbj7ULAijn8DbhTsRxXYcpG6grwKYEnrReePKltAoDLZqNZB5imBJ86LaPSgE89KKOTecdBS2bfPNAVIbigkxmljNLIpUDjgcUxJBz506YJ5pEAnnigTDBz5UxGTxTA5GD0pxxQJTtNGvJzQsOadT4c0D0PGM+XpRUOBuB8jQC1JaLAJocEUDuCOlJpC3QURORzTAEHhaBY4pqIgleKYDJoEnB5p2PNNSbrQHk0qDJpUHBsm4HBpOCUwOgp41ClR5mmQ4Xmoh41DKeMMKF1IIPpUm3gkHBpjyOa8Ajldw/tREguM8Z60APd+9PJ4+fSgn2jdt/zQk7U4oFmbw586FywK5PhoJSCrDBxSyWVh0NAeTkeVO8gByRyaBKBnGML6UyJu4zj3oy29M+dRHlCB1oDjIVGBHAp1dcqSDmh2boyc4z5UDKdgfy9KCcyAHZ5etArY27uKdUSRfqxQqmW2/5oEBhsjpRFGeTOcVGzEBuPCPKi37k64NAZIL7D0pgcnB6+tAx3daQZjhQOtA7hUO7kk+dOTtjUDrRGUHwnAp2jDQhgcEedATu0uGzjNPIhZAM8imQZhHv09qKPryfHjO2gKEhk9FWivriO30+WdnCxom5pPP7UFuhdCM4B60F73d1BcRMALeFPxM+bt9I/ao2HgfbG4+au7q7KAJEGVAfKR+n9q8+1+5ur3RdXmZ1htyrWUSfq8t32rtO2N8JpZYY1IRWAdfzbz0H7ViT3dnLp00l3GI7SwTkAcFsEk++SQK5drf118P4vNe0NrH2S7C2sbTM1u7RKzdFVR1Psp2/5rnexvaEa7qHfRZaBWIAHlWV8Wu0up6uY9JeIJbzTh1gTptjAG31xkj+1Xvh3pj2AEbqFlK7yq8Ae1YMzuaX8noF0m0SvnqMismztu6uA5OcnNal0jztHEjZDLyaVvb/AIjqcHaMA+9cp9FWytqGLlVjXnavJopf+HsYLSEbcjLBvOrlvb/LxytjcTxUF46NdR5yPBjJFRsmyJBHC+GG9/LPQVj6pfSSWsrwYYgYZgeFrav5YraWQO6+LpXF39r3xuC0pCydUiOAayWXwxLzUr4ojIWlx1y1UZ78SAPcW6MCMLuTKk/ermo6Q7RE2t8YB+iRar2/ZTVrt1ZtQDxZztEQ203iO17TtIrKWAEWkRfy7s8tW9ovY61cx3PyfdzgYIJyv+a1Ozujx6cFHdR3Dt5hOldECM5aMRD0HSsd8iylVWHs7ZkZEMcb/qVeauNZfLsoXYB5KRiiE74VIYyw96uLbrJMjSMMisU3lq4qDwd/GUEKkjruGc1z2rdnxNJ3iRgNjHFd1NbYiU5wc44qCW2UN4VeRvYVLkbQ89GjX1uhSNpMnruOf96wNR0JrdJCYFnbrllx/tXqt3FI4HhIx1A5/wBhWJfWRBPh6/qP/tWjHdC0Q8duJEtnIuI24/KelWtO7Q2/eFJeh+knyrpdc7Pw3ZZclD6EGvP9b7L3NnOxRtwC52+tb49mefV28OpjYCjIARgjNalvq3d6YQJFLnqorwue9vbJ8BmGPetbS+18sLJFcAc9SKpthlopnir1my16FXUK4xjDZ8zXUaVqiSr42wW868UXVInjLAlVJyMV1XZXtEs0otnbLr0I86ovi27a6Zov29ft5olYSP4wRjFW51dxmF8jy4rJ0sCeOMBSSfKtaFO6CgEAZx4jXIvXjby11TGAy257wZz0z5VT03REjeQq+6d+seOK2LKCOS4eF5QEcYGT0NWreze0vFE0W05ykq/mFR3hdFtuljSLVrqw2rhTF1DHGavzhkhVjkEts24/zWtbaUiP36kBGGCnqallsZYoFACzWzjCtjkGjn2u8/1uwe5jmVPEHGCCK59LWbTbkKI2UBMLjoDXp2qaCY22xgg7c1halpr7BHLyQOGX1qprx5oc7orSQstxIQSsnX1FTdpVEsZZF8CHIxVmSNY4O4VQdvOa5/Umm8KxufsxpvKyI5W5KqCSYxl1Msvl3n0Cq9zYx2bSXEsm9/KKLyqQJcQEhjgHoKrXUjIoXeoDf4qUV3WzEM2PW7qE7Uk2RbsZkyKlk1u1gyveyHJ3BlHnWLqV4juRM5EY5xjrWfL2p0qFe7lcBfLyYVtpVTfaHaxdoEuVUTXEcSt1LsDtrStNSkh2vDMlyo6vEwH+1eUajPout2//AAjOZl69weDV7QNYaztJIYITCR1JztqyYYrez1+PtHfPNHsiKQN1kYDbW5puozXUo2ASL+YggYryzT+0MkkAjlu0Rj1WRSEregupk/ERomXyML4qqyri9Ke5LqRIsbAnIdD/ANKjt9XksAEMsckZOQu7pXEwdo7kFEDd2F+oNGK1LbtMiuVmtoZVPn3e1v7VG0qrY93YWevRFllkn7k7thyd371qrrMzOU7pmDjKSOPCa5C2ltL0xm3j/DY4K7QD/fpXRadfyi1kgDJIsR2924wwWoVmWeaNa2EGpOQ7+NFyydGFUNT05rSUSWp72AfUGB5qO2mCXav/AKUnRj61f7+ZroI7AAHO1uARVnfTzaa9r2j6pJZtGyyie0J2SJKfFG1dCrJM29eFztx/1rhNRsZ7bvTIhxjOVPUV2ukXSXNhE6uC5XxDFX08qskQG7mjN2ERQZAMVTBNvcsmCrsc5b0qS62Rzq4bcxbB9qn12FRc28q/TJFnHXFTRqi1C5dotoVSuMFs+dcjr0ci22n6jCm+ayuO7mHmI28Q/YdK6Jw/y8rg5CnOD51mFYnnkVnKw3UTQv6bvqU/9K9p+SGX8Qw7rOS+ht9ohsrqO8yf/ouCCR/eu47ItLZatp8c7iS0uGktZznhxnC4/YL/AGrhIle21uKCWL/hLq3NsZCfqQkhf/tYgV1PZm8ltpNk20rDmQIequrLnH3r6TTV37fL6mW/q2jwzdtoLRlYPNbJBlj9MsZI3f8A2gCvZezAeC3MEoI7sbSCPP1FeSanDbQdpdR1FblnnQGZUc/6bkEgfuCa9k0bVhquh2k/dbJCgLH18NfS6WHy+pnwOT6tp6UODx7UU3ik4oScV1HOPjmlSpgc0DbcU6nIpgxIx50546UDhQKRGaYnFPQMRinoc5oqAQcHIqSQBot/nQ4FNvIGM8UDoQevFKgPNSZGzPnQOxFMOBimxmlQETg0vyj2phyeaXO2gfIzSwKbAxTd4PQ0BKQTjyoDkdTTgYpz4utAUT43ZFN0anGeeaHPNA1OOTzSAyaZTy1AWBSouKVBwO4d5mkoDjrig6e9MykLUAf+m2080ZIIwOtRHcfP/FI5U5HWgJgM58qFSd2PKnySMeVMeGBHSgNmGQMfvTt4htNM0vhxjmhLEPnNAShgvpUkkYkTIPNV8GVW8qKNnUYzxQEpCLt86ZfDzTCMtyTzSJJXNA78lQOhpzICpXHSgR8OuRxUwRWDKP70Ea8Diksjqwzyo60WBgAckdaj/IT0z1FBPjdGwxzULKR1pAFQCDyetSMu4daBgMEZ6GmZRHP+keVGE3oBnkdajBDOMknFA0xDNkDmp1w0YHQGhI2KxIzSUFkXjFAQfZvBGYz0NOoSQ5Xdu6Z9KccyhScA9KGJJbe4ZcfUck+1BPGv+mfyHqayO2050zRr2e0RpH2qoH5Sa1RCTIAjcDqPKua+IN+8Vq1sBiJPxWfPHh8v3qu/4pR+T547V3E9pdrGCpuSSp3H6pGPH9hzXN9sLpbl/wDw/bEpbW7Qte3JPkPxG/8A9RXYahbfNSz6ncxri2DRRqzDxyM2Wb+1eX9lLK97TaPLeai/cz6rdSXBboDF6D2wp/tXMs7GJ5v2/wBSjftg15FuWOZFjtVYf+XnLN+5zXediLbvrNZQOZjkHzArg+1FjLrPbm7SJBtXu7eLHREVTnH9zXrHY7TPlNJVWXG0YHtXPyu3pKr80axRscc7fKo7UbYnfz3UVw7NdsmONtEITHEST9ZyPauY71UkalEJ9Tk/ase5JupzHuwyeddDKi9xuRs+GuVuZTFO8i+IHqajeYW082Yt/JG14kTAMT51g6zpF1fzL8ixU+ZFat08JvQwDhh0OKt2QZJdu4Ff19KxtTN7O9lptwj1HxehznNdBJZW1gwUxqEAwQvSimvflIuHDGsabV3lJA5z1Yilys+y+2qzbmaDAT0FWbXUGmXfIC7egFcrrPae17MWiS30qRB/qJIG2vPb74x3vaCeSx7K234cYzLf3H0IPb9RrNGmvfy1xetXt9/2hsdHtzLeXS28Y6FnC1zU/wAZ+zsXNpctfsOkdtGzsf36V4RfaYL4PeajfXGplFZ5FdsIB9uldH2N1TTIZLdoHjiiBwUiG3/arf8ACP8AIh6zp3xT1bXCw0zs1d5XnvL51iQ/t1q1cXfbzU8uJdK04ekQaVhXAaz8VIdDd7fTrVzOjYJIxmp9O+Pgs7Jf5nCFmVuvGcf3ryNFNvOyM6mI/cNLVOyfxHupGktu1yROekZh2qf3rz7U+0fxL7EXTtrRk1S1Q4Z7NwxH9hXey/xNdmJdyyJFk9C7ZqTS+13Z7tPFLLbXaOsnVA2Np/et9MMVr7UZ5yzM+JYnZf4t6J2gUBdWS2umGDa3a7XB/etXUJ7m7gBjFrcIPpdDjivOviR2B03VS3diNZgcx3EYww/cda87t+0vaP4cuEuSdR0xvplOSVHvV9dPWf8Aqn/+1Ns8vUNehw26SFYRjPJrg9ZlS3IAPI6Yre0/4kWPaG1Be3R5CMbQ3SuV7QXQZBJHEy5/V5U+uyH2On0PUO+jEZXcu3K+9ayaiYLy3eHwSb8YHpXDdm9X7hR+cHjFb82rx3TDCmN0bcKz5cTTjyvpHs1qM06Qwk7fACSPWuz09FuJgsiBl9z515T2Bv2ubOC4c4Ypg16hpFwiKpfncc/avms9eNn0mL2jk3Ly0iEI7uMmQt1qxY2t1vhZ0d0UYAJ6VALkzOmG6HJFbNteyR26oGBIrBNvYmZrXzDRhEzSYUMr5yFauqsY5oLFhJCjRscn2rl7K6kZ1dyGX1HWu30e4tpoJT3g59fOpVn2c3N4hhX9sYYG53o3CnzFcvqmwo2w52nPi4zXVatdI0ssKtgDpXH383et4QpUHJB9KrmyWOZc/cwGQsQMDzrndVs3ZlZCx+9dJqmsQ2m7eUQeYBrltV1d7rb3KFVq6nl0K2lUuQ0K/rZfPNcT2q7SCwLYjMjHoqVuanNcOCIlbcepriu0VlLHNEZr2CInoinLVrx4peXs5KfXe0WoXSLCIY4icKrjxGtKy7J3t9cSd8YZ5R9RZTtH71Frl7o+kxqZNVigMf1NLNulJ/pVa5ex+I+syai0HZ+xnvVYZ7258EddamnmWabPZLHsUllBEFtTEh+qSAAk109r2bV2VIJIZCDkI64OPtXkvZD4t9rrO/MOqaNDLbr1MEgBX/FeoaX8WrAbTquhajpoI2/MPbll++Qay5Mc17eb79N217OCbma3XAOfXirB7LQFQUXbjoG4rf7OazoOuIJrDVIpiRjG8HH/AOPtWzdaaRyY8qvUpzurJaYVTa1XGx9mJluEaWIKyeYXdmtttNnuVKtZrM4/OxKk101rDbzMqQzMsuzcFLY59Kmkm2IJZhiRG5DL1FQ3Q+yXKRdnrlCptWe0lzkxSHMVQT3d5p2pATK8Evm5BdT/AGrvwljdlQ0rJE/5kb6f2qhqWiAXYSC5DIepptv0hW8TbyzbXVI7qMJM6JIetbUV8lwFS4ZRMnT+oVnppXynGyKRvI4qwdNhupo33bN3gdW/KfWq+Ux0W4tOVZWhQCQuhG0BvSui0+5e1WMpaqyjhilc/Y6Ze2jrEZI5oh9O881vwK1jHG8MhZn+qNq04/PbLk8dHuoUuC8oGxmOcelV5rw3SRAMT3S7CCOtad4WjtnnjQLKfyNWZDAZy7BcMBuI6YNXTCFQyOZjJHu8PlWZpkSXs81gxCs3+mx8znNaSW7Rs3FYUcjJrcgiXLx+MDPtnAqdY9qoZvxWbyWTUdU0KzkUW8sWrSW0xPlvCOB9sg129xJZHR7i5ii294JIe+HUN4TmuO10vdSWWuvGsUWoyRd1tP0XEbeMn/mTmu40nRXvPhwHGQRIJ5A3/wBNvCT/AHANfU4IfIamUGntL2o7VawbXxWssVvEJCP/ADkTBH7gf5r3Dslsi0OKMKweNQpV/tivBvhneifF+rCPdCY2j6b5kOAyj1wK967PXgu4nlkTunk6p6Gu9pHz+qW2J3Zpuox50bKN/tQZDPkcV1HNPQZINPuOcZ5pAANzQCCQ9G1Cww1PnNA45HNNk0gwFKgWRRYO2gUZbFSMeMCgalgU2eKegWBToMkg9KanThqBN4aEHNFJ4qSjw5oFnFLJximps8Y86AjxxTYp85pAZNAuKXFMVIpbfvQIDFFgU2OKXPvQLOKSjk0hz7Us4oGpU26lQcH0oyQRUQJHWlk1ASYOPWmLAr/VRKwUYFRsBnigfBpiSQABxUkbKzYNOXVGwOaAGPOcc0xIfpw1EXI6iog2eQMGgkDAIR5mlg7c/wCKELuORTs5AxnmgdQcdaLux3Wc81GgwcnpRAEknyFA8fiYqfLoaUXCtmhTeCcDrSL7QQRzQPExRjnnNO+JH44FCeRuj59qJRv8sUDgk4XoaYo6naKZgQdzcUyEDxBjuoDjPd7t3FCCRN1WlGyujbj4qTrg7wP8UEjnkDyPWgLshUHpTu25FZOT6U7S94ERl2gdTQSRos4xuw8f+aZw3fLlj0waikQJMWQnk5x7VJC2Z2KjI96C4LcOpTeUQnO72rzL4taultp/gfuo9wRC3V8edeliH5hWZnIG3oK8M+LcYk7TW0crNlY+9EXUJH+r754qu/4rKRys8b7Ta7Lql9rVhbKwFuYrGAnjxyf6rH7D1qDtxq9ro19ewW6iFLSxWBUBwMuq8geXA8vWuO0ztK6612pml/Fe7v8AvI5I+RCAcIuOm4iuZudSuO2/au7EzNb28cgEozkmNNqkfchfvXMu7OOrX7MzMVju2VBPeqTEvVwoIBJHuAa9bhh+XsQoHIXJryf4fWcUvbqVY5RcRopcAciJQSQo/ua9iuEWQMu7B6Zrl5pfQ6Svqx2IBMh8zgU+ySaMKRtz0PpS7oyTd0VYbTnNHqUvd4VTwetYHXj+JbqRfkk2eYwcVyF9KztJEgGfI1sC4budqcqv+axtRRVk3k7T7Gs2W+/TXjqy7ZZ1vPEgcD6iR0rSZkjBHh48h51mXl5LHFvSMuzfp8qynaQM0zuQijO3NQqlLWvtQt7S3d5QMBchSa8g+IXxxh7PKljp0AuL2Q4VQc4rE+JvxLa1SaO3Vt+MAE15T2esme4k1rUCXnZt0cZ5rfgwRb2upyX4eIda+l3WvOus9qr57gMNws43IA9sVZftnKlnJb2drFYWgGItoC7ft/3rgu0PbM3TkK+za3KZyRVzsG0PajtAFv5Nqg+FGbw1ujFM9slslnS2WqyaHpdzf3XeT2jxMCp5AH715+3bzUhCselQLbQA5DuAWY19T6h8M7TVey95ZpLHJFNbOECcEsVyK+Q44/kHawkjZbuKVo2UcfT5/vWvFhpH/rm5c+T/APSlq2u65JOJbq+l3u3JD4/2rT7M2MF/c3T6hcyywRgDLtzn96Z+yUt7MxVmlIOdnlWt2DtLbs7rt/d6pB85a2kfeiB84Zq3UtiiOMuXkrnnqZdN2i7EdkG7BalqGnXUi6nZGLazkhJCfqAGef2rjvhhoWq9sNdfSdNvHgnMbyx5P1Y6Vrdr+0cvbHN/LDb6fpaZWCytwAIx/vXqn8Cfw/l174i6hrrKXsdNg2hiPqkb8oqq01tWy2n24+5cEnaXtDoV22na2sltc2524lz4hXU6F260rWGFreRJnGHV+j19W/Gr4V6P2vjljktUS4Aws4AVt33r4c7efDfU+yt7LKkTvahignGQGb9I965vCtreHew3nJXy2tc7FRRSSXmhxSBfqaDOCn2rlL7XbzJt7pJIwf1itLsD8QG0bU7ZNQy1uTsaR/T3Nep9sOx9vq9suo2cSXELLnC15M8O19qTPTxXSdfeyuwksZdD0K11M96t08MsDMr5wVb0rA1TR3sJxIqEBd3l0ra0iOWSKLvIwyscqR51nzcZr4eY4mLcZfQ3wwd5dHttxI5x+1er20uZlRRgedeXfD+3eLTrWMDHCn7GvTLC3JJIzk9K+O1H5PtNN/1ug0yPFy0kjkLXVadLDIfAPE3ka520iEUQVuc9a1rO6QKkRG0joRXJtHsttHLw6qwjycYHh9OM10HzaQRhFhXI6EVylldgbIwW3Hoa14XJWTLZ2rnIqTnZKedlDW7oxySOAMmuWvLlY7GSVgcuMLtq7fXMszsJOCpxXP8AaHV1dIIEAARcnArLy9t1taT/ABy9zpU2pvI3eiOMfUznpWJqvc2eVN4Xx0KV0lw0aWU8kpIgHU15Zd3DX968UDkoWwox9VdXFNbNXGTdoO1UGnRMIGleQrkM54H7DmvINV7ZXOqXz6fpkBSRzia+uRuKf8o6Zr0zWNFlm0ueOCJvnt2xnPVfeuOl0ODQYVcqXYHK4829a7OCYr523ZskOZ0TsSYL35q6BuZ2b62JLf3r1Ls7p1lYJPPeyCOGNMhD0Fefwaje3Fvc6hIDBZWilncDivNpvi3qd1Bd2yRJKkgI3sTkD7V1MWHJn9oc3Lnx4vEy+vNCjsbqxilju7fLnJbGTiujXUoYYDBdyRyKvhTAyCPt0r4q0T4465oaJssIJ4lGCr7hn/Nei9nfjfrWu2Ujf+E7iaFjnvLGbfj9jk0v8bmnzDPHyWCJ4zL6RsPhjo+v6dcasr/y25XdiSzbY4++MU2kf+Luy8Kva341ezU8Rz8OV9QfOvK9J+O2i2eLCX5nQbyQZkh1JGj5P34YV2GlfEO4lgiitnS8tAcgxEH/AO2ubl0cUj2h08eSl/xmJen2nbDS9QurZtR3aXds3UcKT9zxXobZSEOzi7tSMiVeTXk3Ze007t/Y3a3sISW2PNu/U/1CsnUNS7UdkL1J9FZryzjGJNOnbkj+lvOudOGa+YJx1yeKTs9sj06K33T26h45Oo9KvXkcAtUnVQUB2uB1Vq867C/F7SO1LdxubTtQP+vaz8EH7Hkj7V3tsUErYJmtZRhgD0qDFkw3pPnoE7Qbg/dn2Ipljc9VDj9I+qjt5UtQYZCzopwjEdaElHug4BVT5g4qvpW1ra+FxYoCoWVOpYc1ctFuY7nf3kMkfnk1jQ3MMmptGTsV143eta1pp6PA8ikvIWwFBqyPKu0S27OWDUG2iJ8n1+n+9Z+rltMeB2dQGOH48q2dLMdo0cLHasgxn0NY3bEC7ka2Uhnznwitaqs+ykZVeSTD5xXL3d0dP7VaZc5wgm/FHqMY5rqbWwKtkdPOuM7YxmHUot3CmX/FSxxO73JMWji65LeS37DarZ3TCWbTe71GFPNFZh0/Y4rX7O9rZbHsrDHKS8Vyz2KIR9I3HaT74Irmuyt4bzVu0c1wwa3ktHsnUHLCMDAbH3Kn9q34tFM/ZefdcIGjt7eY7TnaVJG4Y8yqg13sN53fKZ67W8tXsvpapey3dsoK6dqJcxDzQ+ID9j4a95tDb3ca6haqQlyodkz9BHWvnn4I64ll2jlFyTNYXshjMr/SJSOVP7gf/dX0fHZraQyW6Rd0qsWCEcYPWvp9HPq+Y1nrYDMMUBTPINI+JvSnAA6V1HPAODuPWnLA07DcOKHAoGJyc0VBR0A7aKn3eGhUE0BAYanJIHFM/UY86cqW6UCxSplOTRPwuRQNTjg5pgc9KVA9MCRj9JpUy8qBQEyFRnORQjk586eMnGG5FCQQ2BQHjmlgj1pi2RkdafJoESTTqwNDTdBUQQ54p8802cU2TuqQc80hx1oScninPNAqVKlQcCQDSwKKRSnvQZNQBqRuwaFwUfHUetJlOaLvAF2sMe9ADdafHhz50xcAZIzRKcrjHNA+/d15pvq9qYqR0p+tA8Z29aYJk5J5pYoRxQE3THlSVztYZpE58qYECgfODmkTuXcetJgRSXxR+lAl+oEcY6inMrDk8D7UA3KSRyTUjOJ4wD1NAo3DKUk4J6Gnde7fcOajljAC4OSKJZSSFzuz60CVRKSAMGmDvB4XXcKSnupM+VPJIWbJXIoE4VcMpYE9KKGQsxV/Lr70shgvltpTK24Ooxj9VAQbFx6eVErBmbH+KGMJcIJGO1gMH70kUxzDPKnrQXY37qFzjewX6fWvmv4j3eqDtpdyPAGa4gcxIx8RYttjXHkPOvpV4pjEI4tnfP4VZgdq+9ePfFvSYuyeialrl/MBdWkRke5PiKZ9D+o+nl5VTkX4vyfD1/Hddm9W0/QYsT6hDfCOYKcia4Z8nJ88Cor+6bT9R1cQhjHa3LGeRRnvp3fEcakeXiyftVHsXMt58TLjtLdSSR2enRTzhWBPezuuEHPnuYf2rou1el/y6XTdAhDQQ2SJcX9wnid5ZRkKP6sH9vLFcrJMu5jdj8ENBisdOu7+RjJfSP8Aingqp9BivQJ5HMRKhdzdC1ZXYDT0sOysKRQiGP6lRT0H36n961iGlkjVwAF6CuZkfSYIitVS0kaGRhMu1j0J86qaky3Lor8MzeHafKtK5hS5jdS24Dr5VzN32Usmm775y6X1RXrBktxdPFESnuFWONEjYsi9ePFWRNH3xIboemPKju+y6z2ckNtqd7b7jnvCVJx+9cv/AOCNesXk7jtH3iN+eaHpXNteG6tVvVpkgDbZTG2MYx51w/aTtPFaQszuO6YYJU4H+aHtb2Gv5Ine67Xxxshy0KJhm/tmuK1LsPB8t3txc3l5J5d74EP/AKa0Yp3eWo4HtLcwazqrXO/ZYKcs5HL/APLWFFFcdotSSysw1vaFsGRvqxXpC9kBq04QQ7Yl8h0X7V2mj/DZ+5CWtkEJXi4lOBXTplrSvlm+i2Ry+mfCDRPlo0aAN/U3L5/etnTfhBo95LIloe4kj/L0YmurteyF7pjqTeW0bKc4Y5re021hsg8zT27TE5L55rPl1c/1uxaPf8oF2W0e87O23y94huYc7UkbqoxivEPjZ8DL/Uu1P8z7Lp3k1ycy2rHDBvVT0r3OLXLy9uCsCd7CP1cZNdHZ6u1paiSSziknA24BHAqnD8hfHbftZm+NxZa9bPjCz7H9t9DWa2m7K6hLMejxRFh/cUA7FdrdRDoezt+plOGLQFa+3dP7fQwSd2YFj3DAG8cGrS9sYridowiBhyd2GzV8/IRfuGCfjpr+3xroP8MXbDX5QL8waJp/+o0k7AlV/wCUc19n/Dm87H/BbsDbdn+zlrPdTLkz3kq7WmlP5j/2HFULnWUupzttwVIyXC4NY965uWjYQBGBzjPFLa60xtEPa/HY7fkpdue1+valLIO6iiQncsZ8TE14T8TO1muduFsNNfSO4tbLODD4e9k/UfevfpbKS+Esks626bcgjqP3rmJrDZKYoIkuiekzEbaqrns2RpsUeIh80aj2T1rULFrVNLWG2D5DFfHmvR/hSuoaFp76dqpZof8Ayz6CvVZuz11Y2PfXCoyDxEx8kVRnhtEsLi7dQiCLczEYwfSpzqLZI4yqviinTz7t7pWmR2UsqsFVwQT5E1y/ZLRmRl8W9VxgelPrN1L2ruQscixWcZwi55Y+uK6Dsjpctvdlgfwz0U1XbJ6s31733h7F2IjK2pQ8ELxXoFgxVkAAOBk1wPZ7vYpwqDKlefauphu7kuAFwTwa4t68n1+lx8quuE8YUFi2far2mxmWYbR08zWBp0VxMi7ipB8zW9ZafIFHjYZ6c1gy4ohstSMfbqbS2cQCbBIH0sPKrd1eLK/e47t3GCifm/7Vm6Z32nxLG8hdAcbTU0zw3FxNHCwExXeqZ/xWTZzLU5W3ZFy+ZpCRwxzzXGaiSbtVI8TjAFdjeOdgLZ3DqMVyd8udatXB3BWxWK/q0UPdabc3ljLaRRCQyNjms647EWPZOwN/eOqSp9MbcHNeyahpNvpdlFewFZUxuwCMg+lfOnxW1jUte1jcsbmGNuYl6Gulhjix4slst9oee9qtfup3uJbfKb+iKeWrA7M9nb/thfmGV2hgQbm3nDMa3p7fTY5+/uBcRSYwYSCeafstrNzZalk2Nw8StjvFj5xX0mnpSK+Ze56W/wBW38a+yNp2b+CWqpaxlZUiBLj8ynrmvmPsl2fN72aa4jhVjGT+IRyT6V9q6zHb/ELsXqmiMADe27RqWGMH8vWvjnQ2m7Fave9m+0YksWgPdtF9JY/qU+ddvHk2xW+vt8vlwzOTfJDg9ekuNHvY5jD+CDtZT/vXofwQ0/tR2n+XHZvfHcIxj71pNihz0HvitTtVoViZo1jUXVhfRYSQeIo37V0Hwwe67CaZaIsIQK8ki7mxuJ6HpW+mupXHtaPLi5vjL3y84nw+k+wP8NA+MPZ6bQO2OraFrHaW1Dzvd96Ua1XzBIIyF9v3rF7KfwO618O1vbq1+Iuh9oNMZu7jXTpizRtnHOc9PavHNb+K9x2Z7O3RIA1a7zBBPbthiD1DYr7i/hX0LWtC+D+iQdprW0a9kR5e6t4wHjRufE36qVtXUV9oRn79Lk3i3h8odp9K7TfCztb8vd3JhQfRcg+Fx7mvSOxnxGTVwiXqwy94e7VlHT3r3L4qdgNL17TpjfJElswYK0hBA/8AVxXxBruhX/YPVrm50jUYNT0lXJZY3xJGPt5/tXD1WClZ2rL7PQZP8unmPL3r4kfDWLthp3zWkH+X67Zky215GNp3D8rH0NV/hF8V7i7uX0XW4zZaxanbNC3Qn1HtXM9g/iOdSitCL9pwxAdM5PHrzW98SOx/80SHtHovg1G18TBRzIv6T61wMsco4w7FaTEfXljxL3WNPnWJjXcjDP70zyhUMewDHQ15l8LO3VxqdsIJt0c6DG0+dd/ew31zGr221s9RWCbbOVl09sVuMz4aWiae9zeLOygrGc7SOorsY9PgEQIUqTyMcVwmkNrFrcq7YMfmc+VdybgyrEFkGR1VOcVfis5+WJjoV9M63kMfdEwqMs49ayL2QSam0Y+rGM+la0kU8l1mPIjxglqzLuwMWpTXQkBDjHPka0zKisla3B+YlibgeXvXF/E9khutOfO0SHDH39a7e6hTuYrhXG5Bgketcd8VrZbrszDeAeKI7CR/vV+JKex9mYZY+0d2wO2KeLuJyB03LtzWvoPaFbS+1nTtuQIEiSdfpWSNxtJ/pYkj7Vi9ldaWLszPqJUvL3SoIz1ZlbP+1LQ7T53tnaQW+XilnLyjoCpHiU+u07TXXwT0+bzx7WeididJWHtRe2ncMLOaMzLGvWKQnII9xX0BpN499p8LStvkRNkhHUmvJOzEEPZr4jv31x/w04Eyu5/KwyVr1ZtLawvZWtyY4n8fXINfW6Suz5LVzFrJ3UE9ajLEUnUr70wB866jnHjYbTSoE4H3ojx70AEkdRUhIFCWLdaY80C8sUSk0NEvSgIcGnD46GljmgJxQGCF60TEFaibmpCAVoI1JFSLyuajxijBwtAqZeuKROKcDFAx4PFPIcNSIzTPy1AygYxRtw2KFacHJyaBgcdafFIkFsGmzzj/ADQPg+tLHNJkwc+VKgZQd1ERg0l6Z86TdaAeaVFxSoOCZjuxUeDto+pzQ5OMVAOJAeoxRoodGHU0MgVl4FAoMTk+VAW3acU6t4s44pnlyM45pK/GPKgQkJ6inHK5pfTTBsHB6UCzxQ0eKbAPtQPu9qHHOfKnUndzTeWPKgMkGnVQ3gzg+tRnk4H96IDcMjrQFDsTduPSkUjUZB5FC3i6edIBXXpigZUJYDOAetNKmLgY8qdSWIOeRTu+ZGc8geVAgQBk9PSkuGOD0pKNxyaZgGPFAbRsqtnnNGtwynZLyPtUQJcAMduKJTiTa3i96CWNNsR28knJq1BbGTYdpYk4AH+9Qpksvh61gfFTtj/4F7GST252Xt0DDBk8qR9bY9qha8UjlZOlLZL1pVj/ABI+NOldgZJLG2P8z1QD8SMN4IB6MfNvtXy98afjZr3avR7hJWt4LZSsptUTJkf8gPHl/nzrD1m8ubu/LszOZG3szHJz65ritfv7zUb1tLsFiW7YMBNOfCgHV2z+mvnL66cmTaH3mH4emPDyt+St2VaK3a1sZJojdTTpeXe9gO6KndHFt9fzMeg6VN2z1xbR5LlHB1LU7rv0B8It0YEKze5BH28sVW7L6HokOn32tXEz3NvHIFbUZch7hwfGFHox4AHGK5Kxhk7a9rLe5vHIEt6iJH5SZYYGPQACr5tyqwfTxts+qtHtF0rRLC3HiCRKAT1NHKY4YnmZtu31P01qXcaqSVGABgD0Fc/qiRzoEmYomc4B+oVzMtnaxQybrtXZiObZIqk9MmudbXwysSwCt75P+K3W0O1nkUR2ahT5uKlOn2GnSoflo0c9Cw6ftXGyzM9u5TjHUOYlv9S1IlbOxdVxhZJfAh/brVKfstdSRv8AzTV2VHOe6tOFA+/WulvdUee5eG3/AB5PPHOKg/kUlypF7IUVxgID0rE244h57fWOmWcxh0Szeadf/NIJz+54rPi7HarqMpn1G4MpPSGPjH716re2mn6VEBEUUD8pbA/tWNcdqUErRxWhnlb8sKk1ZWZq0Rj5K2g9j7LTohJcLlv/AKQH/WtC4ukbCyBEjAwqr0qvHp+salOHu1+Qtx0hBy7f8x8v2q1Pbfy8oyp3iD6gUzio2vP9aMeKKmuY9OMfht/mGZMZCHg1nRwo4KppigH1StIdoIYMglYSfJhj/eqk3a+BR/8AOQqPZqqtkX1oGLRL5SHCwW6A55zu/sKnPZlrhi8lzkHqF4rKue3VoyMY5i5X/wCmp5rMPbp5P9K3uZP+SIiq/umelnGf67S07N6TbReNEaTOcyNV+eTSLG2YxfLo6dSCOK8xftTe3czqNMkJQZIY4NJr29vFT/8AJ0Kqem6Q8/erYif4qtj3/bqLntmO+7u3szfPt6rgLWTd6lqd7AUhsjbZ6SO4zVJpLo3CxnTI9zDH/D3GFH96vwQ2mmXCC9tJmbbnKyl8f5rVWVVqgD6iLOKF4RnbtYsR19aLSLLZAgndQc7Qqjg+9R6v2stLdo1062ku2dtjRSjb++ap3Pbq4TMUllZ22BjKsS1XVlTK9rkjQ3HdiUOEXxBXOMVwWtXknacvY2wMenofxHQ/6h9Kr6xqVzqEncxA2sMp294Tkuv/AE/atWx006ZbbIlYxKvVuM17NmK1d2KdBtNLjMaRrvIwGxW1omlfMAOBsQVHHA15fpvXCDqDXaafp4/l6d0MKTyfaoTbknjxNjQbCTuWbGC3FdHbRqgDn6qoaYMKmD0GD96vhB3uScD0rPZ9HpfVtaRGTIGYgk9BXW2zqyhiuFHSuE052N0m0keldxZxySQ7ZBhfWufkX52hfE3IWSNMbuTg1j6lZTSTRzWrhZ4/8109lAFgMZQnb0NUNRZO+RdoXHUis13Mi/tsr6oElS2uAojZxiVfQ1xnaGwa3/HhO5oznHrXXEm6t2QjGxtxFZlzZm6ncj6V+uubliJXV8JtJ1ye70pPo76CPaY2Xhl9fvXM38vzt8U+XTdnJKiteS2kgdzG5RkOSR5is25t0jkMsJYOerGt2C2/iWWtfrvyhgavoNsMvHaq0hbkEYxWKsEljI5IUKfyBua6Wd44e8MjyM55Kt51jy3EHdlZYlDMchXOGxXQi0x1LXS2/YYbm2kJCssZByM1l9rPhl2a+I8aNrdiLqVEwLuNiroPuCCf3pr2e1sMPPE65OSPatDS7mS7O2zlXumTJMgBVfbNaceovinfcyaWuTuHnkP8IOmNLu07tHqsNu30RtsbH+K14f4V5lijjm7aamsYGFDRIdv+K9D0LUbvSzPHGwYt+c421vabqeoxFlniL+LGW8S/4rbOvme4cu+hirkfhv8Aws9hOx3ai11rXrzUu089ue8hgl2CDd6kcZ/evobV/jTLb2fy+i6Vb2sWABv/ABTx04HFebpFc6jISqqGHGB9RrQ0qCeUBLi324blmADAV5b5C0Rxr4Yp0GGbb28sXtFZdoO2cjTarI13B9QhJwg/9PT/ABWUnw4sLj8Sa0jZgSGUR9B616dZaTdabciRibiNuHQjIArZSx+euBLbhI227SjDFUxktf8AKWymeNNHHHGz5r7QfBTTrS4a50eP5KdjnbAMAn7dBVzsn2nudBmXTNVjcANs7wjh/evf7vQknnlSaFYJVORgcVg672Et9Ts3AjQTBeGXk1nyV36lqpra5Y43cXapZ2+pK6d0m/xxSwkbT7Guytru4jiDplieoArirHRLe4kk064iNrdocqRnB+1bOl6zeaFKLS/id4Py3EQJB/5vSubeHmalb1/rpbDVZbh2UzLG2MbX8NddouoxWsbK+xmbqQwrGsLnSr+MOYEuCerK3NTxaTpU8+1GeNvQkiq8dvZx7xE9w7Kx1SHJG0MT6tWLrE52N4VxuqG00eCA95byMwXqG86talbxzQYzh8Z2+9b6zNu2b645Iu62aYAVyXOT7Vndo7e3PZaZbrm1yBIw/Kp/N+1bkLd5bKGHhZenpVXtFYm67LalCEBzBIce+3NbsXam7zaytv5ZLZ6Uz9+vzciK6nhlZBtP9gTVrS7qXSe1Q2Hc9pLjAP1eIf8AYVm2usJcdmdN1KJGS5sW+XlXHIKkkN/YkVoSuNP1y4nmiZjqTq9u2em7xf46V3cdaw+ezzPs9x7RxmZOzd/DHu7yUxyhvpACjjPvg17Bo0V5HYLDckyvGOJD5rXk8OrrqWnaZoUUQR7wxOksh/05MEMP9/716/Y3zoBBOu26iTu29G96+m039fH6jxO8od3ipiwPWmIAY0yqTXTYSxtanHBpOQWpMRnigTJhsZpEA9KEgk9acEigZuPKiXpTmQHypLigfnOfKg6rUu7jGOKjxQFtBovyY86HPFOCTQCwIpxzT8kZocnbuA/agLGaYHNNk060D0iM0qVAsYphx1pZPpTuAVyOlAOBupxyvFLyz504IUsB0FAlkyMMMikSCuRSxTBQBigMEAYps5psU2eaB8UqVKg4JvamIAbFLO33pBgTk1ADg7afJxReWKEMoPIoHIBHFDjFEp2n1oAd3tQExLU5UE80yYHU05OW4oHoXfPQU+4bqfpQCOG5ogoZsZxQ/UeadlGc+VA7JsGAaFT3a880qXp7daB87A3nRlFMKsB96SIoiY9T6Uo33RMnSgFAVGQP2pgoO7NNtfdnypQkndu5oCXpnyoljLbtp59KFemPKnH4LB88nqKBQfm3r+1Px3hwfCDk/ajuF3Osi9M5P2pyFjBGNxYYzQWrRDJOATxjNeCfxN6lI/aXTdPGQttbq3J4yxyT+4r32yXbcgg8Dg186/xSv8t2zD+fykZGftisGvmYwS7PxFeerq8Tdi00jH6WGM4zXMdp+zwntnlJ2yzbYpe76lPMV5B8VviDftfrZWd69uFbxd0Sv+1cVbduNZ0+aLbf3DylhtDuWB/vXxmOeM7v2Onx9slOUvYe0erXWlWTaWlvmxjgKxW6Jn8TOFfPoKtfDPThF8Q9AtHHezQRGSVAPCjFeG+9Z3Z/tJP2tsL+SSHub3CRtCrZURjkkZr1T4d6S+m6tpBngWK+vY21C5lI8QXOEj9gAfL0ruUvFq+HxOpxTjy2q9Yu5gISAfEf8VkJp5Ba4c94z9c/lH2rUv5gHYAZLVn3ckzIIlISRhhfasGVbiiWVe3cz3Rittu8dXb6VqhJ2ee9G68u2lw2GZTtUVfsLVI5GTLSyL9bHoP+lUr6We/uGt4xshTlz5VyM0w7eGqO6vLbSIxFZQBnP5z1rEkt9S1tg8kvykB6EDmtfTxGoeMgzzr0A5rQO2Da08i975RDoKwzLp4o26ZMPZW1dAXSWcn88hqT+WJpvjtQC6/lAq3/ADgEsEGdvkaeCeSIvJ3WN/Td5V5z3baxP8Yba9fW5PfWMqoPzYz/AIFHc6411ApI2euR1rbjWXahkIVJPL0qC6gtu6YSbceoFRa61hzcmiadq0m6ZyT+pm/6VZj7OaLb4XuItvqwBqy1tpoXvCrKfbNQmzt4pu9izMrfSknlVe8Lfrkm0bTY3zEkaH9IWhks7uP/AErdSPXBobu9ubQrm2Xum6EDpUsur3AXdEzn2xXm8Qrtjt/WImg6iurPdragM6YZc8GpLnT9WUMipFEG658TVuW+vTn6bWWRvXpVHUu1Yt5liNo6nzYLn/atNbocLOTGjXUUu5re4lAbxHfjH9qHXLuayvIVitGzjKEqSpHpkVrX+s3khjVLZo4ScsceI1pWupm6CIbclEORUuSq1bOSkMlxFLPJYtCV83OSf7VpaZ2PtLmBGuLbLShTlzyK3pJYnGxICsnpjitexg2QtxldmMEVP7FNqvPu0mhWVs8UlvCUWIYUE45qve2zmxV12bcY61u6zEl3lWIKo+f2rlrKI3t3IiOy26nAJpyQ4Qks9FaedBnO7qR5V1aQGFBHGOgwAKj0a0EYLDAz1rasbV9rTMuB+XPnU6pQm0mxeKPcx4zk1oxWy3MrOx48qstbiCARj6nGftSLd3EWij3Kv1E+VUXl1MES09OtVgZJWOAOnFdZYSR7RIxyD0FcCdceNbZYE75i2GUc5rrdLuZLtAvdFAOgNZ+O7VnxzxdbazlVKZXuz0bNZSxrPfSRyEqvkcitDT7OK4tstLsZOoNHq2lpaiOaEd5E65J9Kz2xy4k8a22UrKwW1ubgschxgZrHuonsbthjkHP3FdJbv83Grjhx1FUdVjNxc5K7GjGM+tY8uKJjw9pk2t5ZCwCbBI3K4wayL2ykjeS32uwyxR1UHcK6aK0d4WTPP9NRTW16su6FlLRgjaQOaqpE1W7xLhWleAjvbd7jaPCygcmszVLFL90NxprKwGFKHxCuy1G2E0LStDJFIrcrGOtY7xQyZJuZRu6qy4Za6VbbvK24uIbTbO5ZhHfNvXwd1cAAH3yah1bSNSXTVTSoo2KHLC3P+pXXa1pdtYJEZo0uYpDtVmUZIqta9nYUi328lzZgjJJc8f5q/nEt9clY8y43s72ofTnW3v4WjfzEilR/mvRtG7S28xLF+6Q87AKqy9i5dVj4vYr1vP5lF/3xWFedktU0aY9xaSOPWOTcn9zVVrbdLbTiy+JnZ65pMthfwFlkUEdGVsPVLtBLqlrbx9xIlzCTguw5rz/TtRngfur2wkt//wA9EDiug069uI2YWl5FMjc91O1Z7Zpc62CaW3i28O60ZtZ+UiaNlkULzG+f9+tdNZ30c0geeCSCUHLIB1rjLbtPqVpEu+x3jGPw3q5a9se+bEkMyr+ork/4qyMzm5sNrzyiHUahrqWpZJY+8h3YEnmKoC6Qf8TA+6FhjZ5io7C4t9V3LHMjZ5aN+CKzruOXs/e7QA8bHPHIxXs5ZZa4v1+0PajsxF2gjE1tL8tdqN0cq8A+1YmlXFw0j2V9EYrqPh1P0sP1V2WFvLcSwZ2/WU9fZayNTeCeIOCVuk6Hz/8Af96qu1Y7WiOMqQstPlfumSS2l/XCSB/YGtmwtG0+TckjXSelxz/tWDbXm+dDMRET1D/SP3rqo7eVlUoSA3mKorG/SOWdu2rp+sJ3g+lMdVY9a1JYku41lAOCMbvKsmysIruCMHBlDYIIpT6dNAw+WuGdR1izxW+LWc6zc0oskgRkBBX0opoDPZ3cWcExOB9sYoLCYBQZCVcDBFWrbEku3OVbKketb8TJd4RpNzDHaXNi5CtPI6SJ5gkgg/3Bq/2hu3vOxGnX8Ee97C8aByOvdkZU/saxLeG3g1fUY5sh4rl0D55ChiA3+TVvTNfa17ParZQwd5cQ3wuZYJPzRDKyKP7g8V2cd3IzY5s9O03X4u0EOiS6fLIzwyolyEPMbEYLf3FfT8LGWCKR2zIVXc3ma+Ufg/2Znm1uRtNcSWVzH3wJ58Ocj9xX1bbRB7aJolOzYAQfWvrNFtNfL4vX1mt9tgMTuaiU+DPnTOpDcjrT9BjyrqOYDqc0qVKgfJpqIpxnPFC3GKBYP/4FOoosimXpQSB8rmmwKYLgU9Aw5p8YpAgdaQIPSgRYhfWlHIF+oUx4HFCx3YoDdQGAFLGKY5JyaSnJoH/emJwPWmZQBRAgLzQLf70snZjyptnixmkOaB1I6GhUZP3pMp+9Ovh60CBweaJuGxSGG60n5YEdDQIDJpsc0t2KEsRQFSqPefWlQcMmAvPWgxiiwMYpbKgBViTTkZGT1oACGp91AQ4ORTEZpAgjB4NIEBuaBx4t2PKmVgGoQSvSnCgGgNlANMST0p2YUwGBQLOKRJIx5Uhw3NE6Y6GgFSN3NJ1IY4Oc0sDGfOmC4ORmgJVKEn1pKB/eiJJppfw3wOlAPt5UgQjHPINGxVm8PFRopZtp/vQSDYPzVHIVWYDkj1pmG1fWpEcOmNvNAQcxsquPAwxj0p4T+O0Z5VentUcoCvjqKlELd4zqdw9KC5pf+uw6A9K+aP42kktLzTLiIn8a02E+u1mH/QV9L2X/AMxHuG3jH714F/HFpbXGgdnr2M4KNMje/AP+5Nc/XxM4LO38Nbjrcb8v+0kzf+JJzLkgtwTUmmaZJrWv2kCDCk5bA6Vc7UafIutui+Ji3HFeg/B3sq1xeXd/PHnu/AoHrXxEW36f0Refr0+7sdA7KwJq1po0S7EmiJndThkUdcmu77CzJfdp572K++etIo0s4JcY4X6l9zk+VYOk272uq3km0K6wXImlPGUCAgqT7kCtj4eXFgkGk6VaxkyWAcStk/XnLH7k118X/W/Ltb7ZuT1SbMt1Eqc+pNUe0VytoFijGZSMAj1rQjBlnUqOKo6qqJqDTvt2Qjdz61Vl/FVi/JnPFJY2vy6eGWRcyOx+mqEM6XEgtbfOxBiSY+tV5NVaa3nuXyTJ0Ht6VLEotLQI+Ud1y4A6muLkfRYqr6rDZRP8um3P5mrAaSfUJ2+UAdj1lb6RVzedTgSFWZk/MR5n0q8iLBAsKIoVfTisNvPTo49qo7XTobMZ5kkZeWPrUkkycrtZj6VK8YCrh6qi3KTtMW8P6a82iGrGe5kHcKAhIWoklM8JV0CA+oqYTAwMWOPaoFAfaCM58s15LbSquLYPGzYwq+fXNVodOa5lZt5FakXhXu14PvzTpBJBCTkZNQ4tmyqmn7vDK7N6Z8qk/l8YzsZlz0oo3ExYFhhqe/ie2WMq/FeHFXkt5u846eRz1qusUdu5MtuVB6MKvw/jQ5Df5opgjoCNzSD8przaXlqs+W2F7HtRPLGarfKR6e6x+Lw1ct7+WKcxPCAhOQenFPd23ezsxJ2mr6xKia7doHMPdjad0p6VSvdZkji7oIVY+DP/AFq3PLDAiAIWc9D6VlanOJ2BK7ZFGMCrdmW9GRMneCZGYjd0qay0bcqxodvOcgVbsbTvQXkIBPStWCQWcJBwSOnFShlk1pZhFESKCR1Na8FmJ5EZzsij8vWq+lZkRpCOT0NbMShCcjp1NTmdqo082R4jlLybifIVCZxLC9qVIA6uKtxd2WVY1AT9VXILOOEb9hkZjg486otLr4vVgWmly292mwblHIINddYRzvLvd9q4xkHzoVswLqCeNSIWGCPeta3TbNhV3NnO3yquZaM2aLVXtJnbTZnMgEqv9RfzrehnWa3cRSK8bL4lP5ayNKs2S4HzKZB9fKrc9stlfK0DrtIwyHoa8cDLtNvCNIzZXxwd6P8ATirF5HugllYYIXIHrSW3+WieY+KMnCn0q8Lfv7NZR43C/SfOstqss3hz9rIXQugw/wCmp5YklMZd+5P+1Hc2bQtmNWUepFSWdqI7096hkR+mfKsvGel/OJ6lNNoxMJd13IBklPqJ+1c7fW9rfJKsPBB2hio3/euo1m5a2tMKsuMYBWsS6s43tjOrBJiNrMnStURshSZs489nlsbyAypJMgbLZJI2+ta2tWSltpiV0CeCRPpK+takkkkaBY8TA/URztrlNT7VWukTtaXkcwXywelezPFfPO88Yhes7MMhAUAHzrTit4rR1/FDFjjYF4H7Vzt5qoj08SWVwpVuhIqn2d1K6juXe7eXuuoYrxTlDzha3b0Zu7ZVV7eIqf6RigvuzNk7JPBawsAMkFMf7Vn2Wus0Uo+WEkY+l0OSKlXX70NggkYx3ajJqvnX+M00zRbwI9mwjbotyMFzjJ21NHbtZBHlVlJ6hKd9Y7mA75PHjCwkcmshO1kJlAuQyIfpPpSZpHS6kZbNAyRrcZNsxT9SDDf4odQvICrKHclRgK5FYtzeG5cmK5bufy/lY1nG3nd2Yknc3n6VXzhopgmJ5WXoddv9LZmRV2A7tjH/AG9Ke31ew1uYr37WlyRgRTDHP36U11GkqRxOM7hhSDg/5qZOzdtKVbu+8Oc7Ca8mJssmuPbeYHaKba57i5j8R8pBkGuk0uV7ZkjAMls30OCSVqnawsoQNGZIkOT3gyVH361r2Kx2N2twPHAfqC+Ve1ji5uWYadjLG8bNuDY5LL0FSadeR3F00aq7Z/MB0qpdQrbGSW2Qd3N1A6f2qHQ9QOmXO36u8GCD61piznWjfp1SxAxEDact9RqSwt+5vEXOcvkGoIGNzZGNwI5CcAe9WLCQrNB3h3Mrcmt9GG75/wBVjNv201a1cDuZrmQxvjy3dKk1LS5HsbLVbKQR3a5tbgMM8qAMkdDnAqfttZy2Hb2WKRiYZbhpY2z15ztq1aW0tzp99GBmPduzW+9vrqjix/ZZN2V7Ran2cJuNOnMFyoJZE+gZ64/7V6T2b/iJ1jSZES7ijuYPzqUww/tXm2n6dI8oMRIIXkVebSJggBYffz/vVGL5DUYvMT4dLN8VpMtfaPL7E0HW7LtVo1vqVg++GYZw3UH9JqVvD1rxP4B9o20zVjpEzs1vdA7VPRXHU/vXuF0oEhVVzX6DoNVGrxfZPb8n+S0c6PP9f6Q0jwuaTcUm6YrpOUZyQmPKjQblyfKhcAnApJlTg9KAxHkZB/an2bTiou8cHKipFn7zqKBYNIMR1p99CQTQEMN1FBgpT4xRFsrlhmgXUUBBVhjyo8GmwWGfOgXeD0ogMUKgb8EcUnYjpQOQTScZGBT5G3NApO0f5oHCk8niiyA2KKQblyKhwc0BpuHQ0xOetPuxSIxQDyGqTyA8qBTlqcZPSgfAocAnFFg+9LHNA2welKnpUHBHlsDg07EhyPKhcEvnzpzzJnyqAHPh3f4p2Uqq+9CQT0p3cunuKBSw8ZzzUWC5UdCfOpSHI5ogFkUADBFAGBT8DzzQrncwPlRBwPKgWzcvWlnhaSYAyOnpSx4RQIgk5OaTcnPlRDnpQHkY8qB24WmVj50i2Rij/DNAJJPSnZgwYL4hTEFRkD9qXA8qAcGpEYSIcjmhXxLnpTowY9MZoBBAXmii8DDxdOvFCAjeEnHvTnhmzQE3hkP589KNYm/EZGwvpQMCyq/6aeKUopzznrQaFrKW2PjBBya8b/jFtzP2C0mUciO4kU/uox/sa9igc5BUZBryr+LLxfC+09rzn/7WrHrf+izqfF246zG/NHtNYH/xGGC4Bbj2r3P4UaWln2ajlljO2RjKdo6geX715Z2sjEWtEBeScn2r3ns9YyxdjtMtlIVnVd7dNo9a/O8E72tu/fNdlmNPXZwXaTWn0yx1qWSMPqGozrFbwZztjYg4A6dVFP8ACgu/aG/VXMu8o1xMvCmQDJVfao/irdwXK2hghaI2mF74DxOSMoF9c5/xXU9kdFTsrplraNCy6xPGJHjB8MKHg7vf3613cX/W/PM8zN3rOlMGg7w8HGc1w3bTUBBDJEJDukGMV22kEQ2JU84TBNeX9pEbUNbuEYlVjOM0y/is09fZq9nbQXtjbzPwqjvCG8z6UdzZXNzdxqXVbYDc7c7vtTkyxaXBHF+HgZIFWYZBJHGjFtydTnzri3h9BjsjQqrO6HYqDAA4zUsfKM2OD5UzRqCqHwjzxRQTCRRxtA6CsMw11kYyVGBisrVtSaCVI0A3OMZPrV2SV1Ozz9aFrCKcxSSY3Kc5NVtuP+oYfFCRuUsfWm+VljlWUt4fSppYV7ziIgetBPvmi2qcVB1KzCP5h2nZlH0/5q/AnzUZVjsrNso23lX6jzq+JUiG7B5pu0Aa2MBQryB14oNUtfnUTEhwPIVLb6sm7u8Zb0xVm2XvHyBkeQqSPSnY2b26jktmilt5knDYXYOvNaxI/MuwL/mqtw0KSlvFzU0d5ZuqMmxVQZdRjOKsyXFpbW8eHBbGc1T1J3kXcvGevFZTROZPFzGOAKm8nz2kvSrsDv8AAegqhJs2u0nGVzVi6jAjjK8gVkavOkdu/jA8GM+9RrZmvAE1OGHH4qjFTNdmR0TduMjbBj/euRt7eXVrzuIQZP6lHArvNC7OPBNDNIcrAMKD5mrqxy6ZLOotYBbQpGoxhck0dzcbYygHJ6mpFYFAR0Iwao3ERlOI1amWYhDFX2aGlqgkUyDnbnbmtqBDK0bYI3HOB5Vk6YgjvooSuSUwTnzrfgPdXaoTxnHSs9pbptsnh2rO0asTznFaECmO4ZQoLDzrKmXZqJlQ/hFc8eVazJJPIxQ4fP8Aiq1N7erRure4ghVlJdictjyFacFtDEmGR5sjBb0NDowclDO+ABjkV0dwsNzpscUKKZgcd4g8OatrVxc2Was6XTIGtHWMs6/Xk0OmWxliVd3hQYVumamkM0G1ZQFyu1sVTluTaGSI4BZutVWZ4tv0nu7UNHsLZT9VZYT5RiHcywnoy9RV23vHhJVl35XIqikhM42xsFdsEelUraxMNCPUIorJu8/FRRgZ9a5SO0OparcCMmIYyq+WftW7fQKtsMKVfd4h61nahdi3RsARSYyW9vSrd4asTOu0t7G5ePvj3g+oDoa5rtF2YtNXvBeo0nfD8h5BrZu7qOYYmxvPRsctTQzxRRsHAaNeh86qmYnxLpY6ztuxjNazWccQgWOSP8u3GarXF6w/BJz6AA4q5rL215C0iKYnXzHnVC2lEduv/mN6k1llqrRmtJc2cxELylD+g8Vas7m7Q5E7K3qzHNXdzOMLtiX2rQttHEmH7oufaocJnpdPGK+YZNpc3dxcFpJBk+RbJ/vU0mnzo/euO8XOdo9K37fs8qkFQAWOfsKsRWRkYx58YGDt6UjDLJOWtfxcybd5d6QqQPWWtS2tZZEWNTulX/NaLafJbq525C/VuFXbPT5zbLdRoNinG7zq6uGI7lC+as9ubGmkTO7h5ZG/KR9FbukxRTRs+SJU/KfOtjTrf+YF/wALbIowHH0savW2klWy6qreoq7iw5c/jiqW1w1pcoGXvARgg9K0ptLMsErWzqob8tWIbGK5iCSKVYdG6UyRS28u0jwr/mpcXLtk5WRaPF83p6wu2JEbAzVhLixa1y6hLiKTaVx196C0ZbfUgmcCRcj71bv9Oiu7SVigSUtyRU6xCi8zFvCclTJFA0ginZtwJqxCCs5OcknOKrwWyXE8cjLmWFeM1JYyB7zcw4rbVju897c6PNq+rpBDAjXKym5hz9TkdY/3HNUNB3G0jbYyjGHT9P3rev7iSXtBGCCssNyHVgedoOMZ/wA0/bDTXs7SXUrXwRXDbJlTyb19v2rRqPbGu0k7ZOLkdb7daJ2KmeTU7tAQmDDEdz5+wql2e+N3Z3tZfi0tI5reQ/T8wn1f2NeBdvLZpdWnLOTIejHrXJaLJJYazaurAOr4yOOK+ctmn2iH6pp/hMObT/ZM+X6Bdi5UGvWdzGwCCVWytfTNz4lU+q5NfIXwUupL+G0DZLPIqivr24BUIvljFff/APG8s5MUy/Bf+V4owZ+Co/nSPNMTg806819s+CLzzTsTnNNSPNA+QvvQ4Aphx1olBNAqMEt0NNs8OaUfh60CJxRE5WhxmnBwOaB/F6U8ZKrzSyNuafZuTIP7UAKcyc0pB4c0w4OT1oshx7UAflp05BB6miXawx0NCfw25oJSccVFuOaLcTQ8butA/eD0ogQetDgY6UlU0DhcHNOhINBnmnBxQEWI6mlSJDLk0qAsD1pVHtpUHCucnIpMu04zmg69OKZQS1QBx9aSBQzZHSm3BRkdaZumfM0C88f5pMu1sodwp0AO4E9KHoMeVATEcn1pABuhoA2WwRikqbPPNA5Cg5BpEkU7tgZxkUAYHqDQHGSfp5pNhcDqR1p4xtXNCVJkyBwetAQjDJleTTKqn81MoKnHlTqoz0oE67WXJpyEBwTzQkd6gPQ0QIkLE9aAGO1M/wCKNZCUzt5oGyHUY4oiMPkUDuVdeBj2p3AdSw86j2eJj51JFwM+VAkJEbAsuz1poWLqdviI8qHaOeOtRyTG2QyAdXx+1BoxytgJjxeleb/xRwCX4XxlxgJdoSfuGB/zXplvMkiejVx/8QOiSa78HNZEXMtqqXQHqFfLf4NZdVHLBaG7Q3impx2l+cevWQu+01vH05x969kvJLuHSrextY9xxG7ynjYg+rP3rz6300X3a/TEHI3kn7Vt692xml7VHQ1IhtUZWmI+qQemetfnOL0m27941P8A82CsVT6xPp9trNvdXDrdXKSG4KFT3MOBhc+vWpdMu73Up3vF3TPdsvI/MPzMfRRWY95ba4moQ3o7lJ5khtwowwI6KMV6nbaMdI7LpHBsMo2JMygcH9I9vtXbxWrxfFanHauTy0bWYRaUT5lea469smuNUswcKXQzMPv0zXThgNLbd0UYxWTdIYWViMBQB3n9I6CoZbLdP4Z0DtKzJJ4QH2KPai08G2nmRn3Pnke9T26rdXqFRhC+/moLa2xfTuSShbex9PaubZ1qzssSqlvGHkbr1FRpKr4cAgHyqtf3Jdtu3MnktX4I8RqWGfD096y2q11mCYBk3yKQaqOCLducVbSYtnPOKGWNZImB6VVarfilAJm+WyxwaODkqD1qFdi5yelJbkRtkDkVQ7FanuFkEx2LjNK1tpZ4yHBxUkNzuUu5yRV2GdWjzuwKL1WzsI4zyfF61qR264DqcEelUkGXYhxlf81ZjYqAecN/ipq7Jp5BKoHQiqN7On0qdxqeVlkc89Kz5lBk8RVaQhtKCWQTYQcD7VUugIkbc2Pb1rRl7uMMwORtzisfUk+ZeNic7f01akrahKVhH0hT71yd532vXJsbVRgnxOR9C+tbfaLUobaDYg7xycKBWt2X0T+U2e+UBruc945I+kelRpTlZnySm7Pdm4NEsTHEuGbrI3WtRSI48E8McmpZm2RY8vKqM8iiHcR08s1qiNunPtK+jBohsOQPKorlu7bKvgfeq8E26IGPkn/FTJKlywikAViMBves+XpPEt6TOJbyNwctjOK6cN80qzDCnOcVz1rDFbssagd6ox960GmlhCF49qDqAaxNG8Lnfpb755dzIRjatb2mSRzXMc8RIWRfpbyrm2IJVAdyP5eldZoUEaPCxz9PpRRlmK1dJplpbXDiJ5WLHxA+ldDYaXFHb7RPjD5IHnWXp2nuLsvGu4MMD7VsmNokj2AFk+oetaaPnM15tZJNZwO0i5B5yCa5vWbJ3JBC8c5FbrHO/bn2ovlS8O5wG3UtXfpnpecfbiLa8aKcK+N6DBJ86kttT7iV+8Xcpbwn0rQ1rRDHIZI1y4blfasC9URR70BL5yayzS1XVx2rkq2bqL5yRHztCHOPWsXVGNrcsCgmVvHgj/FWLfU2CRyRuMAbSpxU99ALjTu+Rg8yt/evV9ItSd5cxcxRzAgRgE9PasiVe5kdAOB1U9DW9NhVaRRk43Ff+lY+tTqdP71VOR1I61DZ18VvLLnMzx92i45z4h5VYtY4FCxsAzf001jqpkVCVD4GHGOlUyEjuu+jkGw9B6VDaHQ2bh00SDZCo+9akCiC2AJy/ohqtZhZoQAwViMgA1YeMJFtBJb2qe0Q5+WZjtp6dEHhMjK5H0Ef9alt9Nj72QMCIivVfqzTWTNGip32GYYIqe5ikVUCzRqCOqnzqyrmXttbwsWkMUKIHBeIdXk860NP7hdwtQJIicjP/asTUIbhNM7wzKHU5J/KRWpo0bNbwuq5B+pl8q92ZMnXLdes7Jmdwu2BQc4PnV5olhErsQQFyGxUUkzxzkCLvIh+amv5ongdlyAeDXlmCbTPcsy/vonjDQuTJjG3pk1Y028j1iyV1JWTOMGs02TXFzas6MgByAPOt+K1trOFsKUGdygetV1tZbPGK7R2wL4GC5spsnEcvdsP+tb0rGGKRnbK5z96qajCskrMACuc4q3JCt3p8Qbkg5I9qsqqt5WLcbIu8HEeMbqjcC3kYjnaM/etK02TW7wBCCFyDWZfOIoX28sqYHua2U9mK1t3Gkk61bXqurxyS4OfI7a1e0Fuy9nZrVee8XvUJ86wTNbXFzo08Zxa38+xv/zb4x/vXTdq5+5tJ4Qv/wAuVXcPSvdRbjVo01f/AJKy+VviD2dZla/gUyRr4JfWN/yk/wBJ9a810uyM+uQxgZy+c+1exdubh7R7sRttSdDG6+TD3rg+yGjtc6wsgUnacCvlc2SImdn7T8fntXTTaz7B/hm0j5rVbOMjdHCpuG/YYH+a+pbmQDGecV4z/DNoP8v0a6vnXDk9yrH0zk/5r16Y81+sf8b084dHE2/2fzL/AMp1Maj5HJt1AXGTmhBIpEk01fWPjhbqSHJbPlQ4p04b70DkA06k7sUqXQ5oJN+eBS2iox4elGWIHrQORinIBpn5XimyaBKARRAbelMtJsigRwaZAPLinA3e1JvD70DOuDupvq+9PuLLg9KSADpQFgUwADcinpjy1A+KSt4c0wOaQUAUC2jNPgU3NMGyfSgbFHkH2oSCelJgPD70DqcilTgYpUHn5YHqKfJBpZNIDJqARQH81MDkYNKkQBg+RoFGnj/ppOCjYPPvSVitExz1oBPiPNOIwOhpsEdaJFBGD1oGBwMHkUlpkBBbnpRRAOMg5PpQR96cYpyWQ4B4FEBgcrmmEgw3HIoHZjnO3inQgHJ6UBkBGM4FFGNygN5+dA27YredEFDID0J60yx+MjPB6ULy4YKV49KB9u5wfIdaY5fcRxRRuFU+9MSR+9AW12J5UA0lOxSrcZ6GnG3G1+F/VUakbSM8D6SaCR4ijrg5UrmmcJcWjEsoYNnbTxSNECWXcFGGHpSaOOSUPGBk8mgOEq08Z5B/NV3tFaLqfZHV7TGe+spUx7lW/wCwqksyJcKj+Bz+qtSVc284ByHicY99p/7moXjeizF4vWX529nbE/8AiSGVv/KRiayNesrVdak1GTc1wRtJzgYrqtOTuXvyeqKy5/fFcZ2qlCQlzhfavzTUeuS0P3zRzNsVXEdo9SuGgAjuGSSGUTRsOpNfS3Y95NR7A6LJOGXvYFuJpQc58Oa+S9augyeE5HJJzX1holrND8K+zqpLszYxLgdWyvNX6W27nfKY6xFZXTIJtPUBSHnfIHoKz9bV5reRAcBnCKKsBAt3BiQq2NxVvL2qHUZt91bx58JcOP6jWu/mHKxx5V5YjbwErkCIAFx501rfI1tcKqd3tfO9vOrd+Qlq6DxZG4/es8LmOQEAcZ/esdm2vklMc9ysxGeMD71fUd3t86r2cO2MP9QByAtWQpSVQ6lh/tULRDRWys6iNW5qudxBCHirUr7pmUjw1TuJ1XwL9XqKy2dbAFkKqC569cVH3O053ZHpUxx3YJOMVTD7HyTn2rP127mNaS0Kk4fcp6VOjFI9rYI9KqSd4kYKtwOlVRdMx2s22pbQ0RXl02EuEDHYobFXEuDIhTYQT51kMTAQYxuz1q5DLK2wZ2jzNFdqp4ZAZipbOfaql6IjIO78XrmjS4W3nZ2IPpt5qre3HzTuyptUdT60rCOyIOkTEO2VIwBWRq2oRwWzFfC3qKnu5u8Ck8Ba47tVfi2BUuoz0BNTLVR6Ara32mgB8UNuO8YHzPpXp7ALIXJyD0rzX4aN3nzlxwGZ8D2Fd3Pd7IsZ+ny9a0Y6+N2HLE8luW4WWJR5jrWfcXG9tucCqkmor3ZOCuerDyrzL4ifHbQ+xD/LyGS9vAMmCAjcvsx6CtGLHbLPGsOfnvXFHKz0eO+7vIjYFj71rBjIsbgc5zmvEfhl8d+z3b/Wv5d3Mum37r+Ek7DbIfQH9XtXtFkQr9w7YI4GfL3qWp0tqV9oZ9PqceXzjnd0NrM7d3KRkjrWvJMJIB3g2h+ntWFYP3W4Fty+lbNyDLax7cY25xXBmHS5GjBE+zgjblea6fTZ51WLkEAYrj4Hy4fIAAwBXZaLJHLaIRgt6GqdpVZPNfLttEvZHgjwSsi9Bmr8034m9WIf9OawtGmDAKTjHnVkTtJKQB9jW3H04N6+y1cXZTbucj7VetL55giq/T1rmNUvFsyodhnGcck/36VQtdeHeNmQZByuOOK9ta1PMpxprZI5RD0fVLIzRyOjjvQuSo865e+0hnt3ZRiUdVx1qx2c1oGZDK+cjHJra1WHfOxQ8bcqRVkTF2aIthtxeI6pevp+oBVYqj9B6Gt7TdYUqhZt8R5znpXPfEy2a0mjceEk5HvXM6HrjLviY87sCuXeZpk2l9jiwRnwVtD0ydra6lM1uCRnLrnpWZq6RJFKVGAfL0qnp06OneKWVj5A0Gpo01uWDNufrVkPKYppbyhS3hkfu4CgZl3hh5+1V5bWNYWEiBD5ih0exuLWVXyH2nOz2rTaKG9t5YpTgt5/pqW0Nk24qGlaXILlJ4ZjsxhVJzmuo0uVLmdg+1ZAMCM+ZrGseza22EFxJub6PFxV+UpbSx9/kSLzx50qx5praWtPPtZVVNoXzIrWMUV7pqskDbl8Y2/m9qKK3QwocgiRcqW86sBngnW3UhVznOascPLZLaQrf2a74x8vnBQjxY+1aiRpZJCsQ2ov5TVSGc+MQqF2HJkbhTVu0ujcwLIgSeQfUo8qk5t7W7/SytxCs4iAKgrnxVWvTBAO8mwgJwSOg96SwszyvMcOOFHpVTUI/nbGeHIBaPaCajZVCw9zboO8+ojwKP8ArUEzkzBRkIOp61VF5b6ba2s9/Iq5wqr5mpdPvVmWeNV8JGUY+dQ3WcbbcgIxIYnmLxeKrNvL/wAMsmMHGMU1nEZ7eNF5HO7+qhhcTyTIoKiNuKIz4bNgZEkZceHZuJz/AIrB1q4OnywFMOzOQFfgHH/etqNmj0iWbzJwMnzriO3a/NRi2acwvKoMcg/Kw866OHwxR7WVrLRlutW1LR2zZwxTQapBI/5C/VD7bq6PtOm6eUMM/MRAt7Ptzms3TJX1mxtLiZSb6WyaxuVH52RuGHrWhd3Ues6Jb36uO/iGyZD5Mow396hqo9WvTTtkjd8y/EFu7vFhPKhvE1a3ws7Om9vl2ruBOennWH2+lWXW7gAcbq9b/h2sxcatAjrlXZVxivk8NPt1fB+manPOn+Otbf8A1fX3YLQh2c7KWNuVCyMhd/ueta0rAtVicBEVRwFHAqq4BNfvmmxRiw0pD+WtVltnzWvYwGTTUkYB8HpT5G6tTKdQDTkbTkUPO7iiPNAvzYpUvPNKgVOhpbTjPlTJ5UBg4HNMeB60m+qmBw2PKglwAKR5XIpyQo9aDJX/AJaByM0ODuxRKQ3tTAsWyOlAOMUaEFeeGpYFCQHPHFASkedM3HPnS2ikOetA+MUqVKgVC6AnIFFQ5xQEp29aYckZpyM9aY8dKAmGCaVInNKg8/XkZ/xRAZ9qZ4yp4NFjIqAiJxTgEpjPFNkM2OlEY8LwaBBN65JpskZz5U3GcZ4pEEq1A+9j9S5oo3X6s49qBm3DOOKTYbxY/agQZVfJHFO6gOzCmfxYx5daJOpAOQemaAchPzZFEqbiSDg0JbYMYyKIDIIHBPSgZmDLz4WpkO6MA+XnTOCG9adgyLjGBQOwCFTuyaIsGIL8EdadFJByRx04qEZQsCck0D7VyQSAD0qQICWUsMjzog8E7BcYYVEHwMkc/agIcq3tS2MqGPA4Gc02Dg44zRNKSxDcEjAFAMcgOWx160lUK+ArfcUSqNu0ClBKEOGJoEf+IZNxyy+ZFbNtHkBeucj/ABisqIEuzL+bpW1pRAkj38knP7VG3T2nb4H1K2+Q1LWbYDLCR8D/ANVed9po+9iKkg+HNen/ABIDaR2/1pXXGy7kjcf078/7Vx2q6VHK7bsbWXwmvzbWV2zW3fu/x199Pjs8PbQml1EoXJUybcfc4Ffa01nFZ6PZW6rtggRI1P5QBwK+Ybrs8bTU7NA26W4uI8D/ANS/9zX09qTg2GHdmhLcbano6+ssnytt+OzmLySOC+lcsJATlc/mqFUe8IkOI9qYH3q5exx3AjKhC3lUu6F2jSE52LycedarRLl45U5XSK3YKd7YxzWVI7cRebeEnNWL2dowzrhRnOGrNCzPdxZYAE7yPQVitb2b6w3bMAQsIjgrVrae7csSd3lmqtnbn5cvnaZDn7Cia+75lCDCAYLe9ez7J1V7+Vo2CIRu8zVBotx37sGrsxWSbOMHz4qi8TGfA6Vls7eCTj/T4G770EiDKyKuR6VHcXro5jVOnXFWLZjtUSbUHpVFnZx+EkMqyQMvShW3RTvbGftRkqAQOp86rspbxFxUWqsrg5YYBK/alPK6RvlfCelRKWijXZICfSilleaPY/Bokxo5SLrMjlVq3c3ypblVBKj6R61WvECHGcv6Viave91GXZwin3q2vjtbNai1PW44beQsMEeXrXA3om1G5aWRW2j6Qa3baOTWrk7gViQ4Xj6q3jp8Vui94mR6YpXx25+W+1nL/D68FnqNzaSOEEnjXJ/xXfTl5Zhk/T5Doa857SaeLe/ae0YRmM5Ga2NH7YxSRLBLOkc8f1iRgDXQr56Y7WVfiNrsunaTcLbkq2MZHrXxn2gt557qa4nkMjs+TuOSa+te3i/M6a7swaFzlmB5Wvm/tULQ3Eigg/8AKRXU0UTW3Tga+IvXbd5vHJNp06T28jQyxtuV0OGU+oNfa38P3xZ//SToXyl/Ii9oNPTEiAYNxH+tR6+tfHh01ry8WGJCXPkTXpPw90nU+wutWuq2u8XKcEp0x6V1tVWuXFtPb5rR1vp8+9en3Jp8vgKk4atm3uNxUZwuMYrg+xnaVO02mQXojMM2Ns0J/I9djDIjKFHhYedfB5sfGz7il4tVsCBw3CjHrWlpl0I5ht8NYb3+LfAzu9c1Z0u5N24cDAPlWKfyT2ni9D0efvGK9M9DWF8YvjP2e+CXZeTUtTb5nUHBFnp0bYklb1P6R96abtFHpCxjGXcYXHrXz1/ET8JLrt7axXkt+7XMLM3fld28H9Q8sV1NJWs22uwRgm9t5fMnxG/iC7cdvu01xqtxrlzZiRj3dpYzNHDEn6QBjP3OTXu3wB/iAue0sC6Pr0pbUolzFOxx3y+mOm6vDl+DOq2YaYCO6iU4xggZqzoPY/VdI1W3uVtnjaF1k3LwftXX1X0ZMfCI8u78doM1r73nx/H6C9nO0yzRxlH8XrmvSdM7QLcpHHP4SowGr5f7E6pL3McjPg8eGvaNAv8A5iIHIJHXmvl4v9duMs/yGiilkHxvRJhp0ifSFZiRXicOosk5KEEhuATivbO2gl1sw4TMccZXNeF9r9Kk0W9ZwGCZzwOlZ9RHO3KG/wCKtWtPrl3egaz3br4vGfqU84rpEufmiAjYBOBz0ryLQdXBMZY5cdTmu2029P1xncpOWXPSqa3mO27NgnflDsiGs7jO1WRhilDJH8wyZA3DADeRqG21SPUYe5k2rIvQrVmN4lLRyRhznPeLWpyp5QvWsZEUiEqr/l3eVSyK0qr3qAAHCswqOBXhydnexnoTWnayxSWDRsXWQPlA65xVlWHLMVTlJHQyEkbONq+daulQpORvV2X9XWodonTkBJQMkZwrfalF3scQkgnCxsMbceIGpOXkmL9tieKBYZrQs0gZcgJ0FVNEsZ7GVonBh3LvVx5D0o9OuLiSRoXh7uTb/qHo1b0CQzWj7nzt4+1HMyW4+GXe7zYHaGkkL7R9vWh1G5VILVURVZ228edaEJZZVYL4MYwaoO4Z2WOEO4bePalldbeznu0mgPfalaMhDxo3jHkDWii7XHdoVJXaceVIS/JzLEW7yZn37V549KktEk+amZzsj+rDdapbYt6p7C4wgiUcxNgt60pNStra6aJSCdneEjzqC3snaKaXd+HjP2Nc/YRPd34bHTpnzr3dCKRZ1t3fGTQ4MD/VuMYHpXP69bR6lG0TxOzh8KynlTWvb93Pp6ofqhk/KetQDR3ub/v42wYgZxH5Pjy/euhjnkyWiKRuoz6omi2nZa7ih7yORmtnIODubaykfbJFaFrZQyLeiAfgS3GJAfyPXOdptH/lmpWNrOXS1mb56x54U4yUPrgr5etbPZJnOpXxJ3d6A0sZPCn1qOptG/FZpq2mv2PmbtZEX7T3MBG4iUg/avpL+G7sw7ajZzMuFGZBx1x0rw7U9Ee++Jd5ZqCT8yV3e3rX2h8Gezq6TpslyANiAQx/1eprm/EaSdRrovHUPpP+R/IVwfGRSO7PRLl8njpVdjzUk5B6VFnNftdY2fzzM7h2jOfOiABNNT5xU3hAkHiiwaCiDEnrQPSpUl5oH3HGPKmHFJuKVA5OTmm880jw2KXnjzoJI/pzTZyuG60yZQ4PSnYjOfOgZgaKMkJQgk9adGAGDQLn9QpZxQUYIHWgbc1EtPu8WP8ANDuAoCpUqVAwOafAoQdvvRUCpm6U9M1AlORSpwMUqDgGLHzpo2Zl5NSMp206RhYdwNQEBKk0ezK8HdSzSxvGBwaAc+LPlUhwc4FBkYxjApuUOeooHQgAg9BTBMNwaLuw25gePShGDJzxQOBncR0PlSCAqrAdPKnUbJiuevQ0k4YjoTQMWAZfQ08i+IMDjHlRGNSvFM0Z+oHJoAD7jjGDTyAll3cCmDb8NjB86IyKOrUDhtjFT/ek6hZo8jjOc+1KeMFeGzRFxhFkTBxjOaACEWRWAwW6GidMpjoaRhRkjbLLj6felIWIzuyaBkDYYjn2pg+VBG3IpowIyCCTnqKW0J0AAoJlUDxD+1AHjcqMc5xSjkwc0xXDgnqTkUEhfwBRww9K0rKYNdIqdQMGspD40KjJJwa0IkEVwJM4yc0HyX/EroH8u+J+rsV2pfRR3KH13IN3+Qa8f0LVRqtlPaS4F3abhIPMr+oV9YfxX9ljfaLpHaOJMyWbG2mI/wDpsDjP2JNfFHb15ezl9b65ZgrKhImiHAkX0NfAfK4px5pn+v2L/j2aNRpa038w3Z4Ve7t7hlKvbzoV88+L/wBq9o1SVZ4YYEEgPXbjGK8d7N61YdtZrEWkg72VkdSOgw3INes6s92NXKKy72PVegFVaSJrXy0/JV2mtZU7a1kW8jMah4lJGSanW2FjaM3Akkbp6UCQi2u0jjka5csWKrwP8VNf3EbQ4PBDcj0rRZzKsW+iE4ZDjI+onyqjE7LeGTYACO7C9eKvyxNJuKuCpXOaOy2x3EhZA+xdqketc6zo1scXJkhbHGwYIqGEiEAsduTkrSFvJGsrtJnvGxjAoGhIuC0gbhcr71OqVRlxIzMpz4c4xVbe3d5x4/SnklYNwuG6cVEY2WLH1VlyOxgVmBMr+p86mSASMA3NK3RWBLVNGgXnjH3qiXaqkZFQADABqFmimjwFIP2qeOLvVDYzjqM0yWzM7bAV/paqN19Z27Q24jtmzIMn0oppY/8AVRWIo57eMtuc7X9c1m6lewWNlNcSyiG2hG5pGOBt96vpXkt5KGq3a2kMk0jBAv5ieBXDQmbtTqI7sFLQdHP5v2qhDqV38TdVZ7fMWhwNsVunfe9d7pWkrZXu1QUjC+EYwGNW7M+TPWsbbrVlZxadAq4G3zPvUk4zHuyPtQXdwI7oQyIysV3r6N7VZuJ1ihaQqMKM7QOtNnMnNW37c7qENrdyujALJt8I9a857TdlYr0gsHUuMBo+CD969D1TMNsbgbYmdseLqBWfJbWf8vaS7uCgzmPLbSa6OCGHLn4vnPtN2c1qNZ47O+vJ4x9KPJ4SKwtB7BXk90ovozHuGTuPWvaNau7ae6M1nCywQjZ+Jz3h9cVA1jPcaTHLcGGFkG5GA4YeldzFaKvntRm5ftzGj9gLLs9dm6u13x4wC2Mk16FoWj293chVCrG4wMeVcXZTvfTrDNGZQhyhDZFbOnWd5PdiS3aRUz5nHP8ATU8lt6s2K/s9T7JWB0/VFjLtGXXaAOjV6ja27RRDMeXNeK9m1mnXdcSOZlOQcnIr1jSJ72C3WPd80x6gfUtfPaikWd3FmleLPJcMoXC+VdV2b0he6WSR8D0Fc6l9u3eAZXyNXra7Vo0Id1RhjwnG01yfq9m77uVfDr7PQbO5u2abkLyCTUnaPR+401pbOETtgrzwSD1rM0XUVuWSJGaU7sbh5V0McaOzRfPCQ/8A0XB/3rVjmKsWTNalu3lMHYKBQQUaRXOSpXjNYOudl9Fs22NKqPkHYww1e5qlvLFJbCN4Ljpjr+9Yc/YBNRmaee2S7ycqzAZxV1q8unR03ytq/lLyns72bee7X5VhKi+YHBr1/RdCuNIt1MsYJcZx6VraX2etNKghxGkSEYO0dDV6QFxuimVlxjJNc/JhiJ5S91HyP+RZiSQs5dcgMfLyrmO1fZaLU7OUrjOMFW8zXV3MJiUrsZs9DmojHFPD3bEHBzyfFVETEq8WWcc8qy+XNSspezeqmJuInOEJrqNG1oxqjgkgDBFdp8T+wf8AOLSVooyjjxRtjqa8f0LVZbK7ks7lPx0bay/9azXxft9lpdRTVYvPb2DRLxbx3dBsYf5robW7MJPGUriNGme3RJlA2nzrpobpAxddwdfyt0Ne1nbtiy19naxXQZYnUYt28xzitSCZQUwY5Fb6Ca5LTdSjVlCOoQ9UfqtdU1os7K8Sqy+iGrqvn88THa1c6bI88k6sTG6YKDPh+3pTdnrh9KaaCfxxM+Y5W5OKv6dCx3ZuCFXgEmn1Wz7pjLGplixl19Ks2cm146aWowzTSxbJEijZePerAZbVoe/8EY/MPzfeqen3ERtYtwZwzYXIzxV28lGViCmQM2Mnyo59qmubkSKSp2ALkEUFi0S2JJfaSMF/OqWRbyd80m1CcbevFW5TbygBCVUnaF/615yOKpFCrK0m0GWN8j7VULSJNc3UmX3JhFI6VrWFpLG88bIXCjIFXGtlBVmTC4wM1Dic2boyGXs3dBye/K7mXHl6Vy6y/LXFs23wZwcV3cRkEV2tvEHJCk5HlXLNo0zahLExCMR3g9M+leWrt0txXjeyza2ypa3FsXwfrBBq/A7d2EyAjAHenVcVjizlsXaZ2Lhhjj0rZdF03s1qF2HAfuW7sEY3t6rW7FEqrzE+JeCdoO3M19cR2z3RlWznke33HlAeCAfLpXYfDrX5brUmaR8GQAsfUV4Rc75r64OCZJHydvka9V+GivHKgJywXaTXz2bLe2Z95bQ48Ok3rDqdL7Nb/ilqcu3IjiWUe5IzX1poGnfyrs/YwYwyqGf/AJj1NeF9i7D+Ydt0lVM968aMfZRX0JcHqF4AAxX6B/xzTceWR+Rf8n1s3jHhQswpgMmmxmi6DNfeQ/Pw0qYnFPXoVPnFNSAJXNAY8S8daQ4oRlRxmlk0BHlc0zAgU2/w9KcvlaAgQRk9aZgd2R1oQQBijzQIsXOTxTHml1pUBYxSwKbdxRAg0AUjz1pyuOfKmoHyacDPtQ05OaAgxNFQL0pbjigMKB0pUwOaegYnFI89KXUU6ofI0A5NKlSoOFLErTL1x5Ul5GKbJBx51AIgBsUxBDcU4bJyRTck0CZ93UU4IAxSJyMj+1CxUetAQi29GpiFdumGpw272pMo3F8HHpQJ0LEkDkdKaTnxfm9aLOEb9VC3iAA8/OgZ1MaZH9qJGwFHnRZG3cefagcbcMP7UDYJVucUlRJI2Dnaw86HaWfHQU+wqCNw5oHEW3wgj75p2XLYY7W9KLA2qMc0I2ydQaBQyFIyvVR50zKVHh5FOmUmB8j1ojmWUKBjPSgTq0gLFQuzrjzpKm8YJ4pkynRvvTUCWMqy+dSStjG4bWHSou9kQg44qZmE3iH9qBk8bI44KnJ96uwXUcz9xIfF5EVUhxgE+Eg4OKjuSLeaGb6lLYOOMUE3bDs4e0vY3W9HfDNcWrLGT+vGVP8Aevzz7a6RJf2MkUkeGiyrKRzkda/SmymEkS7DuPv9sV8SfFrsxLpXb3XLOOL8Ezs8Zx1Vq+d+Ww/ZTk+5/wCLaqMOa1LPAv4dOz0+n/EK9O13t7VO97s/STu8q+nSgkmQywd3JMrNsHVR6VxPYfs2OzVld6gyhLm4fGPPb1rsb28eK6M7OqzXB2pGx6D1rh4ImK7S+u+Syxmyb1ZcksdmzRqe7kUYRiOWqhcia5vcl0WKM5bHnWhfW1xNcK8scTOG5VTnAqgWjsbpordO/lI3M7Hwj2qN7MOMU7QRvIWGDGmMDzNU50DWMT/6bE7iwPnVuUEDcVDPJ0PrQXUccckcch8QXO3PFZLNtVBXzLHmTeByfD0qS6uljQnJLMMHd5UENwlq8i9FkGAx55qKSKSORO9VTjpUU6nXCNvAyPeoriJmGGcge1Wb1HWLaBiq0lwzSBcCs95dzAiWBgASdoHUVLDZ94MszBPSinVoidjDcRnDVm2U95EWDxkjdgVmveHXo2Yrd4unHrVmGfugQ5XnpUQDOAWJTPUVBezRWUEkkjIkcC95JMx8KL6nPlVdd7ztEJclfUb+K1hnurkiKGIbmZzhUX3NfN/aztjf/GXtJ/KNHMkPZ22b8aVODOf/AMeVQ/EP4iXfxe1l9C0Oc22hQH8SfoblvT7e1ej/AAs+HZ0ixitkXupV8f4Yz/c+dd7Hirgryt2w59Tt+LqewnZmPshpUFszRxofyN5Vb7StPC0bm5W0QDcAi7yfatnX4B3cPfd21xjBX8uf2rIghj0+aNo3Oo+LfLJnhf6cVm2cXJnmynd3kuo3CwmMwlArRyOOWX1z0o7DW5ru8SCe1jtkIwnen6/etC9lnvLy4VrJ2tJAvdADaF9q57tLaHT1E9xMGMmIrdRknA61KK7s/wBmyTthpvyypuf8SXkTjlF/px61lXPZKHVtGhvpblLucLnOcAfYdDUiRNrGspAZJYgsewwN4g3vj19+taEvZ6PsszXM0swjBwyTDKAf0gVqpHFnyW5Vec3cJieeSezmaBWxHJbAbQfRquatYW/aGGAQpPbts3PBjhD6Z6V2M97BfzHRrPuLKydN008pxk+x6VPp+iz6f+FI0MOnxfQHw5c/cVsrkYJryeb2ehNoZkItRJHO2FbGMf3rsdP7OxW9gqoe5lfxIjNls/v0robueO5tSt93EzIcoiDGBVrSotLhdLu8gcJ9JXOT9815bLyWY8YdBi00zbYJQskEe+dphjf7LXUdntTtWd7gLJbljmESDG4Vz992NmspmuNMk+aiQbzC48Tr6LXS6BpQ1rTpFmk7h4hju3XDD7VktHJti3EtR1aOCUkbZQxzIyjbtFauiWLT27vbsstjI4DtnmM1gvaRNdNYzzwSMh4YHlk9eetXrW1kRe7tpZYIBJudU5DVmmvFL7odvoclvaXAt+IhHJgTD6WrvdM0ewNxJNvNwXj3oMdDXBaSUup3WR40hbkZHGa6PStXl06+ksbV1mkcqGjAyUPsaz0ruyZ7TaN4lsHQlvL0yiUyb12hBw2KtSWlrcxKke7YnDbGwyn0xUos1hVm+dTcOImGQQ3pWXbXwe+undPkZyNrgrkH+pfU1urX1c/nM/snt3t42thFJcxMc96uBt/vRz2VuLeOTmGNzjxnGKuLcvt2iHvjuxsWlevvxHNCndluCOcGuflr52bMeRh3BgigZkk71VOAc1HPZRXVi/BjusZKjFaK2MVhHJJNEqQ787mxxVB45YL0lYTPbyjAmjIOKxTTi6NcjOjV7mwkW5AJhbZg+fvXz18Z+xs2kXg1zTlJ2cyKD9S+tfTBgmZ442CCTneD0auN1js3PqljcadLabomLAS5B2iruPOu0ulo9X/j5eW/h4p2T18X1pEwk3IwBUr9PHUV3llqKiVVcZ968Ou9Mu/hj2ubTrpiul3LM1tM3Cq3mv716poOprKqNjdgZJ65rHfHw7fZZKxev2U6ejWF5BNCYnRSB/5ijmt/ThcqFMDb1HQfqrjLO9RigA2hmxx+auy0zFsgZdxK9Uz0rxwdTER26kXK92rtGYRIvUDODTWN5dwu8ckkd3Cw2oR4WxUWm3Uc5yz+FvXyrWubG2aM7PGPPaOTV0W5PmrzESeyljhHy7L3TleCeaJo2gjJkk7xScg9KhgMduEARpCOMty1G9pLeQmVvw9vRc9RRmsjtoIb6Jt8+SW8KnitHYEYnwgIv1Y4qjbZS2EksO1VbwkDk1atmnNysjsqwNw8eCQa82RmT3FzLazRymZTGy9V44980rRbqKdo55DNGgyoUA5/erBjtbkTxRo04kGCrflHtUySi0iSJYzGkQx4ucj716qnYcc26cELsEihWwaqTSO8hXYoYHJbHlUd1qUcDk7HZCclhU9xbSXFspjmMZf6m9q9p7WeR6s+5jaUiMx7FAyGz19q3rWOI6Ddbpobt4o2dEkjyEPpXEahptxOk0wvWaOE71jzjNdNpcve6JqMbXCI01kyIOh3beuelbccxV5fztMPkS3t5ptWncKv+phiPKvX+wGjtaW7XDnKg55865rRuy3/ABW112jflj616RbskUFvZopHj25Hp618xSk3y7y+81Wqj/HrWr0/4MWbXOuy3BXwRQlt39RbivXJD4vvXGfCTTRaaBPcf/UmKqfVR0/zXZPX7D8Pi+nTVfg3zWb7tVbb9I8804JNLHNLGK7rgljNKlTkYNRCIwaSlsUjyMikj461IEvNCOOtLJzkdKY80BA5pbRTZxRLzQBijXmmwKccUCpUqVAscY86Q4pfnpfmxQGGBTB6UFLoKVAqVKlQEOelMQQMGmB2tgVJJ4hxQNggg54NEDnpUYUgYPSnTcG60BDxe1KMtnrQkkNzRocc+dADOAelKiIJNKg4QkRtzyKfYrPletAoEgI86TKYmXFQC3FWximyaN5CTyKArjbk9aAsBRkdaX5+fppgc8HpTMW8xxQPKFzkDimyTnnOaQ548qDcY+gxQSRkuG8jTJxhG4x500bbgTjBpSMqtkcigc+FcikeXwf70RGRio2fDBcbfdqAjyc+dCzcguMCiyrNgHFN3gYEEZA6UBnnDDy8qBlKtt6+60+djZ6ikz7Vzjj2oHAYlR9XvTZEU6SZ4HQU7qpUctxSlAmwAeR14oJLiERJvAIDHOPQVCWUruH9qmjuNuI5cbiMEZoJQYzhRz9qAQwaRVbO1qnVUjuAvUHoKRMU0QypVo+vHSo5AoljdTnDYxQHYzOtxJHIoYZzRZEiyKxwA3TFG8QgLyId/wCr2oEbaodRlG5JPlQXrBTCAqnPGQK8X+Ougqnamy1A42SxEMcfmDYFez2ikypIOcDbx6V5p/EK/dabpr48LFwT75zWPVxE4bbur8Zea6mHg+v3ax6eTkIE5qvNqJ/mOm3E6LcH5YFWQjk+tct2t1J7wJbQKWBGOD512Gi6MDoFjNcKpmhgxtX8h/6/vXxVLb32h+o5cXDFWRPtsXOAQ8q+LLZxVRrLvbXvJV7pd3BQedXvlQjTzuDIzpgbh51hWV5dapLcxyYgS3m2hM/V71DJDJjWrNPlTmWXvM/RGfqNVb4G8laVk56RrnBNaVsEnvUThyVJGB/1rE1S9gtLzvH3BQxAIBqn/VsqUkDyvGHi27TnI860JD35Ru72Y676qWWppcSIsJztGcyVLMEuIypkLP6KarnwlX8kdwe8dmY7Uqs7Ro6gYPvVn+WtISwDNlcjJqjDaOjmN1wwbAOa5uXJs72BZgt2kh8QDNjGTV+KAAZZSx6+EUMUHdoQFYkdai1bVYdDtlluJSi4x4VLc/tWTnu21skOZXBK7QK+cvj32+u+0ur/APgnQ5CIo2P8wmhH1E9IyfQV7v2v7UW/Z7sld6vyoSI9ysnBdz04rw/4fdgbmOC5vdQl/Hv5GuJGx+Id3vXW0UVieUs+bJxqu/DT4fwS20cdra9x8vgPK45ZjXsuiw6joV2sqJA1qw7vJHiHvVSC2stJaD5ZpDvTYVPTH6vvXSaZKDEYXcMZBuRuuPatGTJa1nFvkY/Z7vH129e5tS8DNgu3ILegB6ftXDzQzaPf3epK7QXUtwYVjDbo0X3HT967PV9Xu9PguIohHKqthSDjLVyumdq47oJYXGkubuNwCi9HY9SalSu7BOV1hKajpcdiJXMzqJXlzkg/tXEzRahPrEMtxDL3cDtHbzMmYm/UWHWtR75tLuQ85+UlDFo4YgWBX0zViwvbzVG36hP8oAHePB6E9fv+9X1rsjy3XIJLG4ZNV7t7e9iIXu0XG5/QVJbajNd/PprMtskTZkfeMCIHoorP0siazK/NtMbmXcHxj9lx0rpdV7Orqlo0N1GO6QiQtkHJHTPrVm6zZzfaLsPp0iwtYq15azbdrA/h5/VnyWoLbs9/JJmhu7hm0/rEU5Td6V2txHBZ6KsVswa32BQFHApfJxT6NAyIZVHh2+v7VHkjxcl/L9M+Ve4eB1TGwFznn1rV0TRptRHzLWymwXwkN1Nad3odtPo+4q8aqfoI8qtaYlw7KLbebT6nZhgA/aoTZZts6B9B7qKA267o1XAbdylVpNDWVZJluG7xPqA4rpLCOBtPh71w7YwdtQahA1oAq7HZjnaOpHvXtbeym0+zx3Vezjtq1rqas9wxOBEvkf8ArXTdn555rRo4ZDBJu2ldvWq/8jknd2uO+t+4b8Du36n+qtOG7YX0cc0JtpC24Ov0k15kmOJSu9nVS27RR2kTWx2scnZ5V1tpDFb28c8Sx9/EAxlPBzXLz6lP8g8qSKXC+Ebehq52e1MXsUNqUbExxJIfSqKzHIy0ni6GddQurJ50eITk7jjnj7DiisLGc2azCUPHIvfCZj9LemOv7VDrGpHs2EMcDhJR3e5VP96eOVnsI7gxtGrsH3Zxg1rj1ctf0Ce++cKzRd0qqDnH1Gr2pzSW0pPcCaIPmQqeV/aj0WSW5u5EkKNakDMgOGDYzjmopGZmu4HtmSF3z8ysnIFZb0iydfWyG5so7tmSb/SmGTGx4zWTa3umsZ9OtmkiW25c88e1a9nb3M0wtLiMRyncI7nduRv2qjY6RH2fm1B5iJ97bu9I5ZvSs9sbTjvH+0q4knhhjW0tWeINgSzHLGjgdJVBCCJkJJVWzt/71p6dKrWc1xFiWWXlU+kViW0scOpF2t5IWkyCrDIceoqE+q6Lb9PN/j/8OLbtNo0sQAEzKHiYDow8/avnf4a9qLqKWXTL3w3tk3dTRk8keor7cvLW11S0a1P4jyK3dg/96+NPj52KvexXaeDtdYRMkaP3V/GB5euKrtjjLHGZfYfDa7ev+Pfp61od4HkGSCoOa9G066W4hU7W3p55614N2S19NRjhnhfdFIm8YPUV6r2d1SZo02DeR5A1y95rPGW/WYZd1p0sBkGW2uWwQxwK622geSMrHJHhDk84YCuQ0+RLhEYW6Sv558LA1twpIsY7090CMAHhquxvks9Wwbq2iAiG6WQHOfaoGugt3EZlaK3xhc+dS22myJE+I2ZiMK/nRwWzOHW7QsVOR51cw+I7lJM4tQYw4Kt4gWBo76RbaBSz4lzkr7VHdyuJ0cFXKDbgDPFCim6JmkZGYDGwgDNEFiykiRG8W0YznGCa0I5gIgmAyn89Z96tvNPAC5jYjAwOCKum5WIJHKykoMnAHiqCqzNE811EYYoUEsZw+7zX9VSrchtJmilkHfsvhA8qeVYdJnZpQ+y44SUdAKgSOB7aeNWDyYwGxzV2NBnXDwRxxblY3EkexYgPCT61an7MXy9nBcMy28kalhb5BDLj2qeC3I1CIQTRrdkYBkXKY/ei+SvNP0bfjvpu+LSckhY/WtO3q8m3tXZxz6TDpFlvnYd59b58h6VmdnLt9V1czoCUBMcaffpWL2x7SNrN41lbk92vVh516D8GOzBve0WnxbSYov8AiJD/AMv/AHrl6fHObUVx1h9FqLfRpLZ8j6F0LTBomhWVoBlo4gH/AOYnJ/zVtjzU124Mr7eAcVBnNfs2Gn1Y4pD8NzX+7JN5NSpU7cLmr1AQeMedFnNMBg586VAkJA5ptop8ZpUDxg4I8hSHDc0yy4zxRkoTkmgEjBpw2KZutLAzQGhB60iMUC+E58qInPSgVIctilS6HNAjw9LzzS6nNKgVOpBFMvNMwCggUD0qVMwINA54GfOpB9K1GeRgUat4MedA7c0hw1PjNMeDQCTuGSOacHFLcKYHNAe6lQ0qDhY15JzyaROXHtQqp8uKbJznzqAKRmX8uaBh3mPKpkIkRvIio8UAHcOhqYyB0x50OMnHn60AG08UD5xTlhIvPWmbhsUiAXI/saAl+j3plYZ20gwByaEALJu60EjLtPXNNb7LptrjlfWhPBoR+G7MPPrQFuSiHdndim2D0pKn6fOgZfNfXoadmCpt60+OAPSmCbjkUD53Ix6e1PCRExZvPrTb1wxNEyJLFndigjYq8uPIeeKmd2EikDINAqp3Xo2M0wBO3A/zQE79xIjqGIHkaecFplYcKwz+9O698qknB25xQx973CZXDJx96CVPCnXIogpMkyH8y5XbUKxSLOuBw1SrF38reIqUXy86CaxEkLKg293+rNcN/EPpkt52DN5CCwtH3ycchW867a1TblWPjByB7VbuLWDXtHutPuQDFPG8D7vQ9Kpz0504w1afJ9OamT+PgzQtNe4lEzjA7zCZ8/eu800xSQSQszLsj5xVXXdFk7MX9/pswxNaTNDg8bgOh/eszQr1p5tRQeM93xnrXwfCcWbjL9dnPGpwc4atw4n01po5G8JYg46is6201FtZXdTuk/1GVuhrcKPHpbW6xjCxEgEedQA2jxSWsAKc4LN5tU8kMFLKUUIhl3IdpVTtx5Vz00JuNQQEM6A5cnoK3reCSTUnjdhsUbUK/nb0rH1WHUbe+RYlX5MviR16hayNdbLUAh2SloMAjAZBVa1twLrwNlV+odP81Zub1bG3bYveSBc7QaZYzLbtG0iwvKvBHkaoyLafkmuJxFbqIjvPQsT9NVY03XC5yxY5z6U2j2DWNoYHlM0g+pm860oYgi5Q5cr0xXIyu1htsl4RyVOQeopksvmW2vGpQHPiGRR2sbxhmA3keZrcggElqrY8RrLWPZdbLFXhnxtvEkutI04w96gnWZovJlHUU2m9pv5/mGCwFoyMAWHJwOlbHbfT0v8AtrZzqO9aIFEhHXcep/5a0dH0ZOzd0bpVR5JBlowo5HtXawzFasWe3ru1tLQzRyd5AI47dfE7jkio9Xvbe10G4uooyZ3ZUi2cZZvP2xWhol095YTzXxWK4nOFgUcKnrXN3dhLaao9nO3e2jfiYJzx61oj2cW1nIdru0lpqjzBDLaXh2wPbgZw36sjjHvWhp8NpaCadZi2o9wsIX19/wD3rA7S2u3v7qCCSOONhvYjwn2q9Zala3E0MhXuZY41wev7Vtqy/wCzodF1ayju4Vu1E8+5jIOndj0qrrZg7Rd6turW3yrcRg/WK502MazO3zG8PJuZieTWq9yYJY57eIyIoxjHU1NopSZa3YxI7aeeGZyVR+8VCn0N+kV096Ib6B1ErBQMEAkcVx2n6rMskYaLxSt/qYPFdXGyQxOqupkIyRis1rN1cUordPlbT5eRiqKcqeuRRpJtvbaKOUgBtwAPFUYmeaN2feZc7doUkEVa0fTPmLqVsuDjDE/l+1VzkX1xN/U7ybU7WZRGI2zt2r6Ve0a4jS1W3lBUEYA67v7VU0+0FvI+192efHWnpn/CuzBEDBuDVc5E/wDHni2WtwttttlVSvk1ZdhK91fSwHOSvLt1H71pvqvfXbqIlHhyfSq0csOnrNOFDM0ZYr1/arOcMf1T/HDapZ6guuMLaYOIfGIxzu9vetrSj/M4WjMgMp+sSLhk+wqvb20szJflTFg5LCpbSxeS5E8VxhwcucfUKjlywvrh4+XQYexkRCu+IfV+on7VJbXSxyB7Ub4nblehFBBIzEAkyMDnOKH5VrfWFaJu5DJlUboWqFbKslf07XT9ethazm6Jdxw8MgJ/dTTRyN2qKWcf4NmCAxHDE1mRwva6laRuAzTLs2/URWxountYXpVzmMHIfIDZrZz38OTbGv6jaqybtrOgGMoSGH7DrUNpZyWmlXBdQrfUVlP1j09v2pp7mI6jADcrCFkwwJ6itGSGzk2zNcu0Rb6fq4qmsq5pIbiG3t7O1NsspmRd0boeB7ZqlqEhllb5aP5hZgokG4AofQA1qyz2lrayQqXWMrvjOP8AFcxqNol3ZsUkkhmL7omPGG/6/vS0oxXdp3UAMdrZgMI84BA8QrKspmsrme2mc8SAxOR+Y9QPQU1trDoBZic3F1lTuY7dp/NzQHWby8uriJ7OGIRkK8pYYB9RVU1iWirUsWVrmdBERIV6qOn/AGrn+3PZe17T9nruBoO9cR7WEgzvFaCxalaTsveR93N1mB6ithLSS3tIZu9EjH/UHUYqrZox5JxTyq+Gez2mS9g+0Vz2fkZu53GS2Z+pQ9B+1etaJfspQhzGT6Ve/iA+Hi39v/NtOYLe2bmVNo556r7iuQ7Iaqup28D42vjJB8vauRqKzW+79BwaiNXg5T29t0bUFvGQSbnYjKyIcYNdizyXFukkarcherZ5X715PodywB8RYAYDGvQezuo9/Io/05R1ToJPvUMd3z+qw7eYd1p2JkWeOUptGGiZs7T60N5NPLIrCQRFTjIHUVmQzJbX5lDGLK7HHQfdvT9q1pXX5JJZ3ATOQRWvk+etX2QysO5aTG6QDLMnSpLeO3u7cuzd3MBkYqrZW4F7uglAWXnBOQw9MGrK90uoZRgVxtYejelS76RmJFJbS91GWKPHMu1OfP70mtZo5IZZQjiMYPOMijt7pEtvlGbvJELPHx0b9NQ3Hd6qqh4pdx3bVDda94qA67bqmnywtd7Zdh2I/Qj19q5yx+Y762Bmde+baCfpP711yraTzusx3xxDJXGdo/Nz1p7HSFilS3Yd7asTJBIBnr0q+kPeUR2rzW0rTg3CGCSJNwjHOR68VndqdV1JOyt2LaQRxmQjJ67PSujmEfycd0JO5nRmTa2SrD71D/KItV0W6txyJFzHjnI9a02jevhXjtE33s8I7L6O91etM/8AmvqP4Ndnhpuiz6kybZLrww5692vn+9eOdkeyz3mvwafFkNI4jfA+nHU19NwxxWVrFaQACCFQgx6DyrqfAaGZyzmtCj/k3yUTirhpJMxZ8dAaVM/Jz50QwVr9BfmIc8UjIAMEZp8UgMUA7jv9BRkg9KGQBloYjjrQHSpUxOKBIMdaLNNjNORg0Cfhc0O7miYhhSyN1Ajz4T/eij86FvCPWnQlTg9TQPSpUqBUqVL82KAQSnXmjODQupV8Hp60SqD5cetAsjp50iSTmgbh8+dOGBWgccdKLABoafJoJFyT0oWBpBgD/wC9SKQ9BGqgmmPA4pwCGpMBQOq5HWlTDilQcLgtQhcHmpI2C9aFgfqzxUAKsFOf8URIPShIUjcTzRFQoyP7UAk4GOopiQelIYAyTSCgdKBypAyeTSCF8YOMU43BeBmmBIOOhoByN3IzRgbR60m5GfOhYlPegJSrjOcUKgYx5Ut4x0pwQegxQInDAU4O3pS25Oc0JOQAOo60BlSRgdaSFkUkjkeVCspD58qUgLSk+tA7eNAy8g9RRum2IAAYPnQZDRgdDSVNsi5NApPEoI6AYNJV/DLBgMdBmnJAdkA8PpRSxZiZ4/Fxjb70B92JtrAkHGKj8RUqSdw+k0EJcxhgxX2qys4MYDbd4/zQBHO5KKRnHQ1NscyF1IABx+1RMneKu7wtu8vShRJlDIniGc0FiRDEMeeMZq3EUAjbdkr1FVBK8iorJ9zRwkrn36V6PDv4m+zMllf2uuRLtgu1Ec7D8rr0z968N7K3gPbCNC20yxlQp4Ga+5tc0LT+2PZ+fSdSiaS3uFCtj6kI8xXx58QP4WviN2d7QQXnZqKDtDYROSrwyiOdB/Uh6/tXzOt0dpv9lIfc/E/J0jD9OWdpa88jWCNkrK5Hd4JrImZVZFU4zLyT1+9Xdct57CSGG6UQzqO8mi/NG/6TVfSY0nvp5QA+1MoG8hXIy1tXxLrYbRM7xIfnbaEXIG6LZ+fHNZlxDcapeI6YVYxiKNG4Lep9f3rQ1PTJklcloyr9F/VTR2kGnwlpMpcsduwdEHrWOauhXZz0VtH800kmXnJw2D4cVqQ29qkRkuTIspGIowPP1qkkK75sbWO/Oei4rYaSC3gF2bgTShdqqw8IrHaZaqqluxMkipGXZ/MeVE95O0cSJCqMOCzU1iZIg8juqg9dhqVpsFYtneOy5x6VzslXRx2XrZZWXYw2R+ZrY0q4M0G7A27tgP8A1rHC5hChz3h6it3TWWKBwUVQnQVnrHsZJ5OQ7S6CDq1tJCmZ2fLSg9B6VfWJIWaRmQMYsbmUYz7elat/AY4e98DDGST1rOkguSglSKN2P0o3Q1urMsmS28cWYLGeXTknadUBk2ZUDNYtroa6d2lWVp5Ztz4CO2Qp9ea7a5il/lcWyFY3/MPIVyetaikdrLJNHtmHVk6mtWOzDakuc7WT297Za1Z2EokMcjM+7oTXlHZ6G+nnZ7qcRybs7GXAoe0PamTspLqd1JdQm32tIw649uK8eT+JC9SYY0uJo85LFzuNdnBhvlryiFF9sdvL6i03SPnnYs6EL5dM11KRWlnCmArIDnDcYr5v0L+KXs5Bbp8zpOoWtwB4pFYSIT9uDV+b+KDs7ckqk1xEH697BnH9qvnTZJ/TViyYo7l9ERanZRyvuChDyDtqZdV0+WVkG7JOFI8xXz7Z/Few1II1prVtz5O2GH7Gugt9VutRAaTUktmYZVkTKk/cZrJbSXdfHak9We1JrFvBEqhtqd5tDMMYPpmoJe1VlDLIyThQn1Hb1rzOw7T6tMj2WoiOeArs79YwQPfpW41u+q2MUckscciHAljI2yfeqbaWY7dClKuwftULdyCgYlcgrVvTe1cFyAG/DYtyCK5mQM86q8aRRgbdw8vdqw9chltJ42WbDM3RTxVP0OjGKtq7PdtIW2vUZSwIkGN2eRVftDpl1ZiCOEBVnLDLg9K8h0btJqOl3CB84zk4ya75e3E+oW8KzuweI5XcvWqpparDfSbW3hr2aPaWDGdgFH5MdaDTr+2ZG2Ad5jp/T61iXutSXECnvFCqcDmoUv4LaF9rAtuxvHQe9ZslbLY00S7/AEmRVnVxs7txgZHQ1pyaIL5DL4ZJEOAQ2K8+m1e3jeNFvArMc7s1pWnaFrKEyNdg45CtzmmOZjtgy6O0+YehW+jd3FACxSSI5WUHkUOopOuqxkETIRmRU6g1yVj2zW6leKQsMLnKnNdZpPaG1ukwJYwZG6keMVdycvJpMlPaYKztbKVsXcbhlfHOcn3rY+V/4No4T3KflYVTuYbZ3eZLrxIMAdc/2qpPq8yx7clUzkKV8qcmGcdp7hX16C6Z4Fa7VxCc+HjI/atOdI7vQYPxQHXxgk859KykupYbn5jZ3seccjyqxqt7FHaFyAGB3Lt6A/akW37UzTfxDPsUglkja42mRJPX6qx9dnhbtXFbykxx7hlVOAy0+kakk4nLlVBVnBbjlf8AvVO5capdWM+BujUd4D1Fe7wnGKaz5dedQieyktXkiMUIKoVPjLelX9B12ZLBbQW5l2kKZCOgPn+1cGiC1kdnIMz9GXyrf7OalM0kUUZxOQVOR4XB96rtbfp5NNqrHaHs989Zzrd4DldscyHwt96+bZdKl7Oa/cW7AopPeIQOftivre4lhutNm2KgO3JhYcg1492u7Lfzqze5jXN3bs2DkZIrHqK867w7PxeqnHfaWPo9wko3q2COo9a7nTFPeROozt/Sa4DRYwUUovKgHj26iu4sA04CQq0VxtyUY4GPWubEbOtqJi3TvbZjcWjRsVLONoJ/MPepbKyaNEt3YyruwGBzgVkafe7bDe6jv4uJVH5fcVuaPcyPM/4RYMPDIv0ketaqvmr14+VuOBYJUYDZGDuG71qxGq2zsFhGZhlZG829agsoYdUuGVpJBJCcMr8bqtwx7ALVsyI74Rj1QVfEb9Md7Fc2y21kkykG5HOQOKhtFeaNLgsoQFtyKPEq+tHb3DoGXKSLG2woep98VNC8Umm3BSQxyNIcNtOFH9Vaawo3UZLFltrm6t5lHeMY/GCNpPUVfsnvr3T7JVk+T3RlMtjnacA+37VWvtO7/SAXvFiuSvhx9Lc4qW20mezt4bRpDcP3JzOc7YsHPPt71OPCEyVnOfnEgaTNqEKsyjr71d0KWKC8ngt5GWNCJI45MFvcVnxvNDaIlvJCyh9xlRgRn058q5XUtOvoO0lnLBcmPBDkqx4B6ipTkmviE644yPaOwXZSKy1O81lsbpwUjT9Oa69j42NZvZaTdokbE48ea0WYbj71+ifHUimCs1fn/wAjktkz2i36DnNIgheOaVGPCMCuq5QFYlc0VB0yPSjBBHPFA35abadtLPGP806EleaB6WM03NNk1ELdnpUiKW61CBtOR0qdXwmfOpAAMdKWOaVKgVGBlt1BTo+Bg9KAqVNupzx1oGJwaduBu/xT4BGaJk4zQMxE9sSvBFNEwe32dHpofCSPI02FWbINAQTnmhVRRBi2c0w4XNAqcDNNSzigNVBFNzG3HFOp5x5UzEs3PNA6sSc+VE5B6U+1QMeVRspj5PIoDwKVCGJpUHCyrtCsOh8qYxkqq5omfeo8qIIAgyc1AARtbrmllom6ZoACD50ZGW5oGbDD0oDGB55p2iVhjdg0zjYvFA6llHBNJwznOOadGHnzSHBoECSvPFOEycg8UJIdcdDSGUWgcAA5PSnZwelL8nNBtCnigPFJV8ROetMTs680SRljtzx60CBAK5+nzpbvzCo5CVbZ196dOFUHoaByAWx/mieMOykHFNHl+Mc0x5Iw3hHlQSH/AFuTgetSCPuxvByrHOKrqrHdt8S+9SRO8K7WGAvQUDJGWwxU4BwVo3SOR1YqcL50/dMuHD9Tk0+XYFG2hDQSLCzeIyLx5UMbOrb/ACPlQIjxTBY+WJztPpUj3gBYMhUD2oDSQyB1K4x505/LilEFDNu5VhmnUCPG45xQSpNsBAGCRgkcVoWk4aMq3I/xWZ9SLzkH2qxCrY7sZB9af+PYnad4fP8A/EBp8OldvLWTuCI9QtjKW8mcHBB/3rhrKMqzzlAFAaNYk6sK+g/jx2YGt9ijfCJWu9PlWUOR+RvCw4/vXgcRNvbu5kCKFO3AyQPvXzGux8Lcn2fxmbnj4/tBfzxuwk7otIV4VuMGqV/fpPEwm2sqJglRyfbNWmL3Eby7Q+BnIPWq7BbiA20EW6VvxScdPauDd9Pjhm4tIQztBKEPVQafTrIT2kk8gEcaHKhgcGjazf5RnaXhTjAAprnV49M02e3ZmeM/VyD/AGrLaGvkiimjuLBkij/EDEMR5VVlv5oi8jRd2qjGfM1U7Ppd6JHiRhumfMYf0rUuI5Lq4DTOpgByQorFerTjsu2l4Joo5BjmtWxj+cimdmbavRelZdoURTiPbFH9RPlWjpCfiuzvjcc7QeGFUbQutZfSBI3MkxLIRjuz0xUlwof8JlWMN/p4+qrffIkHdtGxfOQ2PKqV1iCYr4twGVZhyavpZjsy7t3lAtpCESMY7zPU1yPaTQbm9ilitnZZ9vhdvpzXQakl7PIwG1LfO/c2OnpWdeT3UVgyI4llUZBx4anW3sspET2+dviL8O4r+37i17zcJv8AikbPiP5itcVB8F7e5CYtljQeagE19Eto02qMshmV5BncR79aNezktmpldEKjoE6/2rq4tXNK8Upw1v2+ddS+AS3sITeiMDnLDn+9ef698FZ9DvO4ZJZWJyDHypH3r69m0+LcpRHD/pY1DLoMQ2M4RiRg7hmtePXWjuUZ0dLfp8T3XYeXTVkluLaZYB1ZR0rb7IaB2quJmTs5qE8ZWPvBE0mF2/Y8f4r611vsTa61pgt5LZAD1ZABWfp3wwtdJmW5tQd3QFcCt0ays9rqaCv+s7Pn+x7Y/Efsfefi2fzu4bSjR7xj/wBOK39G/iDv9OWWDVuzBMDDJ7mRkKfsQa+guyXZS0uWlTVbQTSEMQxFXz8POyU8bpBo0K3Upw0uOSKjbPjs348Nq9ZP/wDHhD/xI6bOSe4u4mZMbZFBz98V0GjfHXshc6Ytve3kyTh8q7wt4R98V7NpPwr7M2T4Ts1Z3jKvBuYBUc/wg7DSxkP2c0mSU/kNuF/yKp5Y56dPHOSv8edaL8Qeztwx2do7LazYUSygNXp+j6pZX1vIJb+0kDDAaOdMn/NYc/8ADt2Cv7Y79AgtWbzjlYH/AAayp/4TOx0d93Gy6tnaPvdsV2wx7cmq5rS37X87dbOqvdVtVikhwrqozhGUsT+xqXsne22qJ8/Y7Ly0k3K6fUuP2ry6f+GrTbfV7q2hvtVWBAAk0N1ljVzTP4cToLotj2n1iwgfrGsoUf2FUWxUlfSI29nqGqQWmv3Bht4lsngGD4i2TUk2hy2dtFG0omAXLYYkiua0b4L6tpAlaPtPfRup39475Dj05q3/AOANUmlUrruozzZxhXwMVV9NVvGv/wBmssT6RYTXMb4fGAsmc1Wte017HFF3skcCnnfnmqVt8GdS1K7kS81G/O3xd2JfqFdBpH8PEOol/mzdwW8fKBrssxX1qmcKNp08V95WtE7YSWIR++DZOTz5V1elfEmCW4CTsj4GMkVz0HwE0RIw013erEBhdtyeap6n8NezOnW1ylvcXvzyL4F+ZJBNQnT2j9uPljSZfxh61pvaOzvo/BsZPRV8/wC1YWvTic7NpWDGMqDnNfPms9ge02pX8c2k9o9W0ePGDEknfeL1on+Cvb5496fETVopGOUEyAqapjHH9U2+OpWOXJ641wbWIwYVi5yGIIxWfbav3GqTJKQFYYjbPFfPvb2L4t/CO0+ek1G37S2C8OzRYdffFN8Nv4iI+2TLbanBFbXBbZIi9Q3qtSvpsvDnVy71rFuMvpu1vLWcs0rtH4dyj9XtXW6WvdWUcofEm1XjwOo9K8q01vm3ibcAuM+I9a6+O+niMUfeFGTHiJ8OKweWXLTfp6Na3EUENxPKAskv1Bvy1yXdrMt53QVsSMi+49a0bW8F5ETcMrZVfCD51P8AymNrQzR7kXaegqM+zPi9J3edXmjPpurQOAI0mJk2Dpz1FdVZWy3cSoJDDJEN25hzt9fcVa13RI7q1UxFllhXeu719Ky7Jppbayk3Ms2Dgnow/Sfb2rDNPZ1ozfZV1FhC8Vz40WQMm0lOcita1vDFbRtGpjjifbsP+9ZWlXDSw906BJdrfQa1tLuPm/mIWTcVXxZ860UiHPyWaDalFaXMMuzEs0igqf8AetGGYyXkisFDbty4/LXOadaRgxzXrMMSBEyfKtawsZFu5pJMpv8ApZj5VoqxXWYrOSG6mYqgf6iW9KdHnljBKJCkyFEUeJXPvVO1Tv2u5Zpi31RDB67f+9B2X3xMrxzho1Yv3bDkewFXbqLRK/PbLPp8ExiQpG/dsATxzmodSa7khDLKWKnEkER5aP8A61ralDb2qSna6QuwncjpVF5bVLC3uIpgwVyGK/WV9Kt4qI8qVtYwLqiXHdD5J1290nAFXptMito2JAYNjaa5LWNbitXgZLolZJSqoeCB6kV0+g6ue0JiswPEDhePq96rivOeEL8lb46c4esdmIPlez9sGHL+Ig+VXSQDzRd38rbxxD8qYxURO481+o6an14q1fmupv8AZltZIBnzpg+JNpH70GMcedGJFYc8GtTKJhwfU0xIcYPWnJBOfOhcZOR1oDwMY8qZODg9KBZecEfvRq4kXd09qBmYhsUxOKMqCc0OATigWBsx5069MeVPjmmHHWgemzzT0+BuoGwfem2iiyaYAsvFA6jLYoj4196EcHNEPCOKBZqVmG1aipOcjigWxtm/zoS+fKipDxLx1oGJweKfyxSIz0pUCpUqVA4ODmjG1m6YoAM05BLUBMvpTyMRHzzTdDSPAx5UAAHFKipUHBoBMMHg0UbFUwetMAWORReFhnOKAVyfKiK486ELjzpYJFQAk94c9DRAArzQ+VJd23rQNGAtGuDQ044agYJk5PWkD3iMD1FEGKNgjNCeDQLnby1I89KAqSMUYBHH+aBiwK81JE3dnnkVGIsnr4aWCgx1FA5GHz1NPsdiCBwOtMWw3AowxjBGcg0DL4DuHFOTsw3n9qFTmMinP4kYyRQGX2sFC4B6imYspVs5HmKEKxAYsKff4D6j/NBIFIIRDlQM4NSWygw4bOc559KrrIA6MwwpGDUoQu2PpGMZBoHVHS58Y24XrRgrMrMTj2oe/DPtdGDdMURVgSSAUPnQF9LxgdOlSNCGfHQVFFIrnxDxflqV2y+cUBK5gRQNuKlj2SSHEhVl889aZGUja4APkahMOyQN6UGjLZxapY3NlcAPFLEY3GcggjBr5N7TaLJ2Xv73SJpGZ7aQxlj+ZT0Ir6rtZO6ndixH2ry348dlhdx23aK3Xd3I7m6VR1TyY/audrMP2U3df4/P9GXaXh8ThEU7ipKt0+mqyStYWc87Ehpmwijqw/6VJqDpBNboW8CphgBxmlFcJepdTy7hBGM7gBw36RXyGSj9BxXi1d4DcLvs4xkEy+LEf1H2rNurWGOS3kaPKo2wRMOp9TTslzqb7yj6fFuD5XqB6UcEUzXBEgPdGTYrP1PvWKzZWGfrE8Q162ty+5sKoYdFrTm4Zu7mAGMfes6Qw2txJuxKxl2ggZJHrWtPatcyRxwRr03gD/aqLRyXVlZn0+SWNAWKqFyxHG6r2jlO7Mbsocnb+1Ytve3JupV1BgkajCBKtaLciTUJBj6Tnf61jtVfv6ujWVrdC7sdiDbg+dVLi9Lzo8hDAeHaPSrPdJexzQyzgbTkbaj1ewit4VYSr1zzxVe0wzM+/txczrsZu4DeND1qre2QhZ23YXb/APjiiS8bULwxxyqkMI7xpFHUelUru6M8zsWMkRGAycVfVZETDLSxhiy8abUP1keVRTq4R0TxKRuDef2rStrTJZpHwvop61ILdLbbsOTnO0817vLTVzkkMcDB5IwQPMiq6WLXJDso7oNwuPFitu/TvZDuQAnpiqrXEndqg2iPOCceKra2W1lFq0tnpsYbu2bIwAgzzSFyphiZIRsHXAqu0RnYK8mChzj1rXszHEI0ZQC36vKrvsaK24lPeW8VuksS+JgRgedQ2qwRATucMpzxU15bqrNgBc9SfpotOs/mQzEDa3rVVslodDHljj7Ssx3RumyJnQkY4oYNJLvzOC2c5J8qax0wWskjuxfnIqUTN3rfLRFiBgk+VRref6t5UXdFst1wIpbwEAYAOetRXNpcT9ob6RpiVjCxqCai01Ht7j5iQMGznY1bT3kMuoyybCpl8Oat+2YeWyRFt4lix2c0FzPLHJ+JK4OG8hXSPLbxQ7GtEeXw+Ks6aBQz939YPIZuoq7cMsIjJIkG3JOa9+6ULZOS3dPG8cFw0J2O23DdP7Vb1CWzurRI7cfKvnLOBginnlhbRbVWcPtlyV9KufIpNawtGok2t4sjyqX3yxzeI7lntcs00FyA/equ3gYVhUs+tXXdCG03Ln6mwc1rBWhaOFY1Zf8AFTXtm0eJ1Ue4Sn+TKicsT25yTT729SMtO6Kfyg/V/wBqk07QEtLnNwokjf6mbkrXRWAimQhw2T0q6mmRk7irEelVTl5KZ1PD9M6/0q2sFWW3VduMYYVDLZxy2sRUgyFsAY4FbV/F3SrGImkTbnBFUlgh+U5YoDyGbyqq+SP0zznm0bbuJ7b9m4df02WGeNeU2uCM7hXwH8V/hJqfwu7VfzKxLGz394uM8D0r9LZ7IXMcgADOV8JNebfEn4d2/a3RGt7pFjuQMLkcE1r02pmJ2npTa3PxPbyP4Zdq49Z0WzfvGJMY2nqftXpolk7xbvvBJ3a/Qeh/avFtFsZOxeqJYTWzQYlCqwzsPvXrNlcN3y5dWDADFYsn5eGiI37dxosvzbQy4KAryvoa7G0urprS2csmyRsN06VzFtPHBZqijafzYFb2nXdtdRNHtK7FyBnqPWs0242Zb12StdgXRikBW3U5LNWfHax/NEs4gCSHukPQn9X/AC1oyQz3umcle8jOTkDkVMVSaTeYwYFi3DI5B9P/AGoridmcYJbe7imRWWbvMOqHI2+lb8d6tqnejgJxkCspon+ViVS6up8MmRkn9NatsqwgI8ZZpF3keX2r2sIWlHbTPrF2bdFbBO/Ya17+P5JIUmkfu1GOSayreaG0vopoZGiEn4W6TjHvW+9zcXFsRPHHLt8sDxVbWFF1WAwzBImBiD5AIPAI860NOhTRJoIyyyiZuXXnB9axbSVLfTruGeMlo/8ATbH5fStrRu6udKhedlRFLKzk4Lj1FSrEqrT67qsn8x/mN7P8xHdQqoD2mOq+q0Pz2lrFbBFmiWSQpIGX6Peti8eCCVJ7dDI7oLjdGee7HUCqSTJqLQxiHEly+NwHFdbFj5OfNtvaXmvxNury+7S2NhbWPfrEo8dtCSz565xXr/wc7B6hpcZ1fWYTasybLe1YjcB+pq9G07TbbT7eIpbxrKiY3hRuz9+tWWfcTk9fXmvpNJ8RSt/umf8A+HE1fzdsmL/HxRt/6KZ9/i86hI2lc+dJjhv6aTkHGa+mjw+TPKpV9wqQqHGeM1DvbGM8U6ttXpQHTHgU+RS4JxQMu1hjGKFU7ubbnK07ABsUgoYcUEuOKH81OCR1qMsQc+VBJTP1X3pE5UEU5Gce1AiQGxT55oAATzRUCp1fbximomO5cigfC+lJeaFfF7U8bA9eKB6VMpy2Kf8ANigIYC80KLgdaR5HNOU2BSeRQMnHWnZSKY8rkVJ9S0EdEgy2DQ04ODkUBMuz3osc0CyU5bFAIYg81IWV9uBio2GaWOAPOglwvpSpsUqDg0LBmwM4pMQfLFAqsjHDYzUhDEZI/aogGBV/VaW47cY/enJ2nB6UW/w4rwR7vY0+cHHlTc+9OoLN1xQCQQcedPyDk0c3Eq4oSd9AxTnrSbrSCevNOCCOetABORxRKSVz5elIxsnvTYOfOgdQcYzgUgxTquaTvj6hmmBLLwKBy+48Ckz+1KFx4t424qSQAsu2gjKMqYHWjXxwkbQGHWk0pJ44qMnLgkFM/V70EsSExMhwCPOo2BBHHI8qOeMo23O1TRLIPlSCN5U5J9RQMAqooceE9Pan7toQQjZTy3UioVSg5R+jelKPe9sUYjI6ZoJRK5BDLwehoi2HUBWK7efvQAd/CoJwo86ktZXZXU8486AIWV7hVIx71OkhMsgdcDGF+9EBuckgEjpQrjGMc5zQSNGCgaM5I9aONBdRejVHEQCQTwelOrJBJnk+LGaCRCIASfFnoKkuNNt9Z025sZwDFcRlZCPLPWo2jBYFfGBRwzd0c9DSY3jaXsTMTu+Ve1HZO57Pa1d6XcITdQkMCRwyflYfeuS1bVpIHsoLO3Kq0+JA30kV9PfG7stNqejQ9orCH5i/0yNu8iXrNCVyR/6a+Z53lu9S025Ur8vPLvMYAwB6g181q9PwneH23xur+2u0ym1HVHhVZlbLSuCyKmQBTC6MtwtxNHmN+ig42mtDUESB5I2Me11yGU/4rL06CKeCber3C5zkjFfO3r7PqMVt6ksVu95IzIFjl8KNx4fenviFKQwSk931dOpqreXsN05MaARw+HbVW6vxp3eTSROGIAVB5mqeLSPeZ5D3gYLGc4281qWFvLFOjQrwV5Lelcvc9rJjp9zaWtu5uJm2ozKd4966vTJ5YYO6lVtqx9fOst6vd27FCsaSScHcMZFQ3Ltd27gKroEwhP5jVbTsXU0WZCEcbgvp7VS1hl017dLeRgS+0oeSB61SjyR6fod21pNsmEfeNjZjoPvWa8k9pcfIhklG7G8itc6rPMkkdtnvFALljwKyZjKHBVTknO7zoup5suabNJc7reSIK8fQioL2aTv2hOGUdAv1VBFM0wZWk+Xf34NDc24tmMrytkjBIHOaNBtomcspbjpkVFKTBBIrKFYt4SRV9JTNHIFXnbkYqksDOVErblXyI86JqA01lQThsyAZqaItcRlnOCOnvTiXvbgxsQsgGNo8xVdZZbZoQ2BGOp9KnvCbVts7wk3ijPma3bQRRxYQAr5CubkkjkTexYp5FDWvZziPuUggkkQ9WJ6VHk8tMtyC3j3ASIFUjGB9VXptERIBIu1WJztHpWTZatHaXSQ3ET7ZGwjAbmrpru8CMFIHAwVqysQw3y5It25sy91dMoQPt9RQW86Xzm17tUJORhfP71blsTIZJowBIeSjHHHrVhtIuJSjoog9HB5NQikr/tnj2g7lLblhGcDG5/OlAlpNeBd/duV4VuhptUtp7a3ljeMXEMn1unDL/esm3icXUduRIwj6OR5fevZpxTjNP9dnFZwrGqHHeDlVYcGti1jMOnyMRhQMYHXNZLTosa7ZFcOMDd1BqSyhvIe9faVVjnbncKW9elM3m7asLR54gxkjcH6ccMKGBglxLbvIN+7A9DWPd30sTxuuAm7BkXw1swRfPKojQ5Q5W5xw1VK910afIhjwy7vTFa6QKq5aRVFY8MkVvIrXF2zyL548NXFuVkjKbWYlcgYqM24qMkzYpJZWcgspxwCtU7tVmiZSoy3l5VcdEYgBSuepBqrNMrsIIxvYcbT9Waot7I1V2hZWhPRBwzCqmqW6XttJGFLFjkYPP961CqSs0Jyh9G6UF7GplHdxEkLyBgVbjmSZ8vJu1/Yr+cqW7tUfOVbHUVx08dxpl3Gl1EFYY2t0Br3e4t18JlO63kGN/wCmuM7cdn2udPffFmVW/wDLHVfWtU15Ruux5dreWXp2rDMRPAf9RrrNJiS4kiIITA3BgPDj0rzyC0Nr3S7ydrYTd513vZyYI0cayb4gMsm3oaw5Kr8n47ugbUIoJEiJ2yE4baMrirEdwY49gj3bzkbfy1Tu7QMRcKylW8T1Y0q5L28rAYP5jXtWRNZwLdNJH+lvzcVpIRbpK6n6PJqzLcmzNy8oZkYZDD1q1bOLmJ5CNuegeraq5gNnImo2s7XKr3QZsZHSrlldR3kYKOYpI2ZFRuM+9Ura7i2yQbQO8OULDANT3FsYoonGBKjYUr6+lWVV28texjnvLkWdxCkZaPvAeOR61YXuba0NulstxG0zExyH6D6A+lLTNQt/mreFoi7RqGjPqf059KHVtXd9862KpA7fKqQeUPr/AM1b8WOLObe1t9lmzaDX4o4oEWxnsZQkkDnBVD1x6itfsvon8x7Tm6/07K0bwoOmaxNQjs7eG0MTCaZysbMD+Iw9/WvTOzum/wAr0tVxhnPeN/2rvfH4PsvEfxxtdm+nHPntpOxAGD1oH5p3OSAPKmPNfZRG3T42fPYckikeaRGDTV6FUp5Xmo18S56USnNAWBTEYbmiUE00h88UDuM+IdKZOOlPGwaPb0NLaV96AiM9ajkAAx5UWTTkZHNA4GAPalQ5NJZAR0oCxinxxTkgpkdabNA1OvhOD0pqQYMMnrQKnfB6CkBk02MUCUHrR+eaYHPTikwIOfKgenLkgAjgUBJPTipPyqfWgQAA4pgxUcUsmmoEvNJuG2/5pDiiAyvNALDb0pHmkeaVAs5oiQHoaXU5oDDE0qZelKg4eSEom7OTQFiTwamwSvXNQL4DkjI9KgCcENluRSOCcgUi+TgjAocgdKmCwaiwc58qmyaBuDjyoH5kIJPNIrhuTmmxu9qYLg55qAJS60zJtbcOBSO4r0o3YbaCI7j0JosmkOOlLHFAi+eopxIFXgU68+dEsYZPSgB1IUE8g9aePfuD48I6imBYYRjgUQwiY3Z3f4oE57zoMUzlWUMDjIwR70Ixu5JNEy4yc8A5oJFKSWhMhwydDTQBWyrHORjNKJkeLaTSibKODwRQJMA43YDdPajIkG4soA9RUJXd1K5qVHb5ORcgjybNBIkSzZAyARmmgjNqpxuZT1pWs+z8J/DxjOKkY7xtLg0D2yHvD6HoM0eduWzkDqarBzDIHAOw9Gbyqx3aZLK+c9RQISBHBdgAOlSlSiAEgg8jiotodc4BHripP/KG5iSOlAaEFMA4NE/hVi/T9Qod4VYy3rgmnkcLdqmPAy5oNC0CqixMe8jYFSCOCCMEV8tfFXsC3YrUr+C2jkksJX+Ys4U/SeoHpt9K+nlcqmMcDpWF8RuyJ7a9k5YLYiPVYMz2k2OVkHVfQg+h4rNnx/ZXZt02ecGTeOnyRH3AtIY0lM8gIkIdcYz5ftRK63KyyochxmNd3BqW8aTU1t0fba3EkrLcLGPHGc7dmPXdVO9ureW9fT2UW8ECbXckJhvQGvis2OaW8v0nS5YyU5KV7aPaLauwQ72OXRuhPTNWUR5bZ1ukUTqSMEDxEdDWSLZ5WS2keRrGZhsmQZwR0ORU3aO3+VW3SK5mESKd8pXcRWXi3cmbY6xevrqp8nhovrlxla6WLVI5blo4pwJ9mCpHBrC0e6M10VtA0485DxVgo1jqE0twyRKq+Ag8g+lVZK79JOitnWzlt33YQfUWB61Y1EBnaU92IwuA+QCR61kW+oxX1ubJZ1klU5eMnx1z/ajVbeGxjt5TJI8bMysmdo/5sVl4S83hZ7P9oEvb26kztlLNGLZuhVfzfvXR2vdTavIpJj2Jkq3QGvP9A0SWxgtdZNwLsTPlowu0Rj79TXa2ELF2vGlMw27QCtJqtrZYvtNglnExYdMnkVSjk+ZiImV0jLcEnP8AtVm41iGTanck5GGYKBVeB9sRMCFghzj1qvi01TJC8BHdSAq/AJA4qiLG4+YlHesy5yGoZpbq+IaHYrA4KMMUI+ckJYyJkddpqKyB2+FujIY1eRPIedVBBJPNOHVUx1VvOrxfukVpEWOQ9NvnRW0g7yXvBvGdoA/3qMpREn0uzjeEbApYeRFasNviU4yFPkKy2As2Dq5QE4AHNX0vQqooZSSdpbPT3qO6VobcU0duY3RMyZyGx0qte6i38yijaPvZphklTwtUHa9d8pgx7c7x50OmrLNcPmYCV153LjH2qfJV9US6F7UIG/PNjOdxpQale35YhRCAdpHJ2+9VbK6WaNZIzuTGCSea1bZ4rNo5u8DRMMY3dfvVlZlVx27P37CIRzMZi/UgVVtYkkm2zsY8DCkedW5JVE4MQURnzoG/BBafaMnOV54q2fLNseWGPT49swLrnKv6VtWMsj2mUTAc5jbdt4qjd3aSW4jULclvoKeVWBfS2pWCaBJIyv0+a1ReyUbz2uyQJMI0ng8DN5mrdjdppNwIVmU2LDGW/IapXdmL0RyI0kbxnO1vOraIkkeLuFWRxnMfkapeWWpYHkuTJGN0W3OT0P7VbhkBwnejhfpYANQwTIsSKuQoGFqKR4+9dZUBXGBJ51XZWBRLCrMyyFFOcjnIoJpoHvUaEkSE5w3DGjs5I7a4fFw5QDAV+V/vVyK3iv5IndAkq9G8xUUJ9U8vgCgqGZvM+VRFcxMojIbGM+tNeo+nuju+9W8mqte3ckdxDIkngXqjDrU4V7qcNrLHNJDLCRbyfQfq2ms7WkNxbpErqJ4mwRu/zXR3EmbYtFN3cbHKsOf9q5LUU+ZeWUKj3GMSBfDxWukylVw08cMd/Igl8AbClhnBrodHkeylXux3pXqF86jn7LSQW8t3FEZYmOY1Jzg1JoUjWNiD3RlctgMDyKpvVojJyji6aG3a6ALEqsi8rjqP+lWLYC2iWERsB71Q0u/leWZVUupG05/IKurez2zKsREkjNhFfHNQ2VCQz20O6fxDfjaP0+laEIhvrcsWIUNgBapzXJ2PJcEKUXc0YootRkazmKJHCgGElHRmr1C0lLFu1JImj/4dI85z0NRa3PM0CQ2rMWxngVpXFmyJG0gWUt1kXoah0vU4bbWEVowYgu0sRzU6xKO8L2nxtajSm7xXkmkERB4KeHOa1tRvu4le3McbSSSHMZHgZj0ZfeqL79Pu4tSikjntZ/DHFcLtIPTqaDWZLe51C9kZtkmFCqD4Q3tXXw19XMyTvbdqfD/S/wDxB2gWRrc/LWuJXcY+r9FeuvwxHr1rD7C6J/Iez8KsoWef8VyK2WYlq+30GD6qcp7l8R8hn+7LxjqDNwcihyaRJNNXUcs+c01KnAyaB/y0wJFERhaYAFsUBJKR1FE5J6U2KFjjpQOAD0oxuTrzQIwDUW/jH5qBhx1owAfOhyH9qEjw8UC7wK2GFWBErr+HzUBAk4P1etKEtDJgnK+lAkJAZTR0LgGTcOhp2fB6UDgYPJpYXyoGTnNJY6CTOKZ2AbAFKiY5NA4HedOKcE52np61GjHNO5z0oDdQegoAWAGT0pwxTrzTE56tQEeelKmIKninoFg06sNtLJoQABigeiAyvApAAjA61JE+04PSgiAzTsPSkeGwKVAl6UqWMUqDhkBTzpKGPjB3D0pDDjpg0W5tmMc0DEGQ80DR7TwcUXeH84xTko5znFABDD0puoY+dO6KejUwBGcjrUQ+Qw9KRONvnmmOCtI8KMV4Fk0xBIxzT8U+DgmgTACnxQs/hzilk0DbQq0WTtxTPygHmaQyAAaBwc9aQTAPvTdDnyp9xxjzoHxsw3XHUU8YR8IxxnqaZfCwz59aK4Zdw8OcelJDoiF2UHlfP1pFAjNlwdy/5oFLRMW259KEuQFJHOc9PKgKLBmwy1OiGNWVArqDk58hUUkiyOpU4JGP3qXdujMR4YjCnpmgcQrIjOei/wCaJNiHd4SW6D0qOInutrklfSiSCInIfFAasWiOSp9c0EQ2S8crUkKr3kiE4DdOKaGP8JhnA8qCT6cSKc+1SRy96wGOD51X2nugp5PrUseVGzyHnQE6ZhkU+Jeq+1TSJ3tvEw6gYBqMPiJwfp8hUkLt8uFzyOlAUP4uVbgmrtkTCrBz0YDI9qpHBdSDg1YgdujDKnnNHu75Z+P/AGXbsT8ULe9T/htM7QgukpOFiuFGG+xZefv0rzm47O3N5cIl5LHd2LQNMZB4XUDp9yfevrj4+fD1PiL8LtWsSn/H2qm8s2xyrr4ioPuOK+MtMkbtpqdiBdXMd+zr3lt0TA8hj0r5zX4Irbd9p8RqZyU4fxsS65NbWkNvHbIkXeLHBaJxgetR6vqmoKvcC3XvdoCwx8jA6ljVjX4I7GC5M8O69gg2JMz8K3vjNYmnXsHZzT5Lm9vXvI5QWBCEEseoz6VwLUl9TWUfa1Bp5sxazNaQSxKzyoMEGuY0x7qe/Yi4e5t3XarTefuK09V1+TtbC0senu0APdhXbb4fsOaheWE2hXaVvn+qAcCFfaocJN5dHbWUlpPay5VcjDTbfG9beom1vFSzhWB2IJK+ZHpXndvrVytl8vAZo1Q5WW46r/erOg2IF2DmaaUpuSRSclqjwJl0l3ZatdWyWa26CGA4VFOAa10lbSdOZZQxuMZCK3nWDqna2YXEOnwxlbheSMEM1X73VonWOKa3dZ8ZY7TVdqp1usabp1zdwd/OHRv/AM6MVaSBbC5ihkcAHqxbApWcU8+mNJJqBcxruaPHX2rIuJxPLFbnuzKR4RIw4PpmqJo1Vu1r6zWGclXZFzncPOq11YMhFzEBkttZQevvVycSHTUhnK7wdqlT5VzkN3J8/Eiu/d5xhvKqrVaK2dKbXvbdAUDgr5+tRCwdpwUbusr51bM8aWyjeS27g4xSDmOYMxyqjHrms8r62RG1dkBYL4OTnzojYRy2zDYFJXnaelX720YW6SR5KMMg9c/2qhDcxpHIskhWRxjCc1CY4pRPJb0uKWOzWMTK7L0z6UepM03cAKqMox3kZqrFbYKvCHVcY3PxUc9ndNKFVJFiP0uB1obQt2hhtiIopgSDkhuAa07aODb+KuxZDke1ZEOn3M2RJAA0fRsHmr01vcS2zo6EOG8IZsYFW1QtENWyhhfZ3Z3Iv1uTVu7gWe3CK6kAYO7is+2dF09YmlVSvUofCKnsIY5Ym3yb2J2lx9I96s5z/FE1Uba2uIZQoyqDo44rqSu6CJ1RnOMBz1FYrSSMWiH0r6VJDqRhZo1Lhf6j51ltZdx5OkkvWWFcuO8xjbipEj3xJIjFQ4wVPlWGL0SbizklBjPqa1dNulWBJHkQqRjB9ajFvZlvTi0LW4jWPYzZK9OKYgsFOUaP1zVKG4QXJ2hTnopNa0DW5RVC7fZjxUI9meY2KK3hTeodHU9FahjuArMYVYlfJqzdStjLexpGdgIxketWUlbT4zuD4cYPhzzVkVV2iJ/axPcS3hSFo0dl8w/StG6gQ2Q71VBUZBA5NczLfPZPPm12DzYnrWnYPPdzwzMw2bNyqfP2qXFVKxDpoTTHW3JQMM4auS1TR5Q25pN0+7G3pxXeSzAwFg6wqnB3VkTSHUreNyEdGOO8jXkVdRDkxMTizS3xtVRkA9RWLtHfSxqywyjoCOCa6bUJ47KdUCktKMNv6f8ApPWsSezEUscsgLj6skV5aJSx2BBfyRxqiqI5JW2MfT3q1DbzpfRPPKHCnOEq3HFbXdurlTsUbQFHOfWoXnW0lLW7KXPgCP8AV96gt3a38uVpFuO83K0e1kIBqpBPDZXM1mSHt5F7zoSFb9NU7Rb3/WSbdEzYcsPoq/o90lldywXybbluVfGVkT19v2o82loWkSXjxuszxRKMCA9GNaxghVRtRSzN9WOQay7mJ2hVbbxHdwy9B+9blhaG3Cw3UyREYneVyANnpW3DTlZmvbZl9qXS706209psy99/pH6RxnNanw27KfzbV0nlZpbS28W5uQ7fprired+0erm2t0ZzJLtjl6AL0619Hdn9Ij7O6Tb2cSjwDLuPzN619H8fpvttynqHC+R1MabFtH5SuythsDp0qDJJzRuwPWo6+yjxG0Phpned5KlSpV68KnOR0pqcPu60DsfLypskHNLOaagmBBGB1qNic9MVC8xhlUjp6VdZ454d2MNQQYGeKfzzRLjFBg7v6aB+tEv00ODmnBwMUBHmmBJ60h4l9DTqpoCxSPJpUqBbs0WQKjpKSWxQFTjk80iMGkvWgE8dKkx4c+dBjNOp4waB8U2aLp70FBKeRkdaDPtmkGIGAaeFypyelAhycdDSpyQTkdaagMeE5HWmQgvzSBzTbdvI60BkAHJpgQWxQli3Wm6HNBLgUqj3n1pUHFMyhqF8DxA59qfYpUEjkdaWVUZHWgEgqcv0pyFL9OKIEFePF96HclAmTYuc5qI89aNuBQYO2gcJu9qcKSGB8qInK5pAkZojtKPFF3nhPHWlgH2pvLFEh7k8zTEKRwKEgFeaIJkcHFALtkZA5ovTd5UUacNk5pSJtVfOobSACkg/pFMOfEP7UQYoCpGaKLu+nRvWgdFEgGTzSWMs31YoVQB/E22lsBXhstUwiHBCkZxR+BmCk+WM06xtnfuyfamfDAgDcT0oCa2XbuU/Sc4oTiSP0b1pRMQGKruPmCadI8jax2yYzigJZXfIwCcZPHSmQEswYdKaEvDIjL41Awam71Wbnp5moB2AMZYqEYUVtIZ12k+L7VHIu7DKeD1prdWWTI60EocCTu8YNGzDbURcTTLIfCfOjl4dQF8PpQO5UQqpODUwcCJSvBNV7ttyjK8jrUqBTCNoyducVMTByWGVzUjK0bMcHAOf2qtG7Lu9R51et5XlID7SpGCKC/DIGsJVYZzEwOf+Wvzw1m9g0DtrO9vmHEzI0a+HAbrgjp+1foakim1mUrwqsPv4a/PDW44bvtHqYmQsVumUEda4vyMer6T4O3vZY1fsgTetcaDcyjQpgxuIwxaVJNudvriufim1OW1SCaECONGQd74gCOm771oaT2hn0rWRFaOYFuJDFKrcju+mRn81c52umupzeWllcFLK3l5dso0oXoa+cfZ1nbtYsZp7e4uLuUGORz3cnd4ZU+1SXVvZyw3M8FyXurhdkZ8x71ztoYJLILbXE1tYod8/fuFMjeq+dPbi4bVIpIVVQq5jiYEEJ6n1/anFPk7c6bDe6VbyXUm2d1AKL0UDqxpW95LolqJ4Yu8WM4EgYYNczH2luGtZLfCIZcjeFOI4z1Yk9PtRNf2VtYbIrxrm1JyFbw5rziotZ1Oo65DrSW2ryxiLULc4VQMIP3HX96E9sZdRjZ5mVJG4ICeKuKsozrOo29sJnt7QuMAjw49TXdayV0FI00+BbwE5a4OCcVC2N5XI0NF1S5srK6E0Cbz9OWO01LZ9mYdct/nbqJrfEu9EyQWrlDrN1d3yy3MZgtU5CIMlvau/lkhltYpEuJXJUOU242D0rParVWyDVbaX5GKK0Qu8eHDlhkAdao6ZdvJqYSa0E6J/5qEAp74/NWBdavbi9u5Wllt7cxtEsSsdzHzPPrVrstpjPcC+upJYmt12Rws2dg9SKotVorkegaraQtbRPahHijGX/UT9qZLSA28EkDd6G8j5VRlne31KO2tisjuq7gSOK2rqzGnWLFlCMnmCay2rv001vsi3WdrYuRcPHI3hEIHT3qtaafBBCGUhnHQkdagFzHfynIAcrxu4rRtwpgj3Ebk/T51RaGqsTCm+oNc/gEqu04yo61s2kzxxRoPGp8j5VnRWe95NgG5G3Lg1ZjhlQgK4QO39hVaVl+SQ26KxkIC+IEjy9KuxyW13CWk27j0GKjgtXeB4mAlx0z51Fbw91MrlkGGwVwathTv+mu2lWzQFxFGqv9a460Yt4u77oRLEqjAVarSXu4Nu+hvpK1Np86CRgSD/AFE1PeEOMx3K32d0a0kWUuCwbq2T4ax9d7Oz6Qe+i/421LclfqFb1os6q7rhVPUDitHAbT4wykc5AHpVdojpHnNLbxLkBpq3WkyvYyd5Mnj7pxhj7VT7O6zbanbdxJH3cgzjPBBrsrY7J1kWFBvOeOK5PtFpb6H2gW8tIQ1tcAnC48JrNNJXUyRk5RZoSW8aRoyruI6slaNvKZLMpKowRlZV6r/zVmwaslrIsLxskRbDOw/2rTs4nudYiiVNquuSd3JH26VZWrHkkUcc1+Fj79I5lOePqNaMFncBWBl7x1OTu86e60F52eTu+R9MkZwR/ahvb10s/Axkk8wARWjiw2vE9Mk2TNqQt5H3bumeQa1LeYWUyRzR7VByCPSsyOWaINcIyyesZHjq1bPNDNDd3ETSq31KB9AqL3k15b2wlZ4JkYI4wxY+En71DGH0sb4oybNmwGU9PeqsNtbXt6ibWVHORA/UVa1PU4baRLdioYjacA4A+1SqosytYhtrgSvM7Mcbo1X8p9qqzQwbLaCVmZpI/wAv5aOfULUJHE0csh3bCyjG33qN2+WuWmljLKEwrLmvbLIPhNOUzJ4VKMArVl30nfBJ5VQEjCsgOTVu6tp54cbcxFDIsj9ftioY4ALcksXuB/pqpG01VK2qOz1FIcqJXkfJKooJH71sWMw/mMM80ayr3Q7yM+RrMWJNNAljgLXEgyybv/8AGtc2jPaW06DEkiKWBH01GvlOZbDQLFNvhfNonjEY/MPSqnaS+fWP/wAlJEoeFwWcdSPSqt7qE1vEksOI33bZU67ffmq2jhpmZIUk75zgytkk1txXmLcYZ5pERztLv/hb2Pkn1EalIBDa2h2oijIkkr1eZuMVQ7Oad/J9Ft7YjDKvix6+tW5WzX6LocX1YY3/AG/OfkNTOozTP8AeaalSyK6TmlSpU2ec+VA9NtApZ3dOKFXy3SgInb709MnHWnoBdd0u4+VERnpTnkYpLQSIMDmn8qBjR5FAvOgp1JNPgUDE5Oalziotp20WTQOTinpm6U4IK5oFgUzDYc9aeligc8jIplJpAkHA6UsYoFR4oKIHJoH6U2BtzTZNE308UAVIGIGD0qOjPPWgFfC3NFQnk5NEeelAs4o2J20FEeVoFgUK80dAOKAsClTZNKg4oNlTkYz1p2JXryPtTyAsuNvNCviTnmgHOTjHFJW5wV/enZs/QM0hICcEYFA0gwF96WMHB4FJ+V+1JPw2yORQIjcuBwajO4NzRF8SZA4pwRITmgFjzRYUL0zSMZIyDSwFiznJ9KBwm9ODg0G0s2KNV9+aFdytQJgV486IuxUcrxTuFml4bbQsuwYYAe9AO87wT1NGyDLHypSpyAeSKfYWj6YoBwSctyKdzxvVDj0ogw24YZp17tBkMcelAzOcqUOadUSYDEgWQeVMyYAYcgeVGGjRQTjc/RcdKAEbDNuG0t5ipIyjupJOcYNO2CvhTft8getCbpd4yuPUYoG2iN9qnKelOJDErBxlftTs5JBC+EdTTuFkibB3e1Q2kPBh4DjgipbeVm8WABjH71DEpjVlPI9KlVAEKqMc5602kAsHd/iA/tSRW3l2OMdBUjq4yGGQelPGCuAep6ipiR5VkyxUnPUYpn/BcMBlenFCInB3A5HpVpFDRhTxigGRTxjaFPWjtlEaEMcEdCKu22ntPtUJk7c8+VaKaJHawFriRYYtuS8jhRj2J/7UFaO3PysnIPgY/wD7tfn5PbK3arUUfKsLvKgHzr7C7ZfxPfCL4cEWmq9vNHk1CQMiWVncfNSs/wBIXEYO3P8AURXxb2p09brtDPdo1xDJLP3nhJGBuxiuN8j4r5fR/CVt9lp2BqOlxfM3zN4ZHGV8JwG9QfL9qzFhF3YPBcsGllHd94/Ji9/f966HVrtO/ZO9GR/+9WbHGLeKWeLa7hfAjDO4/vXzm8Ps9pcPNpI7J629priLex24At5T/pTKfzKenFdJperWevBprVkSZAyxOwyFHoPSqmvLba+beacyGWzUqYX5hGfQVhW2kT6fLNcaZIIt+Q0Jf6ff0r1GyNZhB30OoGYOr7s/lYf9qKGSL5yCIQLMzEFt54x9qmXQ7zUVj+auFZohukt4SGdl9V9azWns7K+71WPjQriT60x0yOlTqz5Gp2vs7iHXEa0v4hb3UAG3O1VrRk1eGCytt7mSFVVAykhQfXNed6xeO7KpWWbw7Q7cqora0W+v7iCTSu6gu4doO+TC7RVkV37U7vZdO7R6Ho+grEVS9vCe8Y7gQD6A+f7UNx2oWCyW8crHLcSBYYUOWIHUEVyXZu/bRDGs1nZmCH6WmjB2H+jFbF9dWEc8VvOlvPd3RLxiFslM9fLisNqS10ul1KWbtFe7DYQwMyrswBuOOprrY9GNlc28/eGa9jTExhQd0R7+tcfp7TXD/wDDIrBEaMOhyyj3zWroVxc24ijjvJVRfBMuMgj96zXhrxy6IafHdXkM8YWO4UZGR5VsDW21qHZJCyWycGVh9TelUbbtDaXEotrdoWKDY45Lqauw3sFjpcEbjvFzgQ/mJ96y8WzlDlBayxa0oDErjAJrWjklN5HG/AX86edZ8+qQXOtPAmUERwwPVa3LK3Sa4R+8J2+a1mtDoVvDR024it9URXwvGKsXskPzLRJ4v61FZ8enxy3wYSESqMj+qrQjneUzFU+rZgefvWaZlNtaWkvyo34cEYXaehqtc2AjUxyyMjMchqn0zUBaaWHdejc7aq6xe/PwKyI/4eMlSOKu39VFY9hWtqWVdx27emDWzZpbvCyhXHvisBr15IIzxlGwMcFq0tP1q3RO4mZlkb2qNbFolqxvNE8iYBRzjGa0yjrbIAMyKMcmoLKGPvgHYBPrVt1H2kvFksJvl5Azr5rVvGO92KbTy6TfgzFh9Mm3OAayNahKXCXhB+WJ7uQYzs9xWhotvi3WSUK8rJjPoa0P5THqNi8LFhs5JB8JqUV5VZrZOFlODS7FNNfdMtzbyHOX6j/tWlFpcEFtG0MZeVBhZMjLCodL0MWRWEKHUDLBzxVi2gSy1CZY5xNHH+XP002hTbJyVY4r65kyl2sUJ4MZxuB9Kn+VYBooVPH1M9QXFwLwl1hw8bYBXow+4qcRfN2uz5orOvQNxmvUI8J7Gzgt3kadVDnowHWq95eWwjdQWCgYOBUQWeB0HfpIqjCZHU1FbxKkk8UpKrhicjpTaHotHlWVZZ2hG+P6TkZoL1I769kljIjdxhVf19azLe4eyinZAs0Umd4H5anu5e4a2fvUL42jjPFRqrn2UrezA1NnllJdCyyRN0b3X1pSag7HuEj7zuW/1UGVIodbmaa/gj2FI0TG9OtTaU8LLcMp+VWFtoUf+YPWm8L6/ijmnQSF+93ErteM9E+/pUOlQ2txIDvVUTKhsgLmgurqI30aIFnaVsuoGAw9vWorHQxe3d3aRDubBSWDP5v/AE4qCX+rXNil20/dKSyrsZ2GVT3GKsCZra1sYWfpAcNtzlh0FYMUl5pE8Fh3jQzOv4fIII/qo9Vn1S/t7a0kubeG3WQkyRDxufRa9mIivhOKTaVi+nNy6eEEnqFruvhVpA1HUWndO8ithuz5Z9K4eHTNlox3PIxOSF6gV758OdCSx7M2xhUHvR3jMvmfQGuv8Tp5zZt7OZ8tnjT6faG1MxHSqzkEZ3VdeFj1FV5ISDjbgV+jxG0bQ/Nd9/KOgPPSibI8qYqV6V68FSxxjypicUgc0CPtSAIOaS+EUifp96BNSzxT4zSxQKnXrTU+cUDseaccrmk4z0pL0xQIcU6kt7UlXPnTNxQS4pscUwYmm59aBEkrTgALTbecZ4pwcjHnQFTZ4z/inpiCTkUD45pUqZjgUD0+cU2RuxRlNvnmgbAp/LFKlQMy4pKwb2pyc020UCwKIKQvFNRowkXjigEEE486duBjzoRtEqkdDRSeFvWgbJpqVKgVKlSoOOAAY85xQJyMCko2ux6igRiowBz60Bd4PTFEyiRdwFC/P1DNNFJ41CdDQNhmGOhpKCBj/FGSA/LUm8LqwoIy2fKj7oce/WmOAeBmnJAXnyoGwytjHhoioB4OaUq5IwfCaDG1vDQOGUMGx18qZm3eLp7VI0YY5XjFRmMSKWU5YUDMM7mI2+wpB22HPix1o45lVju/zReBc4bwnrQM74ZXxkN/ikSHgyGwaFZBtZC2Rtz0qeCNZ7YYIDDqKCGRwSMnx+lGjK6sVXJFM0Ybf1BToaScLuB5oFHKMKmMFvP0pnQEqG5p4ypXxqSfWjmt+hAJC/5oGjDAl1bBTrjzp8hpmdypP2oUbYR4evXmjGSreEGgBHKSkY8B8qOFt7P+qkCrNk8H9NKCBkMjZ69BQHg53DhvM0cRJZiBxUcEgYspGKkjjCKcHFBI5BUIPKgD5YZHhFOikvnHNTRW5eXYDgUEkNv4V2nOfetSztUSJ55ysEEalpJJCAiAfVljwMep4pWllFawPPPKIreFDJLLIcKqr9RJ8gBySeK/OH+NH+M2b4k/M9jOxd3JadkIHMdxexMY31Jl6kY5EQ8hnxeeaDuv4qP/AIky9l5r3sz8JPlrm4iYxz9prhBNDn8y26Yw2P1sCvtX5l/En439tPiBr8+odoO1WqavcytuZrm7kZc+y52j7ACo+1t8bZGVThiMZHpXnzAzuSMsfY1LZKtXV9itYnvu2GhQoSHkv7ccHqe8H/c1+nHbJTb63cJBJ+JG2/BPXzxX5hfCqMD4n9lQ4/8A1pb8f/tFr9LfiHbPJ2puQJdhZuCD0NfP/Jz61fW/Cf7K1wYricM6kK6Z48jWcIRN3mZPCozHg4zVfSLua3neG6IfaMMT5CpZdSj0zXY1lRXtAFLMAcgfavnX12zPvLafUpEi8MCMu/Bbhj6VVe1lWR43EcCFNphfg4robmxguMvbhSCcru8qxe0Ew3ySTgNPjHQ17vKq1XM3/wA1pTbrSTupkODKDghfSoLSxn12FZZEQsufxBwW++a3JtRhljTaiSBPBIWxwfX3qqV7yKQA7A/TFWQzzXkpvpEcsJjZ97fmVTwK5y20+8sb25klfdcRDiBc42evvXXRxtFGuzG/9QNPqFq+swMo/wCHuF+mZeB/7/vVtbqLUlnWo1TXXItJUjdW/wBORuSftXWdm+0F3oN20sttDJcAd2xmH0+4NeaXFveabP8A8TKWu43yhhO1jXadhNVk7caNqkd0Fg1C38ccn5XX0x1qy0RPSFfVtS3usWGtO9hbKO8YsyRHIce9em6HDpq2URW9MTXabGimwWz7V5VoElxaahdRuknzQTCnflRVfs7a6nrE9zNd3aW3cXKrEEJyvuKxZMbXju7Ds/I+g6pcwx7rhkl8RKjfK3pny/aise0F5D2rfTtVt5Le9llLxAHw7T08XSjSzbS9WWOSUnC71kP1MasfECWLVL7T7qAMpMQR1K48Q6Vl2hrrMtlJLW1M4GJbiWTG/wColvTNT6JLOsc8Mh2uBuBXz9q5+10maTThNbSgS7d+wHlTXQdk9VS8nvYbpSLuFtylBwRWO9GumRbjuLiErNhm8O3HpWvpd80bSqImlUrUM14lxYtLDEBJu5X1NFp91JcWzgjuZiMYFYrQ2xfduROToLOsZUbujVWMdwEjmhQbGYAL+qmWRotNZGl3FDlverSOs0MXclgoTcU/SagkhhObh37sK4OAp6ZqVrm3muo0ZFVs5248qisbOYSMzOG3PnmtGPTXeVLlI1bYMEetR4qLXbFrDAZnVOQw2kN6VoWGjqqStGBsf8shrKjvUWRWVdpPUEdK0k1AzhgVMPGUZm61orLFe0tO0NtBC1rIe74zuwaVzEU3G3AcMMbFbjNUIL6WOITTKLqI8MOjf+nHWtJLuyfaqxPCrnKufy1prswW5T2qQT3XdQkxu0qtsJPHH71bS0KM9xAQZHGJEb8p9aq6rqSXGluu5ppUOSFO3JrPTW1iswZe8jnQZjZxjvF9CKqSrV0dpGbZFOO6eU43oPwxWbfm9DSBI4rieFuGj8xT6TqkZMqxykRkgiF/EBUL3FsmqwQQmWJ3PjYDhT6U76ebTHaOK+fUpnihgeKfazCE9c1LBfySRiW9QDvFKKVXGGHUN96h1OckCTcba6jJAkU5LL+1QX15cWcSQ3EySwXSh4rkDIJHrTaXnLfpSumbSpMWkZmM6ZK9Rn96zI7ycQrMYmkdv/K/MKqulzdyqskskLIzNhD0NEtyYpEaBj35GCG8j/V6UWVqvXLSzxRSSb42c43DyFZljNNbG5HdEhWDp3jE8jrU6PdKGilf5hV5CDj/ADR3TRhUCq0EgBJxz161VMLeKUwubRZZY+5bPeJ3Y5Vv/wAeXStG1vng0tzOohue/Eoj6ce1YtnqMt93lrJGyTCPKuD4SPWtq2gle3D3JSaZEAQNxuqM/wBSrSWtqU1hFaLcFQ1ywwoIycVijTJdRuBO57iIDAAHT7elXLdPB3lyVDRjASrNrcb0lkJxj6RjpVVsm/TRWPrSGNlniCFxg4IHpXhHxB/i/wC0HwY+Oepdn9Muo4NKt0hLw3Cd8jFkBJA3cck9MV7dpss8l8ztJvTqMV+eX8dusppn8Tup4IKtY228HyPd/wDsK+q+Eycsri/KYovgtvD9Fvhn/Hn2V7Wxxw9odLfS5NvjvbRu+gz7r1X/ADX0Roet6J22sBfaFqlvqVsw3K0DDI9j/wDwr8Fez3bOeynRo5cqOnt9vSvZuwnx41Xs3cwzWV/PY3CnIkgkKn98da+9fnM4rVfsPNYSRnBU4HJyMHFVZICvrXxx8KP4+tRhjitu0kUer22cCVMCYD9gAa+q+xfxk7G/EWCNtP1OO3nfpBMQCKKttu2rIpHlSCletbV1pTIMqPCeh6j/ABVB7UjrmjxSwfzUQIOKN0IbBFR7NvWgelTZ5p6AlANMOXx5U6nxYpvPI60D55pBsU2eabFAYTDdaZjubinUZNCOJOOlAu8KjpmpQ2V4psL5DFKPar4I4oB/83HlRggNTMmJM5oTw9BKSAuaFWIFMeRTqBigfPFEcHypgQBzTHw+9A23mjX6c0IOaJSM48qBZNFTYFInBoHpUm4ocmgKhBKjiiXmkQAuaBsDijfnkUlTcvBoSSGx5UCpUsGlQKlT4X1NKg4xNoLg9D0pLxuVuPekUBUtuximRlYYY7c+dBIV3LyBUE0QBUq3PtTx4JIZzijUbSB1x50EYCOdrcPUuVfwYwR50DKJU5XLetMeV6eL1oHEYQ5Bz7GmbayZ28U+5JCCRgjrzS+hducigYMjLtHlSC7D1zTjwHI5NCw2NQE6kdGoCpDBj0NSCKRutEyg4DcAUAbAy7m49hQkIR9Xh9aeJMvgt/enmhVGx09xQKSMAgAZB4NMIxHKVVyCfOiBcPnHFJziXOP3oGcMfD/nNLMkGFxkGkSCPqOKcyBoQGGSDn9qAsiVcL096eNio2vlgvQ5piEYYB59qFivK8jHU+tAnw30nO2my0K+Eht1SSDw+EY3daZgriNd3PrigkMgkj3Fdp9aKOXx4I/eg4XEYPiPlRKjOnHDUEqojNvA6+VMwCPjyqKFzGMMeasNgkIRkHoaAxGc+GtPTLP5mVRtIHA9ScdTxVWwgd3wK8j/AIuv4gF+BPw/+Q0maJe2GsK8VmmPFBF+a4I6Yz4VBHJI9DQeJfx8fxNqsFx8MeyV+DtAXXb23cg4Az8tkdcfU2OoIU9DX52axOGkbY3H+K6zUpHWOaWWZp7iVmeR5mJZ2Y7mJY8kk5OT6n1rzXtHqXdRFVGGPSrOKTju0k4lvZTK2Y4zjH6qwdxBBVtoPTFTavcd5LsB+k5P3qg8m5FwPpqx67r4JWf8w+MvYyDBZn1W2yPX8QE/4FfpN2zIn1+UnauXz3lfnz/Cjb/NfxB9jX2d4Ibszt7bUY5/uBX6D66iSy97IQGZuvoK+X+Tt5iH1/wdfFpYM6LaM8jNGVYfVWZbX4vbhxcqQwACkDORVXUpZGufl2I2ocAg/UKj/F2BVRvB0Ir599c0TLBFIIkkIQLkBidwqrq1pFPZuktwQ2c4TljUrSfNxF3VFfZh2I5BqC4vo7C3RxGGmUYDNyP/AFelFd1R9Jsb6KCW1iMM0K5eM5Ik+9UGSYzSR/LPLv8AKPjH961bTVPm45ZLBwXC8lQMVlyahqtzPFi3/DkfbIwONo9a93UJvk206waWd0Dq23uwMk+9GjXFtLHKFXYRna3Rqkks3hupp3jmuQn0n8uKuWGky34LOBGrr4VZ8la8NmVr+l2+v2u6T8KfGQy9c1zcHf8AZ3UVuUMrW8yYMtvySa6SKG50/U5I5FLLEcbiDyKn1G4j0knEI7mTqgPiB+3lWqt2a9XPdm75dV1Zxb6mir3bO7yHkf04q9Y609lrs1tbsu0eMljnNY+odlbK9095rJlttXaQyxyElQw9DXPfzqDTdTdb1ZLa6XwMRwp9wehqd4iymJ2fR3Zi8tteVYri3Z2cZict41NVtYRrrTmZJ8TpJlkI4P8Ay1538N+2umW3aG2SW8IgQNg7stu9K6e77QrqmutHFvgSbxsW+kfb0rn2xy3Uu0rHtZa6Ewju1fLHJYA+GtuDtFpU27CXNu7r4bqFdyBf6q5K8hS5t2+Xuor0oNxVRlh7Vodlp7dLGRlu1tAF2yQEbgwrPevhdWzvtJ1KF7BZougBYxscHPrWrpU5nSDci75TliPy1g6tai47K3KwRoLx7Yi3aPjcaqdmdQujZWsS27o74ibe3iVh1Nc68T/HQx29XaT5765gAHhx4h5irEX4V/EkMuWCYIxxms2OQWffSSliijBPmau6V8vJGbkMS4Gdq/7VmaV+6v44Vtk2EuTlsVYhvbiKWLu4iEboM/VXPajG73mYZMRsN29vL2rRs9SW2iRppFIAx4uuajFpntG1dq+HRwQHU5kmjcRrF9e5aku7Wae/RARHnw5xn96q2GqfLzqUBmEg3AIRx7VLN2l7q7EMsP4wGMkVprSNnOyWtybX8rlSIKqnvE69aKedbSxPf7kl81ZeBWJa63LLcPajv9zfQWOK1LzW76/sktzFFMT+cEZ/evd/ZmtI9KKssQgsWnWUKGeQ42n96t3UNvd6jDb/ACpfaGG5vyGqtqiPYBrqdoe5IOAOtLS71FvZH7xpoiWCy58IPq1Wo779IVtJbL5iePuwXIjVRxj3q3Be2sSG2uAy38ilQ5XKE+zDiqj3sUtqbeQq0+5j4T4SvrmuVmvGnMkWm3nzUIUyGMnHdn2ryvq9mJs6W61NrWyaCe3hilb/AM0HJFc+bm51SRVU74Y3wvGB9wKGWxiksYXnkmN3H1UnOasNqcwZYViVXAwO7UcmvJtv28rXboAQraJLK7ExNgjGCaqptVzKi9epbzNXYJFnsZWu8iUnIj+mo7yynv7NgiLHGTlcNjFR3j+tFYV11B2lCyMsbP8ApXpU11ptxKUihcbyMMW+n+9RW+hxW0hZLqSe5AySfy/tWhYzXEd0IpbctGTjf6VVaye0i0TRP5ffSXLzgRlMbG5ya0beVtQcsNixocAbccVQmv3urjYI+7jQ7Vdhjd71clUpEqJIIwTnIrPkyb9NFaphHG0hQ4OOhBzmpMK4EQKI4GWBPWs+CGOSRIhIWkQ7TsP+amNqsBkwNxYY3OT0qqPPSfFZ0yVJ5AqLtUtgEV+bP/xC41l/iX1FSViZbG0wf1/h9a/STSIlhvY2U8dcV+bn/wARyQL/ABLXBAGf5Zaj7fh19b8FEfa5Hyvrgs+frWG/tRmPdLGDnwnyrSsu0skRX8UqR+UnmsXT7yRg3cSspAx1q/HdJODHfWYlI6Swnaa/Q3we+/bsrDtrNZf6cu0ZzjdXa9kPjnqOhOC8jHa2AY2IP9xXi4s7ScAw3bQv/wDTmGKkbT721Xd/rRZzvibmiicdbP0R+CH8fGr9nGhs7u8W9si2FS+O4N/6+o/evtL4c/xQdjPiDHHDcTDRL9usU8gYf/cOK/CKz1goXG8xS5yNxw/9/Oum0j4qa7oM1u9vfTDuW4y/GPtUWe2LZ/QTNaRz26z28i3EB6SxkEGs6aAq3PFfnj/DH/GPdaNFFb6jeuYiu5RM2+OT2A6qffpX6B9ju3ejfEnSIrzTbiPvnXJh3D+w9f2ozzHHtIVAPNDVqeHYWBXx/pquy4o8MODmmHFKlQKlSpUDgkU1ORg01A4JHSiPJyOtBRpQORnxD+1Lbk5pRsC+POpCCN3PSgAHNGBigxillvWgMqD1pAYpZFKgWMUgMUqdeWxQLJpbsnpSPHvSDYbkUBHmmwNuaRODT+WKAQSKLqMU2BT4NAo/AKXU5pUqA1IIx50FIcHPnSoH3GlTUqDi3OQU8qQGwYPIonwq+R/emxmgRiHUUl3Lg4yg6mn2ZXKnFDnbnbzn1oiJnaMZBGaLcrDK9aJFiK5Y/tUbxmH6elEjIoZmyDQIqgZJ/aiJMeWBz7VJKEAVl86IozgdDTsneL1w1EyHGdoIpio+oNj2okFDIHwTRgEkEHgdaYEk89fWnChFbGMemaAed/ShQ4DA849aFuF+o7/SphCWjZiML+qgF8H6Hp97Ke7cbj60KoJFycqfSiMWWwXGfvQFCiyx46Gm8G/DjAUYPvTCMqw3HGOuKCPu33bmIb3oJYlCtuDftijykjFJBjHQrSjg4D5JI68VA8i7m5Ct7UExKgqCRj70XcIpxnJ8jULRo6bulEjlDsY59GxQGhDA5XxDoacLg5B8HrRBlkLBvA3rUZyegoJXh73Dg4A6irMUZkCAcEdKrR7uF4561sWFk0zKR065x14yQPsKDL7a9tdJ+E/YTVe1mtzd3YWMJfaD45Xx4Y0HmzN4R9wegNfkn8UPiPrXxY7Y6n2p1yYvdXr7ki3ZWCIfREnsoz+5JPJzXvX8aHx0h+JvbSPs/ot0ZuzWhsyCZCe7ubjG1pD/AEjlU9s+or5c1W5TuCAu0BeAPLjFSgcrr18TDLvbYg6CvLr+6N3O/PhToa6vtZe7YpI9x8VcHPN3NhM55I4X71ctc5cSCe6kKnGTmo3IjU+eaBOeRwR50DsTUeSp79/BJCZPjrZyFcpDYXbtx0/CIH+SK+3NbOY3YvwE7wj29K+Nv4GYifiXqly4/DTTJEJ/5mUV9gaqhuIyWOFIw3PUV8p8nb3fd/CUn6t3KQCW6hmuFw8UY3Mx8z6VfjnYRIdxCOc7gOgqrp9jK2myw96AjyY2r6+tSWXfQ/gSuNqjB8PWuDyfVcITXqwJbSjvFcjo6Guce7/l7GVma5SQ4OBlWreaG0EDwEKqkYOT51kNpxtbUmCRNqtu7pjlW/605KclQ2fylxcCQ50R2Ox9oYoV/VWjYwmKa6ia5WSNRhJUP11KTMlkSbI3CyDLbW/0v+9Zp7QW97Jbi2tRahBjcxzk1LlDKhOqzrO09xctCuCEtwOOP1fepmjuIWj1O0Drb7M4U5X7VA/jv1lmUTSvjaoPhOPWtG6uDfaTc2UaSWjOcoFIUH+1eprlxrtlc2JleYGZRlkX1rLVNO7RXqwv3ttcyDckjjhj6VQsdLkbEpaGIjgIrbq6SXs7Ledmbi1gcfNZ7xJ8fT7ZqPJDjuxrXSXtF2SFLqHOAV8qHVOy0Go2c0DWqTI42nw52/armgRxwv8ALykRy7M7d2RuqympjTYO7ZwgByGPX969+xD6nDy9ihpKj5e3R4o0IUxnbJmh0/Xrq41AaLqFxBpk8YzDdXTbA6/p/wCau9ubyCaC3Jg3IRkysMEVHqPZ3R+00YS5tYbxom8LSrz/AHqX2wfVMdMGPtTddkP+FvtP6tvW7g+kL+o+o+1dIb7vgmo2kMZsLhdpdPJ/f0/euevfh49tqMb2OqTSmNcLZ3xMkCD0z9WPbNVdLGp9hrtVvrY3qMfHa2bhkmT9Jz+aozFbJRE1em6J2v1K1ggW7jU20SNGjRpkufXPQVr6PqUlqr3FwP8A5kiURgYdAerVw3Z7tfaGW+iFrqNhpigCOG8iLNHnrkg4rU7FXBHbu1vby4M2ntJsSSRsgJtzjFY8mPfprpbZ6U07SOd0bNA3i68mte1mW1s9kRAbvNxGKy2udMstdmv7S+E9u8Ww25cMFb1q9bvGVEzkys5xsTHFc2cfGzZXIvabqKzGSzEaOWG5SfqzVi203Ld/MqtFnkEedYrWBt55xbSNBcRnEbuAQR96eMapZxiWe4Xuyu8xFvqP9NIpv2ja8x+3TiFo5EaFFUocgDhv7VYMBkk72ZNzn6WrnrPUjq1orwhoroP3RaQ4wfSittTkt7q4sryUpIq75BnPdj/p+9WcWS0zZ0s0N2rLcwqTMo3JvXC/bNSaRfRrcXVzdRC1MzbAigsFPrU3Z7UL3W9HvRaIZYrIBo1c5MpHUqfNa5q/1nUWtpjHCizs+SqHyqXCGSeVp4uskit7zTpR8/HE8ikjvXIwB5fvWNLq7wJFaRW8UUXdFgkZyGx1BJ9ax7XRlwjSSsQ2HVH5bjyrVjskiUsoLYxkn8oFXWtStdkq455INBiu76Z2vohDaz5/DjPjH71dl0qy0fYtqgWBTnIJ3v8AepIJ0hhbMgKbseDpUeosl7YkWquJA2whiOPeskXisLdt7bwkuLiORAQmT5ZFQ2en3iB9xCufHlef2qxp1xDb2Ii7p5ZB03DK/wB6TRmNmkkmMa43ZB86pvliy2tRfKK7h5nEs35g3lQ3R7ldoiaQt+nyqpc6gHlUuRGf1CikkkuHIg7xcjOW4WqeaziBbu3hCpGkklxt8bKTtUVr6Td2Yjkh3yTTk58Rwo/5T51n6fYFbdmWIqXG0OxI3D7VoLajCq0awuowNo6VHnK3ie7+WhUrIQQRgYPSq3eytBEDEpjY5QfmxU0VsjPxECp+rcQaK6nWBEaJBLkYB9KrW1gVvbCxlM0I37xj7UN7fAxmIKcjocdaIajE8QUOA5GD96qyxd5Im18lDkn1FexO3SytVrSARckkjjbivzL/APiI3Qn/AIldYCscx2ltH9vwx/3r9M9KkzJu4JYgYIr8uf4+pu9/ia7T4H09yv8A/bWvrPgP+2XC+a9dN5eE2VxtcgHafWty0mYKVIDe+K5u3UP51qxXBhTCmv0Z+c82vcXMbqA6KxHXNPZXBwWhlMar+XOc1hzykru6lvejtp96hQQHDYxmvdnvJ0stxb3JIv7fxjpLF1qC40o432U/zSjqjfUKCO8VYGJGSegqP5vu3jK5hdvMeVRWclzRO1V3os693IynofJgPT3HtX3t/A98WpdWL6RJeyRTxgSW2WxtI6gfevgW9WDUU2viG5A3LKPze1e/fwfySWvaYTAlXWMYYH8ysv8A0JqKvJSLV8P2X7L9pE7T2TJKAmowrmRV/OPUVemi2HHnXieg69PpF5Y3sbYmUrnH5x717hDdQatYwX9sSYZlyAPI+lGBUIAbFDUkq4ORUdAqVKlQHjNCRg0smlkN7UBMFCj3p1IWgPIA9KY80DjiTcKl6596BcGiBzQPTqcihBzTxnK0BYFNnmnBz0pjwaAjz0pDg5oUPNERg0BIKEkk80gSKagdvpzTqcrmmPIxSHAxQEvNPk0yeVL8+PKgVKlSoFSpUqBUqVKg4892gweaEc7seVEqd6zChXw7qBjtxkHinKErnr7Ut21MYyKZJ2Q5AyKBHu5DgNk0SM0hCE8fqp5NrHcoAPtQIx3h/qA8qBMAr7ep9aSuy4UphalZFbbtO1jTOGcDc3jHUetEEXeMRiPp71IqBzktSbPi46UwBHQ0TChIGDRZ2nPX9qSR7jtJ59aYeA5IyKBzg9FplV0jYBhj061IORkdPSlHg5DDNBGwSTa24g/eiijVpGY848qjCbX2sNoHnRtGYJQxPhPmKAY2CysCwAPrUksI/OQC3nRXSQsiBQMjrUTKzoB6dBREl7yLdjPHX3p1eNcM0eWPXNG67DGdwI9M0ineOCRjAzRIpF7xO7U4pkUGJVkG1gcE0mVkuAw5Xbmk5JJDDAJzQO4xyBkVJHOvmMUhkJwcr64qcRb0yRg+1BPaQd86kDmvIf4w/jSPg/8ADE6Vpk/c9pe0Aa2tihwYIdv4svtgEKP6m9jXswurTQdLudSvrhbaytY3nmmc4WONRuZj7BR/mvyv+O3xauvjN8S9V7RTFlstwt7CBzkRQITsyP1Ny59S3NexHLoeeykwwgkFVIAK7uvp/wBP7D0rlNYufxtu/wBicV1F7saIZAUDrXH6wyEu4Ph9avmvFKry/tvfrHI7ehworh765PySDdy5ziuh7dzh73aOPFXHzyd4w/tULWeyX5aBhnpT5OMU6RtIeBVSMRM+IfTn8E0DDU+0k+3wiGKIH3LEn/AFfVd9iS1CNlQ4wDnoa+cv4OrB9M0zVTKu03Lqw98DA/3NfQF1eBbzu3O7nIX0r5D5C/LLs/S/h8c49NEWhQCutpKIG/EjOOAKqw6pKk4eZGCEYb+k1HqB/lWpyIjkh0DAE+dWHusW224ALyHOVHSuPvDucV60htJbfvmw6k5OfKsO8V5NQlmjZI0IwI+gqOHVhaRywyAd4xyAOpH26VKtxFCxE6h7c9HXqKbo2quLqyraSpIoSRhhXhY7WrDstPinlSLuTHKWyh3YB/qoFgUkywyjaTkD8oqZEj7y3eQyJB3m4yKRla9hhmuzo9K7KREPc3LN0whjbz+1PNLZ6GyLqGG3jKqz7Sauahf2VhbJDb3G64kOVY9P7dKxbl7HVH7+/tYbi7jTZGgcnJ9ete7yLWr2Vmlzb3Vv3FrbOM5QnxVQt7nUJ7i4tra6HckZ5yDV+3tbrWbQQ2y2nzaeFIH5Lf8ALV/UOy2qdn0gNy8BeVcs6Dxqf04FVWWsvsy5XUp4buKJ5UTcssS/45qj2lhltb5rpUEscpx3O3IHvW7b6RfXFi1zHc24kEmwlR096x+0kl5HKQbhVSNGX8BR+I3otN4C7PXD6hiB23SuWURsvCj1rTOmrZyhGu4wScYU9DWT2Mnk7zvRIou2HdlZSB9XmPtW3qFrY2V6LOENLJs715Pq5ryVnFqwW0mls5WRH3jG5jz/AHqe0060vkZnjRJAPLz/AKvvWH/PrY6Y5eF5Ze8VUGf81tWpivbdY3Z4Jh4yFxVcTMHGFq10zT4txkLToqgtHuwG+/rWZqnZnSNfuTc2fzFpK5yO7bCKenQ8U6Kr3EuEaUhWww5U1Z7KQtE8pnXeHGQpOR9qlOTj2cStewDaRLD8tcuqOmGdkzg/3rfTS9ZiiVbPUIUGcmR42/71sw2KLZxIyEZ6CtZdMGl5inGYXXwnrg1iteLWWx4YeiW2qpczJqGoJMCuSVixtNbcvZ1u4jka5LzA7lHUJ9qUUUNtbyGRO+2tw59Kn764YI21QhGBzUeaNvPSE9n7u4gaOTUW+Wfl44ogrA/frVq20+xsb3fh5blo9ryuSwnH9WTzWtBp8SwuzsjsehHNQWtvHufEg3nyfpiozfihxU44bvTiI7Npba3GfBGxAIPUYq8ZWhvE2qTv6nbRpFJNO0ttMsscJ2lc53CpIZjHkNJukb6B02/fNU2yb9JcPO6wlsqLI/ehzu6mql/fLFiKZ13sMKqnG6oL+8+UiEWwkuc7gOlPZwC6AmljDuPpbHBqi2aZ7SrSVkTC30+MIgyzckg4ok8MU6A8L9JzULzmaEgozZb6FPFRwoElcOCkf6WPWoc90uENGHasaxwzL3mMlWeopBNJKe8demCvlVZLKK3DXAib9G7rVm0ZHUiSNg7+TeVVpcITNawPaBAQ8h6EUenu5uwH3bCMYyMYqobaR5WkEqwiP6EH1NVuw092RJrjcjH8mRxTeHi0WlkuDEjMYQcqNvUVZneWFTvZMHoSeaG1tfFIvzJ3EYJz9NVjZW6Sd5NKzbfyseteclsCvO9+WO1VRT51Vt5VZTCZAyBck1YnY3EThmG8/SvpVPTYHhMhMC7m8Cc9fevN5npbVZjgieEYjA5zzTCXeSXXZHjAI86uuqXSmMjuwBguKpSxK5xuzHCML/Ua9e1T24KanHjhcK2BXw1/GR/D3cduO1us9tNBlkn1B3LXFk+PGEAAMf7Ada+3/mD81G6c+LZ+1eb69bLeXN4uAAZD/iurotXbRX51e30eLXUtit0/Ih1m02aSKeNopFOCrggqfcdaO3m73hWz96+zP4hfgLZ62s2p2kAhuiciWNQNzejV8ba52fv+zGoNBcxNGynqOjfav07R6/Fqqb7+X5f8n8Vm+Pv7RvAXnlTagOSOhq9ZgPtYLg5zmsVZy75zx6VpWl6QyrtI967Dg7y21mRQuajurgOytnHrVCW7QgYNBFqSlijDGelV7LOTZ+YR5YVDgDOc9TX0L/C9N8pqsbMdrF2BHs3/APAV829nohcavBHjIBycjyr3/wCBF73faiHb4V70DH2OBTb2W8vV+oNsRdafBInGUUiu++E/aUw3j6PO+YpyXh9Fcfl/evN+zNx3ul2+TnbGq1ZEstjdrcxOVZXBUrxgitE4oYH0LcRhWYY5FU6bQdaj7S6LDfpgOVKTAdVce3vUkqbWwOKxgKVKlQPjmkAD1pZ5pDjrQPgUNG3FBQOOKkxihABXNFnigbocUQIAwKbHNLAoHB29KNxleKEDNF5YoBAIol8bL5ZpqXnQPjmkRg0s80vq6UDUqfHNNQEGxTnhl96DFH1x7UCpNxSpyMigalSolGVzQDSpUqDjfob70eVZCdpwaGRcN4uKSyFExgn2oic+BTkZz0pRyqqbSMn1pzOdoymSPKks8ar9PNEgJ4XyelO6gtwMe9IyIV8IzSJMi7SMCgN4N5BD8ig2u+ASpI6c0o4mO7bx+9RuWj8QXJoJlj2g5fn2qMqVJHUipO87wMwXDL+UedAGIbeBkeYoCjQ5znmk5ZG2nxChDGPOec9KNTtOT1oEjbXz5UykHLeYpyuFyVyPvSwrAkHAPlQNIQwwTk0Sozr0yy+vnSGBygyacM8T56haBRYIY7ce1JvC+VfJ9KZXPibGfagiLQyhmGM0BOCcY2hh0qVj30Kno5OM+1FhZGO4Bc9PaoZbZkAwSRnPNA9ux2hTwRxRjnxH+1NO5Tu3Vcg/UKlKCSVcDg0EcKBQM55rUtLZnxgZB8qjjgZtvHHpiuZ+Mnxa0z4E/D+67Q3uJ71ybfTrPP8A8xcHovrgDxMfQH1FB4B/Hn8ahpWkQ/DXR5VN1fKs2rMp5SHqkXsXYZIP5cepr4hNqscalmATb+n/APHpWhrevah2q7Q3mtatdPdahfSG4mlP5yTnn/oPIcDgVXBdmUgMRjGDWrHXiiytQj225wMg+VcdqKg7hnxV2l8wCOFBYhWIXzrhtWdYpC54x1561LItq8W7fr3eqfvmuVAwa7P4lWxTU4GU5WRM/vXLWlp3jjJ61jtKUVm1j2Vg1y4yPDXUaFogu7pVC4Xz4odJ00uNxXwiu37K6cJfEPDu9q52bPt0+h0Oj9vMPe/g1bDSY7eOLPhXLcda9Iu/HqDT/mYYzXmPw/nNsAMkd2MZ9a9JhmW/00y7tkwOQK+R1GTlbd99p8fGmwZrdrq+ikkBZwAOfSs3UjMJpUIKqOuRWrav39iA8mJR0OagvrVkjWWS4OZPq3VjlsZmlotxBIViDSMMBycmoJLBzbnEpVh9SetaENrb2kqzwyNjOf6ajWdkvgqhZVb6cVFRYFvCrKFjBSNkxtYcMajaxklUxSDbt+pQelXLp2iH+m2T+X9NV4pVN34JMSMN25/9qnWZY7ItOkFzHbIkZuhFJtL58aj1xWu9jEb3eVESMMJLGAQn/NVKzhOm3yyFB3bDGVG3Bqee6TTXUMtybVnB77bmNwfX7VdVBT0m/wBP0LtJF/MZJoEmkxbXEb4En2Pkfauz1fREcntDbarcz2ts26aKSTOV9q47V/h3aarZJLNM9zZOTJA9s/8Apn1Pp+1aun211DHZ2UF5dSWSoRNJcN4WX9Jx+aqLr6Q6dNX0y90xprOCSO0kXxHBwTWBe9jv5te2t5JffKwxJ4IVbgf1Zroeyunw6N2fl+fvAO7ZttkniLj8vPShvdOue0Wjo/yrW1lPJ4WVQM/v1FU8k9oYp0WOPZNDBExicRxzK+QwPU0tavktYe9hg7qa1b8WZBwRWzonZlUu1gD+BcbVb6F/euke2sIoCkix7ZjsO7GGb3r3k9q463i/8TaI09raxxTyLkxYxjb+b96LRLu6juRC9mJbsxklAfrUdStWJNMu7C0uZY51izMCEQ53IPIVrx6pbWG3VGSNltVKqkf1tu61FNS0+5ZrWWaIbRFkGEjk1raD3MFtFvXYGbejueMetV7PSbmziPcRfMzysqsMgkFjnHHoKtx9nopDBJI7SlX2SiNjsU/pxms+SxWrp5Emla15wd37YrWe0muXjAYShfqAbNZEETXFuF8SwK21H8yfSrGn2jQpIe9dXJwNhrJyWWq3LaNu4yERlbqDUN3BGsirGcbelT28sKukMkmwE7R6/erEttFFMhdg29uD04qrlKrYETARozENEf01YWOCXO5SsMgwrlT4am0oWsk1xbsy+H/TbPAq7askRktJx3iN9JU1Xa+71iWmmpZqd03cqxzuSnu7mS7lULCrIOkxH1/etu9so9QiYBQuzoo4xWO8CQTdyGZtrYx5Gq93sF3sgXE0SiP161UYmN9u8/LN+jyrSn0uNFZ2lcL5KfKo5bWKSxykjIh82GM1Cye8IpWjRGa2lAIOSmelXrORb6JXngPeKMgiqGmxWyF0nHjJ2qTx+9aLXElq6I0WxAMLKPpryJeShcMqhC7MpO4r70VpIzNKqchOruvWtCa3m7kTxRoW653Art9ah066Oo3LpHtU4w5z0Neo1K3t2SRZJ9qsPp8PWrMpnJDRorL+YvxipxGzSbO97yRup/TVMXqXExghkSV4/qIbihP/AOKvfXEls7JbQjcfqdvpFVbRZnjkeSRpZQcpkdBWxe2Ucm3LyOi9UUcGoHvRbxLGEXvnbZGv/WoL6TEoRZxEMe8ZmxjIbGT+9Tx5YjxbXIwo9KrPCzzKJAkhU52rSuBcOQyL3ajrmnS/aFyWYadCcgSu3nVQy7IdxHRuvvUF9czI8Sv3bElQCvlVmYJJbrFu2xKcs/mTUuT2tVRX2kbh4w24JmuFuz3skjsdplkb9q65XZ5ppHONsfH3ritwYBickSsBVM3mPDrYKRHlm3Vnb3iSWk6blxhgBkE18wfGj4UQXTXGyJXxyh28r9q+rzaREzSbjyciuR7Y6ANYgZ4gpb7V1dDrLYsm8I6nS01NONofmdr/AGTuNHunQITjpWH30keFfKsPOvqX4p9hjbXzkoEY9OK8K13s6EZ1KeIdDX6fo/kIzV8vyX5P4W+ntvRyIYt0arVs6JtLjJb6faop9NkgyyeJR5VNpItH1GFNSaSO0BxI0Y8QruRaLft8pat6+LQ7XsFYC41KKdmARpO6HH+a9W+COW7WyRY5jnyPYbq4Hs9FbW97a29kzNbmXMTv9Rr1P4MWQg7XXdyqcLKwdh0+qva/k1cdsfl+j/Yq4S40qFlbwuMrW+cbDuGPF0rkvhu+3s/pmR1j4rrycSll5BOcGt8REuc6P4c9pv8Aw5rLQTsDZXOEcHopHnXrtzbhWBB3KRkEdDXzy8ih1JU5r1z4ddpxqtkdKuWzdRD8Js/WlYstNvMDfaMhtv8AmhxxVmVWQtkdKrsCKoDDjrTsQy8U31UiAvAoESTTUWBSwKB16YohyKEcUs4oDpU2eKS8tigJetMGJpA4pk460B0qVKgcDJpL4aZSaR5oHzzT4FDT5NA+BTrzSpfS3tQKnU8c0KsDSIy3FA9GOBih4pZO7FA1KmY4NKg5JnDDPGfvTB3jOSuTSdEjHB4oxhhjz9aIBGJR3jeD2onjBTcFFAFJGD0pGMiLAOV9KPSQMVwCM/aksoKbGFMoK+JOfalI6Mctx9qBxGUIw3XrUjyBOCpb3xUBC5Gxs4o1LKdpGfeiQ+9Up4Rg00JCgg9TTMAp9acxgnIPNA31kBeSPM05UD66ZgUOGGB7UaMnmc0EasoVlB3AUQKiQDr70hsBPhxRLINwwKAUUFaO2kJLBuA3maZUdV6ULjfGF546UBQExytkcUbAEtj6R0oo7fepzy1TrZnZ5miKsqhi+D1qW2VjGwbDEetXrHTHkLAjPv1H+1cr23+MPYL4WHu9e1+3S/bhNLtj311IfQIuT/gUHS2lozNsIDD9VaEWhrDbtLI3dqhyZJTsVR7k4H+a+T/iF/HFqVr+B2Q7MJYNL9F3qhNxMf8Alt48D+7V829vfir22+IDTDtFq+r6iXbBtJZjbwD+nuE2j++a9rv/AAfe/bj+Jj4Y/DZ3hu+0MWs6ouQNM0jNxKGHkxHhTP8AURXwX/El8cNQ+PXbSLUZbdtK0iwTuLDTgd7RKfqkkxwXPA48gB0FcPOkOn2e0W6wz5AKk42kf01m7pCO7LY4Jynh69a0Ux7pIYy8ca5Jc+rkYo1cOVPJPntPSpHjQIE8LYqrcExkKEDsP0GtOwztRYxDapYmQEeLjH71572kVmura3y2Xk2H/vXo+pXEbWmWVgF+rd5f8vrXn2oRtd6tG/OF3c+tU5E6uE+Jtss8EU6qR3TbCR5iuR0+AysvFdd2slYxXlq7lkifIY1g6FASoc9D0FcvPbg6+mx8vLesIGWONPLzru+y9pGTHGo/NiubsLJpAgxgE5P2rudBtdgjfGPHnj0r5nUZH12lx7Ox7Ns9rPNESMKc/evROz1zFJm3kOVYYBHrXnNrIYdXK7BkqvNdTpd6VuFUeHa3BFcW3ny+nx1a7Wsltfm3kcrk5C55xWhbxgSGKXEiHpuNU9UUakq3R3K4XYXHXPrVjTdHkuIfxJv+L270jzjd7VUnJzbpBO1vLIIxjKL5Gq4SGzkk2yq/ixvqK5tPncsCySAYJY80okt7hfld2Hzhj70UWN/O47mR4yx7yL260oZYpL1VljSN28RNFFo9vDcyhpFBP/3UprBZrifewFxGML6YqTPaonuzdXrWpQ3FuzcOnOK3tM1WXSI5reWAS2JyJUlGQmfMZrnjp7WOoBrdwpJyRnita3kutTjklhniaPZtlRh5VZyUzGzS0mCPQdQhv1c3dgVObVhtAH36Vp6xb240l20mGbaxLPCwyD/y1l6FrH8nMFpdRm80qc7JHZM7F/VWwkky272thL3sKN+CSOcemar7Tqbs5oEgslkjvYrndn8CQcnHSul05zDBcWsxZwDvMaP4E+1cstxqEVx3S2HdRSMBuibLDPXI6j9qv6bpGtNqMhtbFoY8YkM7eGRP6aos0NC9WW809Y1hC98+1WjbBUeprZv+zdrqeyIArCQqu6g5X9WK5+81K00vUIrGMSNdKds1uoyI19S1dNr8d0kGl/y6d0nDbmfACFffNQHE67FcQ9qFaOaGz02ybYtqgLSP/wA2c0FxolzeLfx20WVAJ7teGUn1J4rs9M0yKV5DsSZ0bd3h5Zj9zyaPtCkkelGysjH85d8BH4Ea/qc1DcYNhf22m6nPJHKY5LC2jEwjbO6Rhjb6cVuaZNYtbtcQ3BaKRszBRwrelc92Z0RJ9I1CyliVpI7v8S4/PI3pXQy9mYrHUdNktpjHbTN3VxG5wmfWqrTCdfXt1Fm5kicmImPufpA61W090M7TbWeFTuwrcn2rShjnnDIFASOPYGQ+dXdG0SI2zQMgC7t4duD9uKwys5wviwt54km2CVCvhdQcirkltDd28ffKMoMIVHU0NnA2kSbWdltyuVIOce1XbaD8JYmZWEjeB1NUbstrKthp0Qk2C3UMy9WHQ1EsElvexsGBkU5ZQM8VrXmqyaYqwpaFlZuZJAcf3rRtoo5VE4hMLnwOAenvXkxy8K+TLubILK88QKq45U/q9K56aFZpGRrS5DRnOV867ALsupEkido9vhkXlWqm8c6yuIyZIwcHaOo+9CtmXaW0igtkPuGWRuSKlOjfPwlWYBH8g3SrE8rQNHGVERPALDlqGGZ7aM93ErQk43586Ld0DW9ppMSRSx7/AMqsTuJqtckXCLEf9HyBBzU8ulLdvvgZlkznaOcGr8enzzeK62NKF8KRnHP3pscmdHpzwwsISSmFG2TOKmt7GGzm2xRKZSMu2DtU1NHbXMiTNJK6yAgrGaIJePGrzbImc4EYPUVGUuSqJrW/uWhRioHR1BG6ik021tYsKiqx80HNDe3i2KmEIrynp3fGKhaWVkSW5ZcAZ7pKhNllaT+lxLmREVAN0fr0NZcNrFdX0kpWQOgxvJO1TRz3c8N2MpmMnIP5QKOG4FxCd8myNjkEcbqr39l9K8RxpEJNpkCM3mPKp5pYreEgFnQ/mesF7eRd7d2zAHO8k8ipxfCWA72LqOor2tl31x/U1tZRzXaRMdzbhK238q+lK8dJhJKFwmchfalHKLaAkcXNyNzkfkT0qv3jTtFAhyWO37j1qadYlUvVYWoLDBlOcf01xcRTvbkPwEmG32z1rsNdmy4IPh+hB6+9cdBHvF+oHIHeD71TZ1sEeiacGMMo4byrGuotiSDzHnWreT74YZx1YZrPuH2qVYZ3jINe1nZqrDyf4mdml1mxd1XM618zdr+zcls7l02g+1fat3p63kF2vG4rkV4J8QdDUXLQ43/tX1Xx+p4uRrtNGSr5cvrIQTtG3HixWJqOmmPOBjJyK9E7a6KbYySYwytXJX8ffQp+aUnaF9q+70+flV+bazRxy6dp8KbJb+90dWO5lbjdXp/wr1EzdpNSQL3ZlupImROhO7riuF+G9i+n6no0UoC7pAmB5n1rtvhFad78T9QtwwTu76XnPozf74rsUl81lrxji/R3sLYtb9mtNLgAiJQv3rYWWRpRuXADYOKp9iJDL2fg3JtIXnmtB5DDIx2ZQ8iuri89uQVwgI3gnHpR6TqE2nXcFxbSbJI23AnyP/48qISLKrALj0NV4nEEuGjBPrUr15D3/QNah7VaOl3FhZQNssfmHopEIryjsX2j/wDDuqq5JNpMMSr6V7C0YmjSWJg8TJvVx9JFcmY42Gdgxe9O/PSpmjy3K4oRGR1rwDSp9tPgUA0QAIwOtLApJw/FAvLHnSX6qfA3Uhwc0BYFNtFPSoFSpUqBYxSpUqBUqVKgNuKTeI0JJNOpwaBbMUwJB4o8mhwKBMpX3p/PNPk01AxINKltFKg5PaGGMYFNH9LCiaki5BIOAfKiBu8B6CgD4bgYowhHmKQQv1OKBt4Y5xg05Ko3IzSK5Gf8U3d95hsYx1FExGOErwDTYQ/TuNCVdW4HhpzmPrQIghelIOAMAc1MH7wccVCQQckc0BfMgjJXJpyqsvh5p0jDjGMU7Wm4Y3c0ASglhkYHqKJI2B4FWoISE2HkjzxVq30mWUjCk5OQuMnFBTEDOF3eHNWIbF268ftVLth2z7L/AA4sRddqNbttMXGVikOZX9ggyf8Aavmz4uf/ABCNA7JxtDoFvb26Hpf6jICx/wCWEc/3r2I5dD6qntYdKs3vdQuIbK0jGZZZ3CKv7nGP814n23/jL7Ddlo7iLQA3ameEYa5jbubMH/8AqNy3/pzX5wfFb+LbtV8Yr5o4TqPaNScIzsY7dF/5OF/xXATdke0/amNf/EmttaWhOV0+xJB/9TVdXFKD6c+Mf/xCrjXLma0ve0EtraD6NM7PP3OP+aT6/wCzV88N/Edrt60w7J9jxEZjhr263O7fc55qnpXw/wBJ0PC2lihk3YDsNzt/fOK7STT4uzVil3qWO8IzFap1J/q9Ksrj27HKXJ+KWuwC41HXbLRIpDvaWCIB9vplcmtf4adn5Ir2XXdU1m912aE93ai5ncRZ/UBnFclqmqXfbfXIrMue6kfa4BwFWvTikNlYQ2sCqkNuu1QSWFaK0B3cwnunmYq7Md24As2fueaibvJSxZVbyyx4/t1quC8jA7mDg52gY4/apUcpIcsBnzA3NXnT0LTGJuMA/wDLQd+vdMG2ufJB4Wqdpd8oDOxLLn6DxUb2u+TcxWRfR+Gr0Z2pBDasnCEjgNzx61w8xX+cqIiGZUYjP05rv71DJaFVTcRyN4rhLmMNr8rBdqJExwOlUZF9XB9udImFo99EN0M74c/oPpWFoMTSRxhuD7V6RdW66not1ZSjYcMpXPVvWuH7JQ7pxG4wyNg5ri631q7/AMdXlZ2dpaOqQRqOq8n0ruNOs1gtowx2n1rC0e2MlmJcYJOB9q6qNHh2Ruu5SuQK+PzW3fb4cfE8kjwXYmZMnbwwro7WQyxxzRLkDmQelYRulBSLHhHHPNa2mymC1bcMVjdStnX6VJFeKUeUICMYq6VdZ5I4mIeJvA/qK5zTJu7JJj8YOePOuphtpL22+aUrEkPVm6moJ9qpEcl4heQqr/UD61Tnso7V5WUM653Bl65q3qFqJrqNkYd2xyWFQtepAzqrY9PeiKpEXu7w95jvGGAMY5ppo5jDcQyq7XMfUrxxQxJPJcbg/LnJPpV2zuJF1DZI4e4UZTvD4XHpmjPaGdpuqP3sSS4kYoQUx4gas6VdRo06XDvEkowGXw4q1IRPdNIlukRbPIxkGqV3bPKrrOo2lvA6nOathVxb3Zq9WzuG0u4n3QT/AOnLjIFajaHfaB+GNSCwse8AQbgv3HWsF7FGsNOltZGZ1O2Qfo9637tJLjRv5gvefN2SguVOBJGOpOOtVHFoabMuniaSS4a6MZ/14xtct6MKk0XUbrtJdXFzJrQ0i3jl3rDMdxUL9QP3qW30yC4gS6028V4plVwJTnePQ1BbWcFvqslsIkjdZNxV0yHHsfP96rtK1p3Ihv7iYKySWMjjuryP/wA2T0b2rubYRahpjB5C0ap3TKR4y3p7VistjqVlJHHElvOuGESDCg+oA4qzpUkcUyP+Ibx0w4JOwGqNwOmI2nWpEgMBMrCPP5V/L9/3rYi0957OZmVJXIw+wZcCpJokvo8sA86Ngp6H1q/ZrdW2CiJbBjt3Hq3vVc24jk9A0WXS729tDOslqPxA+RuMnpmtr+Vi6FuCxcJ+KwJ/6VJfWS6bEYEtllkc5L7uc02i6fLeanOksrR3Bi2gj6cVRaw24lS2tDOd5tS4USJ1+9X7a3keYlmZoD4lAPQ1GmnxW2iussjhIWCNtOVPvVmGFrruijlQeZAOAF9apshydFNDDGywMGePhtxHnVhrKGJUMaoAPXyNVLe2m/lximfvJP8Ay3H5hVCxnuVguIZbVzIDkgk8VRvCjdvXMk12Fi2b2xkA8jNBa2swm/4mAKcY8L0NhJeCzWaMRyIvhznkf81W1ue/ZGliG89WVvCKnvCBSTBSII89MbN3AqBrLZCVjMnhOcjzqS/srbxPEximfozHKmoxdSRWyxQ3CNOBg7682RhTvb8C3735UzyDqpGNv96GznWSyybVN6tuKZyp/tU6t8zKIrpQz4xhSetSXd3FZxGNLXLAYMcYwKqWxMqsVyneMIkFpv8Aqk3cCpfnIPmI0iRrl/VDnFULm2kmiSRbUEnpE7Y20Ygt9GkJjO67xucr0X2ot4p7+VkvGZVAmPQFuCKxbrWJ7kzMuxnDcbRmp9bulezCMqm8c5bYfoX0rFgeVFEUC8AZJz51C8tOLH/9kl7OVukkl8SH6yOSa0I5llkRsoFIxgjoKy9hnu41d84GCFHGaO5lWacW6xs8zea8Yqjdu4rV5coy9z3i9dpAPlQxyx90EC7Y2+jcKqxaQsdx3jybGX61POTV6HYtwxlUsNua92l7aNug6pIWCRxE8nB288VTtYY47nuiNqgbnb19qt/No5buk3MpyBUcUbRxSCXarSNz704lRzSq1rLKAFyMAVTtl2xfMu+ySTwhcfSv6qtGJr5+7RWSFfqbFVNUbZG6ofARgH2qdk6efDH1OX5mRu7OR9C+3vWBpq7ry+XOMrszW5dQ7UBJ2EjAxWHaAJPdMP14/eqHYr4r4QTER2UIb8ngIqnessscbKfChwftWrqGHnlhEec+IH3rFkfuYWTwuHb+1SXVY5uwL0xA8v4R/VXmXbGwKay6MvA616Rf2Ie5E8Z2upyV/Sa5Ht7EPnYrhOUlGGHvXQ00zFvCGWvq+fviZoQRnKjwOM/vXk1zbfKP3pGUXkH0r6J+IVmracpJzjgivBdat5ZJ44kUFnfAQeYr7r47LNvV8P8AI4+Ps7D4bpFd9p9Cfxz97OI2jzg89D+1df8ADdkh+LevbBtH8wlVVHs5A/3NUfhPovyPb7SLbuxM4ICZbkuerVu/BbTmvvjfqsLqe9XVZyRjOAJGz/sK+0o/OdR+T9G+y0TWWixISJN0IcMP+XOKuPfYVYnQEetBp7h7FnjUFNo4WoXUTQjJ2keTeddXC4lk8dxEgYZOPKgmkP1bcr+qoVbukyV5o8fhZDftWgTwXJzhvDXa6B221PRNNKwJHdwodwt5T+X1z1/auG2gNyVH71qaTcJb3ahm3D0I4rJkxxI9O0b4paFrJWO536fckYKS8gH79K62GCO8iEtvIlxH6xNuFfNva3Sm0aVNQtyZNPn4ZfKNqLRO1V7pG2WzupIP6Vbj+3SsVscovouW3KnAHPpUDLt6iuB0L4zybVi1S2WdG/8AMi8LD9q7fSu1Oi9oFAtrtFl/+nKdpquYmqSRgRSX1q9LZ7RypA/UOarNEI2wc14I880qTAiiwKBUqHJoqBUqYHK8UQGTQNSpUqB8cU1JWzSoFT5xTUqA15pflzSQEdaIgEcUAjlc0qZT5eVPQKlTgZpUHJuhKrg0JRiu4f2pySnU5UUaEhqIAIJXimjJdumKMhgcBeKcnnA60TAz7TnGaRfaxI6Gi289aYxAjAHFAMbc48qkUuW8QzSWJfIGrEVuJjwSKCsqbalI7xuOlaMWlCcDDEnOeDnI9hjNVO1Wv9nPhzpD6p2o1qx0OxRdzS30yx8eoB5P7CgKKzYsvU5rSTSSwLnEYUZZycKv3z/3r5E+Jf8A8Svsfooez+HWhXfbS+ztW8dDDar7nPJ/avlD4kfHn41/G/vTr3ap+zujv4V0zScxJj3xgn9zVkUtZF+h/wAWf4svhb8FO9t9V12LUtUjGGsLBg7Kf6mzhf8ANfHnxV/+Jj2u7ZI9j8Ouzz2Vm7bBdoAxb33sMD+1fNul/DHSbGRJ7qOTU7kHO+6Yt/jOK6kdzHEsYhUCMYAAxg1ppg37HJa9rvxK+IN9LPrWsJp5dt0zwhpJm+7MTk+1Q6f8K9KiIlvWl1Cc9Zbw72/t0/xXYZXeuxd3t5f2q2yLbIMkE/5rRXDWoyIo7XR17qCJEC9BtyP8Vn311LPJ3almLdU3dat3UjTTnaFTIxtX1rS7Mdnxqep4GFVRl5CPpqW0PFnRtNj0bTpNXvBmJDhd3Vj615X2y7TXOsXs0pdlXoOa7f4ndp0eWOxtiVtIBsRc8k+teS3WZW25JLNioyQ7L4c6csIm1GUq2R3ad4Dx7120kyJ4lkI5zhVrD7OW/wAvpsEJZiAvKYrTkysrEq5XyAbFTqJHlaWRQ0ZViMZLYqeEmJdu9s+sY5qmqYcDwxk9C3iqxG4+qUMP+QYryYE8kgV94eY8YNAs6d2zFg7DzbiolZWjfmTOc49qeHazbN6ybvJl21EBOCImXJEu7ADHwn964i4Zk1u82KwjWDLBh15xXfywnuJQvgcnID+Jf/Sa4+6iP/iWywwBliKHPPnms94XVcxJdC1AIIeOTKsD9SVymjKp1m7KjAEm2uu7V6ZNbRmcbXBk+qMVyHZhGk1i6Xr+KzH71xPkP+t9P8V+b1SxsVt7e3jDlQwz+9dPPFsihbPjVM49axZ59ljZS7d0YGM461sak+LHTXVh412NXxGSfL76tfVREbJc7ZCNoGQPWtCW8Z7c4yRtzT3VsLuNWGBNFwT6isjT5gXeIuWUeEGqU4dr2evUe4BJ3HZgE+tdbp958xHKrIe6IwU8s1wemXlpsCocSoPpHma6jTEla2jZGJJb8TnpVc+rTTy15tOFm24OXt9vjH5lFYms6dcqiG3XIU5RhzuFb2mWNzfXM8YObdkA3MfX/tVSZrvQ5XtLgbo4W2BiPq96RKVqsGzecsoTmcDDxn1otUdoRbzPIFnEi7VrTutMeWcTWr5kA7wAf7VD8nDriRXbA7UcAcedSUWgrG4NxNc27IBIgyW/KTWTBcz3OmyxMxWMHKueSvtxVcGfStVnmPeNADhgOcir2lQW8rzLbzlVklyquMBvtXvJXxalnfyxaYIp8IVHLr+n1rsNFurR7WKa0vFuY2BjlAP4bA9Rz0/euSRvkbru5lE0KjAfFaFlZaXe2Nw1q5sZGOZYQSFJ+1VnFfVf/C148U8UsmkyqO5uof8Ays9OB1xXaaVJadzETMbgvHmKUjP7ZrH0PUdLTSo7Oclp1UhI3kyCD5rmo9BUdn7pZDE8+jTHORyYT7+lRs94us0I28UEYut6XcL4WRRuQr74rcMN13zEQB7fGdy9aw7HU1huriPTBFcwOm8RgjB9xWzZ9prSSz3yTi3kb8PYQeG9KzScWhp9zDM5nj/BnQY3OfCa13zPIryPmFRgn1rmbsEoi741hHVWbGa0rW8i1CMRwxvKuMgxt19qot5ecWnA0d9OEQCQuWIwOgq/YW8NldrckE5O1vcVmWRnju0KW/czOmFjzyDWtHIPmFglbYMZc+hqtXY6xyzW12yllTjMeOCK1dIENtbmGaVVMvQentmobeBlvEUSd7FKgGenNWotI76cRSwnbu3IVPU1FU2rG3S07sGQtGRhyecfagvLZRIsySSspGCU6r/3quks7TKFAAX8rL1q5HdzWd0jTPHGh6gDw1TsoBNp4a176CbYN3iycZPuKkjtJe7YlkPhyYwOtXbtVkx+GGQnJ2/TmlOkNoqHlSRgbzRFUhuYo5FicxhH+lcjIqC+uIrMs/dqz+2Bn+9TbLOCET3JjMg+lwBhazri4tpZt11biZ85j7vJBFeTKzZVstYWNi7jEpbwxKuWb9+lXJtRk1GOYQ2zw7Blpm6VBeR6fPtc3TRhfElvAu0j2LVHZ6hJcF0dhDZoMJGTy/71S0VryR22oJbRbgztI4w00q8A/atBI47azy+ZZpDksRzWLLdRtdMy+OJDmFC3D0UmuztG0mzwAY69TXu7T9Ujn0+F0lcYTnc0jf7VStrnuY3WOMOMYLnyp5pJrhY45RshJ3AfqPvTXSx9yyg7ZM4VV86qs0Urt2qQ3KgkwKeTkVZtFkjZpZVKvnGQOagthLbS5kRQAMLjzNHbXtxNHPJcINiN1XzqmsNFp26XLi3L2jOzb5mOdq+VVohNJEgjXhhgkmpV1NPlZFEbLkYDedSQN3aB3Pd7Rlvb2q1VvKOK1EdysRZcIu9in+1BGjzXAUBXIOSxP001lll73YVydqD196liPylrMw+tvCDUklmWZobV0jxz9RHnWDqIWFIwTukby9Kmik7pZUfc5YYBz51QnfvpvEeE+o+tQtK/FSYnyq3fjYN1x0Fc/A4T5jyLS5xW8X3d658IT1rmX3GcHrk5I96qdfG19Sk/GRioG5f71g30SKrhSCC3pWzrUDyR2LqcBV6Vi3ZDo6u2193UVNOjJug4mRVAbd1PrXEdt4+/tkIQqwbrXcXYdJYhnGf8Vx3bGVjb3Cg5EPiAx1rbpjJ+LyntxN39i/hxkZFeMNqsel6m6tAhmJyrufpNe2duZYksASvlkBfMV88m1bWu0zwoGmGcYTkmvu/h6TNvL4X5zJwx+HsHwc1EXPxC7P3f4Qme4SFQ5AXPrXT/AMMaSXnxk7S3qhyj6ncASEZxukarPwX+GGkWOtWeoa7draTWaNc29lEdzjYjHvHx9IyPOtf+DrRZJ9X76SQpPdXUk6tjwjx5z/k19zWr8tyX5WfeWlwfLWPdyDDYwVFRzr4gwUMg6Zp1lMCAOAQTklTmopSxfLNxXSxuejMUsCbtuY/WpYiDEW9PKpjKZYCGHh9arcQoSTkHpV4GIh8k+VS96jYHQVAPqAHn1qWVdjDPOaDo9L1KG8t3s7hBNC67WVvT/wDHnXHdo+zMnZ65EltIZLOR8RyN+X+mtaOXu5BgYzWpcp/NNMns5TzImEP6TVX1oOLgWYYeQYU+fWrkFw0LBsnPr5/3rPs766tO8tpITOsbMpKjdjHTJA8+ta0UUV1CpgyHb8jeVeWxRL11XZ/4mato21e/+bg/RKc/5616Lo3xK0fXNkdyxsLj+sZVq8MktZIQCVZT/VRd6NpOcMfSsd8Ww+lxbJKnexsJIf1qdw/xURt8eeK8E0DtjqWgy77W5dVXrGxyp/Y16Z2e+LdhqKrFq0JtJT0mi5Q/t1rNNLVHVNGRQtkVfgS3vYO+tplni/WhyP8AFVpIGU9KikiHhHFPnFOy4ocH3oFSpUqAVAzUmBQgYokOVyaBYFMRg0VLGaBbjtpxIB5U2KVAmGM4pLzSPNJfpzQHtxSp99Kg5MoSMcY+9OyFTwtIxErkE59Kkt4mY85NBH3hLbcc+tIR4O4cmtGLTlc5Oc+xq0dIFpbvcTutvDGN7TXB2IB6ksRx+9Bjx2xkLHbjHlU62Ljz/tXlPxG/jM+CvwsMsN72vh17Vo27v+VdnlN5Ozf+nw/5rwXtr/8AEQ7Y68gh+H3YW27P2j+Aan2jk72cn1WFcD+9SitrfofcC6aLe1+YuGS1gUZaa4OxFHqWOBXjXxK/jG+FfwtaS1TU5e1usD/9X9n4+/2/80n0r/mvhTtn8Re2/wASS7dsO2F/qzTNn5Hf8vbA/pWJMZH/ADZrDg061soY44dkWPyoMVdXDKL3P4hfx1/Ezt089n2Q0q17C6a4x81Mfmb3/IKp/Y18569oF12v1P8AmXavWdR7S6gzbmfUp2kAPsCcD7ACtdrl4yAjYUdCPL7elU7m4cnnmtNcUR3AaLT7XT4sRIESMYVQOP2pTrGsAJPXn1qnNNM7kDJ9DVxIQUQE5AGTkVdWuzxAsq7NwLYHkRmhSNnJIO0k5PFSGFI8L5fembOM4wvrVgJmEAUgDI6e9Y11O7yFoz/c9Ks3UgAyuSD9XtWO7tczqiEKq+VBe0yMXE6x9MN4i1d1qc8fZns9IEws8wwcDnFZfYbRY3la4nbvIofGw/6e9ZnxC1xrqRslVHkBUJHmXaG5765Z25J83rFitlku4lBY85qzfsZiwxvPuaHSAWvwRyQMc1BOr0GwuDDbKe7bGMYqaO4DuS6FVHQsayYZ3Rdqo7bfPd1q5HEXTIMec87j5Vag0VmEpUKyj02eVWDsEZUiQ+5fH+1VLabxk7FIP6VrQjjKRE90jg/regjigTaG7qQMRghWzVmMJMjK29mXpvWgQ92QwjJJ6BWq4kjBWWSbYSMbHXDZqpM8cRS2Y4ETL6nK/tXGX52dsNNXuiwcsFBGedufKu1ks0+XiYStknJI4XFcxq9i69pdJmt5Ns8YeRFA6nbVVk6qrNaxyX9teosau+NpHBP/AErk4ewkmg6vfXsbiaykk8Demelb8t+0cs5v4AZZpWMispG3/loZdVM9tJbxNvgYBgG8iOlcrWYovjs7Xx+acearTtx3+l24C7hCMkVtFY7jRbaRVwRIv7Vm9l0yRayHPeoRn79K3bSOWJLyzMeWiwyrjrX55l9bP0zF7VR3EXybMy+IAYk9q56G1+XuBcICyk5I966fVp0k0+R1XbJtUt71hWNwHh2uhwvl61GJhZsu9nhE124cfjxtwB512tlIYbnKkgKc4riyoS7jurVPpOeK7bTZFmZpegZMbsedUZGjG3kuZRAwh4Vc9PeiVzNa3C6gxdpF+oeRqjp12JpJ4twVWGBn1ragg+agSKde7mHKeh9qrrZo4sWyEsVqNi5cjANBLqkWizomxWtrvxtgfQ3rVia3ks7qKIZCscpnzqlq8BN08hUExDJXHBqe6q1WBf6tPaXt3G8ayI7eHI60L6hHmOD5cg/VlB0+3pWjrtnBelJIFKq672Lfk9qy7d7prtGQKIwMHjxYqdZhXxbOmybraSMqZFH5j60ybLMSo0uZCd6FfMelWtMjEtvvRWiYnJVhUGrWcbStcxOcAYK4+k+teKxwC1LQd+pMROd44Mf2r0PslKsdxOjmWe3dchyPB/avNnulNtbyQwv3reGUN9IPrXR9m9YutKEZnkU25OAQPCRUbDto7KTs/fy3FpGgtJTuZXX/AEj7Y/2qburXUkklWZFukfJBbwsazbjUbizktzDMktpKcsjv0H+9DoVrY6jrChZu6UN4SBw1V7DtWtrO8tIxdRvsxuDqMr9uK0tHiVHt0Vk+XU7laHwkmsgabqCpLZwSBDGweJc9R6GtfTe+kCvLbKHjGHQHGDWe0INyFnBafYZCv0E9RUtpNJd3ShYGLMMZcgKP3qnbypLOBFIyyMMKo+gmtOG4VZIothcP+YA8VmsharRgu0jmVXVw6twoHlV611+wkyjO6ShsBMc1WWPbdKT/AKhGD7GtSXTbe4VtkI73Gd2MHNQZ5TWt5Hd3vdNKQB9Ixgn+9XpdChLeKWaRgcgEeX2rLuoprKG3eSNbgj8yjkVLBf3F8DJuMUy+BlLdfeoTMVVWrv0vpBZhlga6kjj9PKpr+GG5tj3TL3kXQz9DWbqE8M8JWZWFwPpaHnNUtPFxcH6JpZvISjCCocp/iNaRPcpbLuJTJBertjIwDESVz+9UrjWIra4aGG3ZETwKFBYn3qaTT5xeqGnR2Q7pI48AVNqOqmzQoflskY3RYz/eqmqK7dMJ7h7op3ypFuOVhkbBP3qreSxSyrFdSGFVbZHGvCP70VzGHkZ54e/uS3DrwqCpp4bTUY/HuCoMBBgsx/6VBuisR0KW3gQqsckZJGCUGdpopWjSaGONGmwckKKj0+3WzhaYtGq5yN31f2qI97NOs0kjQjGB3Y+o0S8ptWlhsDGwkZpScFSPpNUraykZleSXYfrJxj9ualmeOCUBozOxG5S3k1XWi+cRI5YzknJai+vivkUKuQ4CI7Y3ZLedVJJmQMjqCGOfBWiGgRiY0G0cH3qujiVtqBeOhIorRiKOcCRE2IPq3HpQHuJUPezZiB3Afmc1PCJGV0XbK2MBfU0FtpkNqzvMwkKrnINE1mOUC0eZ0KInhQ461mXV0rKFV/ApzuPmaluNXWWMW6EMud2B61l3kDyiJNpAByfYV5ZZjry7RC8ZXbneqtwaGRRKkipyxGc1EJI4025JXOWp+8eKMOFG2QY+1Zt26tVKcGbbHvwrHJOPKsIlUvpNviUfSK6CcLHYsScO7bEHmfesSRWW7LbPBEMfc1ZDXjlqSzGe0UlNpjXiuXuEMhdm8IIzj3ro4bgzQR54TbWVLArKTngjGat2WV9XP3q96XYHGNuK5LtTGragLeJtxdMFq6ucqqzDPCnFcn2qurfT90hybnOdvtW3BUyT6vC/ijPMsvydoCZn/CRS3+an+HXYGDs7p8c4tZr26m8T3iEYVv04pa13c/aSW6EltJzu2OeF9s1qWmqulk8TWs6gIZjc2ZyuPXA5r9S+L0/HFWdvL8l+c1XPJw3dx8K72Ox+FfxS1JY7VmGjz99cSgm4BzsAGf8Am6Cuv/g77MMvZzTdS8Zd5HUjB2rHjP8A92a5P4eLNqf8IXxHv4bWCabd3NzIMiaOF5YyhYe5r1n+E28SPsHp3y87xwvncrjKmQcHaa+lrV8Lez6LmG62/DUDHUelZl0TsG0MT5bR1rWli7nZs8O4Z8XlUPd4UtuG4nIX2rdVnUjmMEsck+VKQl4wuzpUkyHvWPUUEI3N4yVqwRwKQcHk1ZlTJAzkioiDHOp4INS42lm6+lAagSsmDlh1FalmQG8X5f8ANYm8J5mtSxk2xqwbnyJr0fOf8QPZDt72X+Jx7U/D/tlJpbapCry6RfRd9ZySIChwOq5BBwMVk9nf4uL7sjPHp/xh7F3ehS/QO0WhKZ7Fz+pwOVWvb/jNbpe9n7C8c/iW1wMcc4IAP+QK8XkvjKRCwWeJx3csTDchHoQeDT8kHvvZHtX2e+Imixaj2W7RWPaC2bktbTLIR7FRyP3FXpLIJIQy7WBycen2NfHGo/BHs9daqdZ7LXt98PtcQ7kvNDkMayt/XEDium0n49/Fz4RBE7adnrX4jdnk66voi9xfxr6shG0/sKhNdx9MPbGEYIynrQd2c5HB9fOua+G3x0+H3xph3dmO0EIv9vj0m/YQXcTfpMbcn9q7aaweIAKhDg4OTwffGAaqmu/YLQu0mpdn5A9nctGo6qDx/Y8V6j2d+LNnqO2LVY/lpT0mj5Q/t1ryJ7Zl3ZXH2qLu5Ijnz9fOs1sET09fS8cdveQd9ayrPF+tDkf4qu8RWvBdD7UajoEqPaXDxDzU9P7dK9O7P/FezvlWLVohbSnpNFyh/brWecU1SdT3Z+1BWjHHBfQCa3lSaJvzxnIH9qpvA0TYIz71UIqdeOKSoT14p9pFA9KlSoFSpUqBUugxSpUCpUqVBTubaHTLR7y+ngsLWMbpLi5kCIo/VubAxXgPxF/jz+DXw7llstN1a47ea5Hkfy3sxAbnDejS/Qv+a+K+0PZHtP8AFC+bUviV251rtXMfD8jNcGGxH9IjXAI+4rU0bs1pXZS1EGlWVvYxDosEYT/atVdPM9o8nqPaL+P34tdq53t+xnw90jsZatyl12glNzdAevdL4a8V7ZJ25+K8j3HxA7e65raSHvDp0M/ydio/SsaYBHswNbtzqCRR5XDFTxxy1Y9xezOpVjvUtg586vrh27gZeldl+z/ZqLu9N022twowHSMbmPrk80dxE9yWDglfIHzqZpIyd7uGXOQq1mX10Q52E7D5Zq+KbdIbrMtzHDGFG3BXacdDWTNK27P5fSnZ+SnkDkVWlbMm3P71PikE3DhhgdelRyysW2nlvWmbPHmR0oiHc5BANSBL3iquOD6VdVmQKNxJxg81UVSzht+MdamBdGyTkUBTxDYHA3c5X3FZ93dONy58Q/LV2eYhTk54xWJfb2LFMg0Fa7mG1F3ncOq560tKs5by+VEGCfqOKZbaSeRMpwtdd2V07uZRKVLE+deWG/cIukdnktY2Clzl2HU15R2ouluLjwtnHrXe9qrssGAzhPL1ryrWnDzu3i56rVY52bL3ZUHctT2Z7m+OF3YXJHSo+e9bK+H1quLgjVHcjAC+IetHrr4OUi5ON2CMiteGIJlQFUYxz4iaw7QhtrFVCnnGa6CxikEJkXARuhjGSf8AtU3i7GC8YfGVIxt3beauRKsgWMogJXOGasiVFZcMCCpz+I3WrsQldUWPuHJ458qItRUEccYZFK+qnmpkeK6YHMm8HP4o/wCtZrTzJJEJYo9g6tEc1uWiqVURvyf181RaJWp4G/C7pkUxqMAgEr/isHULKFe12hwXErwxTGVFYHlGK8HPSuq+VRMLDK0R2+PBBAP2Fcz2sjZda0QmMbu/EXdvyCxGAeKrsnVzWsRPHqWp28waaNJCgaQeJfcVyFpJNb3zFV2qBgo/nXrup6bbajreoWpl7ueJ8An89eddurL+VXUKqjplvqccMfY1ky15Va8NuN+Tc0B99/CG8J45Ht0r0W5gEepKzDazxYGPWvMezNyJZbV8c5w1em6nd4traQcqpxu8wK/NNXHHLar9V0VuWKsuZ1OFpY2xwvR/es9VChGVc4OW9hV7VhMmkXQiH4pOVB9Kg0sk2sYK5bZhifM1lq6FluykUhYwFCt5fmrrtMiMtq3cgHu/81xtqyuse0qpDcMeuK66CYWtmu07SfqKn6qryLMYDahxu7wxyMcoo8jWvDPcXtqYZZtjMd0Z891Rl4jEpZMOwzG3qayZ7O5SclQxG3eBn/FUNbd1JrhIEdiZpoGwX/Lj1qGXvL+2kkUbiowXX0rThxNZ2UsTK6Tr3M0RPQ+tMYE0WaKCIOxmUhk8gPWraocVCz0j5jRZ45H3THpisT5b+WWgifmUtgyDoP3rfn0qVb3fbXJjhYbdp8n9KpXFvLNbuyhWYtgg+TelTJqwIe0hW8lsy+wAZDt5+1XdQv5YpY2YZglGx2Xy9653VbKZpm2x5ZDuK48Wa05poZ7KMozQzINoWTo1eqdoX5rS6gjKwSrMH+kk8Grlhe38drKgWLYoy6SDOD7YrPsGnurAgDJAyhH5aPSdQ7+doZvwJ1GM5OJKWQ4uk0nXbW/Y9/bmPAwccrXT2jWkkmGYJCp2h08LA+tcAqNa5JOAxzx0rSDi4jSRLgIMYdH5waqtEo8XqVpr19aoI78LLYA4TUYR+JGfWQDg/tXSaRqyh5lniWWRjkNCwYMv6q4DT9RWfTZPlpt8UYwwPnXQtptp3VjqFlLNazhNjohGxx/0/aqXnCXby6ShQGGdlRTkGPzq4nzmlalABJHKX6A9BXOaXqM1vL3SPvMgwVYdD61sXsFzPDHJ3chZf/MQ8VltEvNtu3WwRyXccpwInZuC1Tw27wzI9xcOuWwe654rnItRktrbunfvVQ5wfqNdBP2sjYRmKFFG3oR0NU779seSu/ToLbTCQJ4pe/iPVKiuNPTvWZotvGMrWa3aK6YQzW9qUb82OFqHUtQe6ZJZmlh3dWj+kVG1oU1pbk2YLqPTlYRwRbfN5j1qOXV2vgUSMRgjJZXrmxrEYQJOjzIPMqaFbi3uFWS23dMOB4cf3qPOGiMO6a/ktLiaMSTT7yMN8sMZqhNLZxzII9wX6cOPED61ItyrXaRZMSH87CpGihvDNveCA4xuLHk1Q21x8Qww25mKTXm/b5HoacwW8V00neDxHO1BWXc3EEP4CR7yn1SirlpbJBbictmMfqPNFvCe0OoXHdlBJCGQnPhbxYqzfa1A0EaWyhnU5wRn/aqd7qcVzeA2tsJWAx4vL+1SXE2FRY4FgYjDsBz/AOn1qFVvEUmL5sGQJIPqx5U6XjxsIgD3adWbzqB3jjKpHEVGMNK3UmtNe5C57ohF6k85qaMiWWO5i/BRlC+TedV2tDkeIklsFEqzBcM0uEgPsp8qsQW8pd5BtXZzk8Zoom3FFatHpHeKw7yWTxv/AEe1Z00YLTCJmMRGGLcYq60QhhleQE7zneazJ2SeBijMo9M0W0ibeUcCw2n4kGJT71Ue9kuXdE6Zw/sKldEtIw0b5Y9FrOl3xo5A2nOaq3b6UTExmMN4VyMEVTidzLIzD8NPp3GpIJSYN2FLbsYoin4qBzyOpqnaWgpEyFduqr51izESXLkHBznHrWtdSd5My7fD/wBKywC+ppkYUelW1XVWJIwhjfG1dv0jyrGvV+UjGPGxOMZrdkB73JGQRg1z2z5u6mLvhI24FWx5R5MDUX+VsZJ5jy7biFFeRdvdezdMTKBFtbw/mFeq9r74yTRWqYC7W6fmFfOfbt7rVdRNraQMEZiktwBuK13fj8E5r1qyazNGLFymXB6h2gkubp1iW3Kq+QpOC3713vZTsV2nj0hNQnZ9Ft5Ms91KcR7T0AHJrU0Psn2a0iW0075iz1N3wJ/ml7sq/pursNT1G3stM1fTM3mnKsQW3Wd98bALkeIdK/WtNj4Y+L8W1mXnltaW92EA0z+EH4hSxsBJcy/LSBDhpYjKgDH/ANQIr0P+FK1k0jsDpCTwmJ+8kfuyOO7PRh6Vx8KIP4Ou0cfcQQxG5giS5hO4lDIDlvTxEivUfgMZpux2m7HR4ILdYsMPEDjNdDG4F3vAKzKQR4ivBNU/l0xjLEqMZWo0u2ijVmG7jAplmcxsxJCt5LW2qCAxhWYA7l/VQK53dBTqWckEbSelRRoWOfEoqQmFukjLyRU3dhRjBK0SmPav6vWnjJwwJyKCJlRxnOPbFNBKQsapg496lMKuCehp0iC4xgHzNBkfEWD534e6yyrloou+QejBsk/2rwa0tHvLPMKhEi8ckjcD7Zr6XuLJNU0y8sXwI7qGSLP3GB/ivmjS3+W+as5mZY0dkZT+oNg17VBVkcwp4l7sAZWJRkk/ar2kdpHNyEVwCp2u5NZOuzTkORneem09F9c1zMF8BMAVYRg7lIONxqQ3O3fwF7JfEj/8rRpJoWuRncmsaZ+BOG9SRjP71n6T8Tvjb8BVWPWIV+KnZKIYEpPd6hCnqT+au47J6l3ygTbpZWOdjcgV1Es/dzYidmkb8zcoKj30NX4U/wATvw6+LsqWOnasuj9oCPHomtf8Nch/0hW+r9jXpMsbRqTJGYyODngD3zjn9q+XfiF8GeyXxCLnU9K2Sou5dUtz3dxHJ/QwINctoj/HD4QMidlu1cXbXRIhlNL7SKWlCeizDk/evOI+wpLeNvqJ/amMAiVWRtx/zXg/Yn+Njspqdymk/ELRbz4a61wvfXgMlg59e+A4/evoGwktNbs4rzS7y31W0k5SeykEsZHrlc4/eqrVTXtA7SX+gzB7K4KAfVET4T+1eodn/iTZaqqw6kvyc56P+U149JbNCc4wV/zUkEzAYcf3rFfF/B9CyQLLH3sREkfk6ng1B3TZ9K8l0HtffaLKohl7yPzik5H+a9F0XtnYa3tjlYWtz+lj4f71lmOPY0mjIoavyQDbkdD9J65qo0JWvBHSomjIpttA1FgUNS4FBFg0qOlQflvPrwEKiJCp6HArKm1TveFY++7jFZhuyi+Elqqtdnxbkz6V3UF6e574l88eQqnLcGTw5Yp1wtQyTswGwdKqySSM3AwvtxQG05yR6dCKiVyTkmh7/OV20RUr0xQVpZCMbRn1qDDOy89asSgnOfOmVMY2+KvQOdnSn2nKjaOfOjQKnBXmkqFgB0rwBtbJGODUhUbsDJX0zT42nkZb0pbty4xg0EUpHd5YYqjLuwxG3HpV9zwR5UPcfm4PqMUEOn25kbEmQW/LXX2EXcRBVO1R1NZumW6low6gEVqz7bdGdQaiOU7SNw43HI6HNeZas5Erc5Fd12juWeKQAc+tcBeqzMcNnPrXiahl5JQQMZ61QvD3WrRK4yrJ4vc1fU4dR51U1oBLu3bqPX3qKDp9IZZQowFP9Rro4piloAhbJXOErB7PRAxK7ADw5yea2nZFKkZXjHPFTRkSO7bSVQj1c1s2GHGB3RZlyD0xWJFEDJuYKh8t1bVhI5AbdCoHBG2g0lse5jVmjVtxx4W6Vet7ZS+9Q6J/VVfK9yqEITnJKmrllGTcKpkIG3JDV5ZbVs2UFo1izudkgbqnn+1c32vgMWsdmpcGJRfR5kJzXU2ttHJdIWCqo6bcYzWP8Sl+TttElVg8cd/CDggfmxWe1U2ZqWnySdptYktgzSxyb1BHLDbnFYeq357QaVNp9zAj7Ruj45RvUHrXfa/EsHbS7kjE0BbxOpXIBxjisPU7aOzuWlWBQHGTg4rNZfWYeZ6Fcm0uMMQGjblT5V6vp4Gr6TcMpJ4UhfevMNbWJO0EUseArDL8eddz2OupILGfYC5RgCfUV+ffKY+OTd+nfF35YarUtpJCZ7Zj3m1fACPqFUpbeREUhAPF1FdVqFiWEOpKmIpkx16Vz92ji3UZDDdXC5O7Psoy2KbFU5Xny9K29DhjVJYtzPuGQrVnS5jnEed7bVwTW7BBGyJLlorkYwo8xXlpWUXjLBPZJ3zESRnC48xTvcCWOGOVxEsfU5qKa3WyugeZIJfzehotVa21CxkSI7ZSuRxVTYiXSzbXkPdXblSc7R0Fa2hNPHqE0cpMqq+d7ckiuX0fVVnzBeK8DIe7Zx5+9dFZ6a0e25t7jv0bdnBr3kls15NNnN1LESDG/ijY+dZk1kyyyrDKSxOSccE10M0EmpwRzRPkrFjaPWorbS5r/Tu7A7mQNguRzXvNP696uPaCCZiLlzDcbsKdtZWr6FdbGi2bkJyrjmul7U6VPDcBZmwUXer9N3tWLHd3EFvCHJZGOQ+7lRXvLdmmnFP2Q74W9xA0eXiTBVhjdWyvZ2LUTIsDbTjchcYK+2ap2F0bskpsiuI+MDjdWtpzxvLJ8xIYGJyMedLWRrVRvNJntYFWRHSNBgswz/tUVj2dNxZ7Rcq0o8Yx5+1dHay3c6SiFRMnnuPWrMOmC0kCIgeOTqQMbTVdrJcFbsvOunyLa3EOBMMFvIGt7QtexBLBLGe6hk2k+nvWJqejXFu2VkyrDOfMGquk3At1EFw4aUt4yhPiqq1ji9Z7PuLqV5ElBbGBvPlXRwT3VvGdkgcJ9UeeDXmXZ68WHUAkNyrxsvgB6122l3rWy3C3Yzn6SKotZVbG6+z1KO62q9vGrfqYYq338VpbSSvarLnrtOdtc2t0jTIzcRHoaOe/MExSzyyN+sVRa0M/0y6OLUUv1AVZAg8o/wDtRQ/iP3a94EP1M3QftWda3TieKRkaJSuWC8VfuZYtUkiKO0P9A/NVf5KpiaguLkRzlI5QZFGW3DiopZIZ7VfxREcYLEedPdRTS2zyRRqskQxtbnNVoIg0Qe5t3QscqGxzUJif4uqHUULonexudoz3g43UNtDamzUtGwlByC5+qiu7me4AGGkQ8bSOlHcQzppsQKxsn0nbyai0KWoyQ7FZnVX/AERmrVuln/LWdy6g/Sjcsf2qpAscD7RbByozvIo2i2stwGWIsMbQehqvnK3b12BHbTd2WgeO13dQ3DGiFlPbXAkNxHLjopbOKrfPrKS1wAwDYD5GaltZIU3sFMspfapHkPXFKpTvXuFwKyKWmkXJOQKMXctxIiICUPU4qH5ZZ5FDFmI81FbNhafyuJJpYzs9Wq2I5KL2rVLb2s+zczhF/N+qrnhit8thUPm9UJLwX1w7LhIs5PuKp6ldPdYHKRD6Q3lXvqy8bXt5VdUunmLouBboMbs9ayD+KkhjJjQdGbzrXntlaNiGJX1rLju1nf5fCqqdc+VUWs6eKinDKBIImJfaufDUbym6aRm/ZVqWRoraVjC/eFhgnHSgcBoCyfh46k8Gqt5bapopUg09wUCsDkeearhmEYLcsxzn0FTLIrFN6kALnmimAYqAfqXn2qSSB5lSN/NsYHFVbECFHZxuKtgMasTbUZVx55zUVzIsMEUat0OTUqvOR7t3ChlIbC5IrnIm+WtLmR/Cz7jWrcz5dQnRkwfvWBrdyLXTzyCxbB9q1YqI7S8+7U6kbT5mZm5SNtrHyr5wXtm0uvagkU00ULPkyIM5P2r1X4u66yaJemJgpddqetfO9jNc6VqGYw6oxydy5z/avv8A4LSbRzl8Z/yHV8a/XD0aXtIkjxNLFb6ghk5DeGuqu+1llr2n6vBh7UtExEEn0+nhrziaQtZLcfLxzwu3Ji5Kmuo7NzW172W1b5mzecLbsRIPrj+1ffUfmOS3J6n2KnmH8FXavduXOpW8hUH/AMrcoJ/Y17b/AA0XMc3ZOzy8mJk7wofqBUY/zXl3Z/QLS0/gz7SPY3EvffLws8VwMB98ib9p9VckftXqn8OMUk/YTRJBGR3cQDSKOcCtGNktD39LWLuxGX3Y+kr5UrmFEt1wp3D0oolZEG7bkLnw00r7Fbdls1rqpYylkkBOAB05qdl5wTkVLJbmUZGCPtUSRsDkivRIAQVyoqfuxg9Ofeo2ibaOnHvQmPDbd5PvRFK8WQADknqaFYX5X186OEFUHnU0ch3EEcCgmsIBFIrHnnNfOHbrSTpHbTVombO+6eVVH6WOf9q+kIn7sKSMj0rxb456U9j2x0++jBPzsHQjjcgwf70ePM9Xjd7aUqQP1EHpXn9/JPFMGQ8BtqLnr716FqPEaBWVrdU3SbvM+led6xcM94SFAB+n+mvR3nYzVCq907LwdryZ5xXqFqTPAmVESMc4X6mFeDdj5mivomxu3HaqMOGPrXs3Z+5FxOg3tJIwwq46UqNS7SMuqEByV/DTFYlxaiO7be5imfgY6R/aupESiZiWBk253jBGPWsnUYROFhRSY0OZZiOWH9NXpue1DS9M7QWi2Gp2ttqdj/53fRA959s815s3wMu+xWoDWfhh2v1TsNd95/8Ay9JjNaOPQxdP8V6Pe2cqNu2sYkOQM4yPb1/aq0lxLa3GWIa5+rY35KqRVdL/AIqfiX8OJVtfij2Dj7R6Yh8Wu9lx+Kg9ZIP+2K93+HPxd7B/GWzM/ZHtHbX0qj8Wyk/CuoT6NEx3f2zXjttf93EzCWSOAjLvKd+9/THpXL9pPgb2P7c3MOoQwS9k+0JOYNW0Zu5nR/1eEj+x4qHHcfW0lpPbMRnODk85OPtgGhglO7hicV8s6f8AEj44/A0CDWbe2+LfZKIf6sR7nVIV9TkeKvR+wf8AFp8NO3+ojTDq57Na2eDpeuobaYN6At4T+xrNbDuPo7s925vdI/DdluIB+Vzn/PWvQtJ7QWGvIO6lEU+Md05wM14sLVjCs8ZEsJ6SIMow9QRkf5qa0unhOS20g53KeayXxbD2+SFlJyCCemahdCG4ridB+Ic9oFiugLmE9C31Cu50/UbHXIhJaTrv/NEx8QrPMce0kOz2pZNWZbdoiQRgnoDUBjz0OK8A0qLuiOppUH5BMfy/5pGPP1HNC5G7arbhSHJ55P6a7qAJArZwcY/zUe0bM5/apmBZgvTHnROgA4FBT7rx5zUhUHoBTtHg02CjY60EDRjdg0AIj8sVYkILfS1RP155oI87zuPJot/hzjNAAScjipYgR7UA5bGP+lJvronbb5ZoFBY5NBE5U9DR24xKATkHrQyFVU4HSmtEzOpH0etBu2RMbs+MmpNUlY27BvCfaht5O63NjNV9WkLRZ6k1EcVrLYjcFuK4jVG2Nnz/AEiuy1yf8R0xwelcRqOX3KOBUbPVSKXLqxHNV9cDL8qijlmq1GF3LgeKotSHeX1imMEHJzUdpeOv0eMRacqsceXh5q8sIYDdEw4xuZvOqkUoht1UFh74FTW6OTkZc5z4yKuRXbMnlsL4OoPOa1Ye8YgiSME9dy4rMy8e36Fc/V71q2MshdMujL+YkdKiNu3QlFGIpD57TV2MG1mDBHGTglxuXFQWCbWICxlj0HSta2t5dyIu6Ngcluq/5otq0tNi7yEAxBnB3eHzrJ+MmmTaT2Us5GhUKLqGQSeR8S/9zXTW8LkQGMjGdpZeuP8Alqv8cFS5+Fl1y800EsIDHhQm5fFVVk0faeWW11KzMm3DKRvXq2SSCPXgjrVrWez1rPp9uJo/Ewz3iHjG3PSo+1lhHdahoUYy7G3XcM7dgwB/0FTMZZ7N1WPE9q2wTk8MvT+9UWqth432/wCy9zod1BMiiaBGwSOuPWt/snEPk5djeBxkD2rsu1Ft/N+y15BHseaOIkAfVtxmuN7BSBGtbOXnvImGR5Gvhvmsc8uT9B+EyxbHxdfZu99oCWW7Kx7sH0rCSIACFhuVhlT5g1s6JE+n3MsbndhmyPaq13p5tdXXnCOvhPlXx+8Prqsy7sVlljmQ7doAbNahVHjhB3BwMA1bTTgQykbty5qNtOnguAykSohyV9a8stqlTT3W1hVnDoTnr0qS40xbCHeoDrjGK1flgsiuPobyqpqFoWUxMWXBzj1FV8mtym+OPUZIiF7qRcqx8jW5pd+sFykAUJFICMj1rEv7RIpXOdzo2BU0A782kwYju5ArL6VJOruNOSe3ZWt2EsRXxZ/LXQ6QFmmMj+FXbbyejVnW34LoI1Khxg7hXQkokaKYoxCww0nmKosu/wDGd2h09biCQTp3jj6d4yv964/WOy4fTYdRWIvC2UkSPgr74r0K3y1wbcSLNCg3KzHOPaor6Eae6bI2ME2VYeVe1vxeWrv4eLTWz2l0kqEkKeNv5l9a7WCyS6tI5QA0SHJ9QKm17seskhW2zGPqGT4lrP7Pao2nTyWd8hAi8DAdT71bzhm4S6aziW2g2whnjboyeVb0Rii01k7pu+Q5Ws/TJbWGSPa//DOMDHrXSyQA25ZW3sDlDjqKz5JlOK7dqFxEAtvK67S2A4x1rE1HSbNr2SFomiVDlXTGa685uZLdWjBB6n0qHVdFiuJBNgqydVHmKr5PdmdosdpZyESwCNyMLgZz+9bMcxkteDvfOefSs20sp0k48UecjPXFWbEFbxlZ1HGKhvDzi14ZZUij3JvXy2+Vb9pFJJHmVRlem2sCCZlmJ4cA4wrda27G57tHDo7AnIOD0rIqv4bCzLcohXcCBgipLO9jhvTDKyxEeTDg/vWbZM8dzuyUHq1ab2tvqB2XEoUL+bHJ/ek226Y5rv20zewTW0jxxmE52nPGfeuf1jWH0+FGeISoTgHdzWheQskbd26vHjAbmsttLXU50dkPgGSp6E1HJktPiHuOIi28httVnuI+9wUV2wFbjFQzzm12xxuWDvkD0q8bA94ygFNnPrmq8unsVacN3ixt0C9aq9mqJrbpKIe67xi5JYY3/wDtVEw713Sux5zjFSzai7whlizGPqI8qnidJmRYZQ5K5Jx0qxLya2srMOgkjJjzkrjxNVpLV5neSOMQop2qp9KrRRi0jf8AEaSRmwZD+Wr6XkUiKICWaPkk1Osb9q7zM9JhF8qkwkJSQdAB1pNqxewEcj7pQcYPSo0vWmcCVhkeZqKW7iKbBGhKnLN50m23SiKc0SxIHjPfBsjHh8qCS4RJWaR9yr0HpVcrI6b+Mv8Ao8qqtaBGJ7zg/qNUy1Vx/wDpp5JblnKSbUHlmqstqI0Vt+6R+uPKpmlSJu7XBXzqKwuIpbe4TcxLNgFxiq26sTx6BLELaeDbtcbcmrISG4kcK2WP5KjjgN8VWLaGxjcaLTUSO5dWZd46mvP9nm6W8sDJEpViPLFVdpjn2kZ3DBzW4x3sH446is7UWSe5LbdmOmPOruKmuWZ7ULmMNswc7mx9qzLx/wAaTGDtGAK1u52xO27LDnbWALWRrhpgcru5BqylOS6swlH4Cksd0ijIA868x7UapLBbThmAG5up613+v3qRAkNgIvAWvD/iDqDOXQHCxjJ5866+nxc7cYRyX4UtaXAa52rtZtcaK7EZtl+kSDof6q6bRL3s3JZoupWYte9LCO+ij3xJt/UOvNeEaxfXF7dS3M3JEnIHT/3rvewtxDutX+bnsTJKu3vl72Ie7f01+q/HYIw4tn5B8rqP8jLad3p00vYDU1YX9heLaB1C3+iJsEZ/UyHPh/aq/a3SrTs32V1IaZd295Z3MGImQAXHi/Uo44q1oPyml6rqEV9ENPuLqNUhvtHbvIP/ANpEc4Wq3aLs5ansXc28Wp2rX0cnew3sYPdt6hvMZ96675p32r2tvYfwWrZQXy6hnWbW0FwimMsdryOMHnAJBr1/+HCxuLfsjIZYmih8IiZSNuMZrzLt/rj9p/4Suy17eraSXb9oxbvcWEPdxyiOAjftwME4HSvYvgWj23ZOyIXIkAAJbKHy6VdWJZ7S9Pu42WJXA2Er5VTdThAGLY65NXZnd96FNhQYz1zVS4j2+HDE+ZrVVAdlKiblbp6VLgd4VIx71DZDE7EqDxnmmvp2iY+HrUwpAFPXw0wRhjjg+dSRf8REDJxRtGWjAU4FAET7VAAyW/xRFyGPFKNTAWJOSelAVyc0F63O+MN+YV57/EDp7ah2T0u8jBRrW8AdweQpGD/mu7gcwFSwzmqHbfRD2q7D6tpyAd9LAWj46MDkf5oPlq9MAgVwZDApBj3D62Pl+1cHrMIiuTG5BdzufafpSu8y8cK94n4kKlYozzliME/sa4rtNuMgjdcSDxyOABz6UQB2WMks6iN3MhOFBP0e9ex9k3mRpVDbYQmJZ9wyG9q8M0q7ks5gd2JJBtbHkK9L7IaijKjS7niVvDGv5vvXtU3sMFol7p47tNtsBjvONz1nX8bwRh3UpHt/CgH1OKuaQHWMTXSb8t4I4Twv7VpalZSMjTxwd9fYxGQeEH26VfA4C/aSRZg4b5rGESLkQf8AauckgaO5liWVpAExNMecV1t9Abe1ntLdtk7kmaduQcfpPnmuSuG7qQMqSfJjwEj65D61CUF+2mVLOJpV3Qk7YkH1H71nXGpPb3RMYZGzhyPy0SajsZlRNtw0m5QfFtFQXDB4nDEBSMs3mTUR0vZ3tk8j9zNIyr/5b55/vUfbX4ZdlPiFZtDr+hW9++MrIY8SRn2PUVxdtO0d6VcMu0YVVGSTXe6Hq7ysI5JcjGGkY5IqUeR55pvwb+JHwozcfC74g3kNqDuXQtbb5q1P9IBzj9q6Sw/jW1/sTcRW3xW+Hd1pkSeF9b7PZuLVv6ipyR+1dLrsaII+5kkZcZLDjFRRXPzEGLmJDAnSEqGDffNQ4RI9g+HXxg7CfFi0Sbsl2u0zVZXGflVmWO4X2KNg131vdS2E4wGikByGUnp79M/tXxb20/h+7E9u5E1CHTm0LXR447/RpO5lH324B/cVHYav/EJ8H1iOja/afFPQIhu/luroEu1Hosgwf81lyYOXT1+h2ifEJ1Ah1CLvVH/mKPF/aurt2t9Sh721lWVfQda+B+x/8ePZO61O30zt9o+qfDXWZDsDalCXtHb+mVeB+9fTPZPtlb6hbre6LqVrqEBG4TWVwsqMv3XOP3FYL4rVHrjW5B86VYVt8SLcQgXEKGXzIOM0qpSfku4KkELgn/FCQ3UDmk2SxOfAfOjUBhleB6V3UA7WbrROrDGRnHWjAY7sDFMDhTnzoAdAEzjmoFBzUzTAhhjihRlK5oIyMjJ61EYwrNnyqw20eVAfECT1NBWZCelEQT1qYptPBqPPNAwjPmc0EjcZxUi8UEvGOV5oKbjJYHpVnT02neTkelQsp3dOtWbKNQi58JNBqQg7AM8HrVbUXJiIAOakWQRqfPHSql6WKnGf71EcRrzEM3H01xupuyqGAHPUV1PaBissozwRg/euQnVpHOW4HSgUMZA3HwsKks4/mNXU/VsTAJ5waeI4iwOtXNAAe5kfPH2oNyQ7owiuWx18PSpbWJ0VSRg+jEVWZwsr+JyH+rb50URWJ42UBs/rapItUyIZEiBQg/Ua1EfMap3kfsMCsTwxBQrR5bz9KuQSgyo+ELL9Q9K8sk7CzbEKs5QpnOcgHFb1pIz4LblJGNg5Fc3b7G7tVWPGMYrf05djIMtER12V49dnpO+Z8yIN+cgqMOKr/F22UfDnVAuWjeEHco+tlZePb960NHw0qlm3KwwWXwmrfxR0mXUPhX2gitcGdbOd+ARkDLefrgVVZawdYgS61rsvPdtjv7FTMQT4m/8Ax6VJqTtBevsBa2kTEka+X9f/ALdadL03vY74eao0apNPpwgCbd2/Cg5P3yas6/oTtE93bu0D47zDt1b9WKglDBuXNpZRykbIJ45I+8CjJA4H96890JhBfMoB3QPhNvmtegNbzaroUu9u7jRB4Mf+YOgrjogkmsRsUWKOdeSnk1fMfL4uWLk+t+EzRW/F1sDqt9cPINjbQxH361oah2fk1TSba8tzvNv9a+ZFZq2n8xKRJJi7C7dvqK6DQp5UiuI3Pdx42FPf1r82n1s/Ras6xspGDzA5jXj3FaUdmFnDKOGTGWHQ1zzdqD2e7XLBcpnT70bRLjAD+ld1bQC7g7plILjI4qu1l1WS+nuYtyHIj8qj1GFpJxjgherV0enWTxQXTMoZCuRmqt7Zq6ghW3Dghqo5NdZeb67aAILlOW35Kj0ptOhSSWWSPIWQhsH9XrW5qdn3JMgYPk4ZD+X3rJe7awmiBjBiL5BQdBV9bwtdRZ6o85EEuO8B6r5muyj01L6KK4SbDKM7PX9q8/tJI5rpZ4mVGzvQHz9q7bTLp/BOwHduMOBxtqi1k21b2tuIgyxBXJyRzUd1C7WrW5BODlT6Gr1vE0zCONcoemaml0uTumLbiduePy1mtd7uxLuziutLWR123MYwx88Vzurdl0vy08LBZ9mA3nmuueC4XbuQPIP09HrPaAi6jOSFbqOm2p1u8cfosN1p7NDcDKKcmMjkfavRrR4mt1dSTGRjFV59Oh1GM7l2zp5iq8NhcQR/L5fGcg1K90G7bOgjIAYZXIWpIMBMsS52+dV7V2k7tz/rKMN+mtWe1YjKkGPGOKo5IT6syaPbDFOvgOMFRVm3tLaeZegL+eOlBcJJaoj933qHrt5xVv5doUBUBg/RvSvOTzkrDSrZboBpArZyoQ9a3LVbxEBDh4QMHjrVJbaBCe9QBvUCrenmRnC7pFjHQ5qtTaViBpJI275CU8jU0SKzKgy67sYonYLAvdyMXP0oR1qnHJJatl0frnNZryphsNGUjEYc4znHtU6zRQQ8uR5VCl5FdKu2NkcjHSoLjUkDmKVQD+XA61Z/6q4rZuYFbLOQmMZ96ypb17tjbRShYxyyg4Y0EpzM0cZVyBnxetVUL2/4pQb/ANO3kfvUOVmvHjiF9LHvgsXOG8s4FTWllbaYzxCQKxGBnxZrJm1zCtbmELLnGQaOGJe9SXxrIhyOetW7rIrP7lemvWaJ4VjCqOTx4qOzihNuzR5i3DJyetQusqxMGUASHO4dQKa1R7fKBFbIwM1Hkhx2T7hDAZnUNEvmTyay4ZZJJ2kij3d4c4PkKK/OVcSMTj6VXpUSpdbVaPAQjAavLSvx02g5kkhmCMdgf0zxVa53gkbiAemanWOVOZJCx9apXUplUsDnHSqbWX1rHLpIIFRCFZnY+dQ6fbyvIy/kznFT2FvNIgOCQa27O2K+WW8xXlXuTLGPodpY7YhhcH1FQz6YEuGaKMsWXJNbMRCR+jUnZo8Io5Ixmr6w5X3W5bsGMMsjIxOaO62bVc9EGPuakuU23DevkB51NPap3LLJgLCu9h6+1XVhbzhjuVjtHfPL/SPSuV1W9NlAozteTmuhluNxTJ4Pl6V572y1vdfARruCLk4rZhq042fqesxQzXCzHO1Muc9PavC/iRrKJBMEY7rg445IFd9f3b3nzJdWGNxkb3rxLtHrSvrLPN4olZsgc5r6X4vBN8zlfL6qMOnsw9W083dhaoIxsU5fujhmP711/YzTZbhIF3sttENipfRna/hzt65IqraNDLb20l3EbmzzkrZ4Mqj+qvS+z19p13E9zo8tvrFuo506/TurmI4xtjYfmr9MpTZ+O5sjmtChmtNQut5k0YouU43xyH9JJyMV0vabVUfsvc6uVjtNTV4++tDCO5uFzjIx0/etbsZbXw7SXtrYw2QLx+LTtafckg9Fbyb7UPxfijg7G3EZ0dNKZ3Rnt3cMSQc+E+amtDFyekdtZp7/APhN7BNe2UGnyXfaCW5tLe3PRFjIbcenGa9R+DKmDsvabRlfIeRP/SvJ+3EkkH8LfwfE8LQu2uXDuGOQR3fkP017P8HYgOzULKNsR8QB86uqqen7BO7DeBkZU4qs0WWZGXLeualWUnuvxBwMeGoLqTE7FWb+1XoIIFCOck5PAqeWNLjJPQdeaKNFdtzDlf8ANBsXu2GGy1TEW9IBsG4jyo1YMSM8ULjKgE8inW2VY9wPiNA7MpCjzHWjZR4SDgVGYwGfPNMSQigDigOZmaVQu3FXLOYR3UQ8iSD96pFCIxgdKOGNmnjctkB1OKD5c1K0ksda1eFtqypfTqqJ1jTd1PpXC9obMMwmyzIDuLepr0ftyUh+IXaVIW277lgWbyycmsDWbWGPT2eUYT6Y+OSfWiDzG4ZrYmM7d7rvf/tXYdi9SeCOFRxK2CB+kHoa4rWAO8dVB3ltzMT5elbPZS5Z51w+AcOz/pA6Cib6b7GagjWbRKV37vFN1AroPkC1pLJDJiL8zMcGuD+HUiux70qtmcfV5k9K9KZlWyRZ0KxscxQKMNIPerN1W7g+0S27XEZQCK0QDwgFSwFcHqzyEiUgKxUyRIDhQp6fvXcdsLopPKZ1El7IMRxryqj7Vxer2qzGXa6EIwE0nkuOmB0rxJnQopV2Dd0WXxSDp9qhkkKQiRV3jdtUOMZ96nAjVBJuDRRtiOP9beppN47oR7Q87rkIOAo9aDNkvC0kg2YkbxNN5LV3TpwykqcKjY+rk1SmSNrt8q0ce3a3PDUrQRxOZwg3E5SP1oOpg1b6VuSW28bR6Vc76O/CmI7Xbn0UL61iWNxGYi4I25w7EZwKsveLLAdg2wK2zI/PQaNvevaz71MgCjG5TyR/TWlDfOroQfCRuIHT7VhfM9+y/VGxXKqKltp2RgpIIByTmpjc1HT9E7V2T6drFhbazbSDDwTxBlX7V5Jf/wAME/Y3VJNe+EfazUexmp7sm2ilMlqzem0npXokbtHN3kUgP24rpNOnk7lmkfB6IpOc15MRPY8pX45fxN9mVGn3HZDs92leLpqcTrGsw9doIxSr2WO8uEXAZQPfn/elWb6KveUPlAxM3tRpHgZPWjdmPlTjkVY8Q+NmPh60xjz4T/eptxVsgYFCAwGCaCvMqx4Gck1EybCAOhqxKu5wTyf6aCZcFR5+tAHdk0tmOtT00goKbK2aZlIapXfHGP3pwmevFBGqrjGeahmVME46dBVxVGc4qncMm8gcE0FMuC31EVdskXePF16Cqe1WZstVuy2d6JGbbjoKC1tMUhXGR6U92GEWQOasSOiybsbhUGoEJbA+dRHmvaBgZHP15Oa5G4BDlW4B8663Wsd7IXGB6Vy9wNzUAmQR4z59K1dKRYYh4+W68Vh3ILPCAfPGK2bCXfHvLDHptojLRHDEAkn+1FHJGMIY0JHQ1AUIcMxZs9dtGApP4UZHu1SGkp3cKIwK09Pcbdv4Z98VjQyZXcyr9WMVsadIVwiiHPqaJOm0wOwR8xEehro7FV8LYcv5lDnNc3azSLEGxDgdQK6bSY++ZFwFZW6ofKg7vs3Gl1MgeNpEJyBnBFdd2utHuuwevwxtl106UZz1xG1cp2ekTBGMqWwO84I/evRDapedkdVgQELNZSoqsOclSBz186zrnlNiof4Z/DMRtshuLWJFlBxtcIgK/wBwa6rX0jWS3tpI98qJ3cgHTbXMdmra2X+Hz4eNdzMJorxIlA/8vxyAn+6jr6113aT5oXULlVeAJsEgGC/3oOak09LdSbaRhaFfGJfqBrzu/s+5u7rcuyRCCgx/mvTNUGSY3cNGwzu/T/3rJ7YaIH02G9xtcAwP7gdDXM1+L7MNqw6fxuX6tRWZc7aXAsbq0vACB6kda6qKzWdpp4iw3nhR6ViaMWm0OJJYQz2z45Ga6a0umsNQZAm6IJlG9BX5Bn9bbP2LF7V5KtxoNrqYaK/gLwk5Q4yc/wDSuz0rSopbNPlnDiMY5JzisvQbIa206NMUaJv8Vs2ELaDqqwuuY5ur+VZuULt4aNraCRJFljAbphay5NNbupQT41/KR1ropo2WQXEIyp+oCq7kSyK7dPPiqpexMvPtU0vdHI3dgKw2lsfSK4LWSNLeWKVcEL4T6GvcNT0uOaM7H4PUV5r2v7Oi+3MFZyDtYD/eva2a6Tv25ns7eR3c9sgdQj+Elvyt6113Z+5u5L6eyvUZDGch0GUeuI7NWcVrcyQuG7kNwxHir0ns65sy0hkM8RGARzXlmh3ulxreNGjnuwowXHrVwfgZTeWDHHPpWbpYV4nU7o5c5G6taxjSbCynDg5FYbKbJJIGjJGwMD0IrL1bSRcx97CFDDoM9a3JopbZUxytHNZvCGZo8hhkhKnyQrZwiTSWcrpKuxH8yeldLYi3nhUO5LDqw6VFdW0QyroJI3GAx9apW2nG3uVS3mAV+iOfCf3pNv4t76bn8nVpS9u4OTkxnpUQt57SRg5IwcgeRprd54bkx3H4a+UqVo/zFSe7uB3ir0da83hmvy/TMMjRghiVBOcY8qniYSIGDkAf/bWlLBbsQCwbIwCpFZ76Mqk91Kdh6LnivCsxPZy/eYZlJNaNnJBLuDq8DL0B/NWWtuyNsdiCPOr0Ns0qMpmDfeolqwtt/wATJmHIdfy1JJcSwW6iZCxPoKz4bGe3Ys0pyOhFaIuzFCrAGc+hqv8ALtVbx0GLUbraFigBH9S4o47iRi8r2xe5foAvhFXIdcdkDGNVz5baV1qTw27vIvcEfn2+Gm0f1DeeXSmInt5ka4RElk4wB9NZ8kJuL+SGOUlWznJqGHVGvD3rTLvxg4fPNQOxmvlMJPeNn2ryLNuPHP8AsnubcQNudEaQ85q04YxgSqFAXI2UwBSB45Iy5BwGqW2eKclGJRk4I9a9l7a24bNw0m58uu3oSalMkcjlu8EeOi1Ya1hiVVEmcjOR6elUodPE5Z3bCfpxVcyq8T3KkkjXRlTA2r0dfOgupWRY4o2YqvkoNahijhjBhXaB+YiqLGXvdxYf+mqrTK+LxPSNWIiGA249M1Fb2OGPmD0NXGt5L1xt3DHRQK1rfSBDCneHB9K8jy8tljGqW0DhFQDHuK0YwtmMPzuq8thDFHuA3H7mnhtmmkC92TjoTV9audkzxZVZ4mkKpnA6moRMWk8ALBfMVr3MEFtblWIaR/yjyqgJSUkCIqKOrDzq+tVFbhjhihDXDMGY9AazJlc29xJKdiP0q1K2EUt0K5A9KxdX1HeCedg6Crqro8sPUZO4tiVBDHoa831e4+Xjup3Cq7eCNW8/eut7T6qWQxoclRndXmet6ql1GImKjC5LH09K6OKIdCs8auP7S68/Z3SwuzvZJAS271PSvD7hLnVb553ieNM5GV616B2+7QrNLOFJwmMsec46Ch7HaRHqWoQCW6bCnLRuvIFfefC4No5y+B/5BqJtHBxdlFJouonAkt2mGNynwn713NrqlpbMk724tjuG26tSRtP6m2+davb/AOHS3LR3dgpgAOTDJna/2PVaxdC0D5S5CNKLN5BgLMfwf3r7Ksbdvz21t2rpnaBfm27tTqHd/wCpPDwyffPT9q1fiRqMt38PIJLi4uJhJPE6Sk5YANjGfT2rMTs3PcXaCK3NldIcOYziKdf1ZNaPxPi1CD4aafHdQpHMNQjhV0B2urElT/gVaqel/E+e9t/4Xfg/a3e75t9ZuSM58CGPgD2r3z4Gyu3Y+yjAzsGNrctivC/jdb3n/wCh34M2N1Oks3zs03ex527dqr//ANV798NYE0+yiton8SAEt61OqL0AoThlG1R0AFRNlJSMZPrVxpPEV6Z6GoyuDjPNaEFdrjDAEYIqRp2DAiPIHvUcv43ix4vWiTwjDBlFSDFWuCp8Kk0/y5j8Qbio5JIs4zy30+1S7gsag8586AS2zpgk+tIujDG7BFKRQzFiOD0qB1DSAheB1oJGfA5PFNAzGZMEDxcU0m0jDHaKG3kR7iPn6W9KD5w7VQLqXxE1cSHZEl07M36sNgVl65L8yFkADFf9OLHFa+pSRz9r9cm3HYbiRAuOp3VUu7HugmOJT++KIPJO0unxw3srgYiHUHjJqnod0LG4Rm3LETl/YeldD2qtw17IxG9E9PzGuMW5eG5QMuQJOR60evor4d6yoSGeaLvZ3kAhtl88dCa9zs2e4jNxMokvSMEZBEf2r5p+Hersl5azbALtxhB5D/pX03oqB9JaFFAuXGZZfyp+9evLPNe2ELWlw7RywrJIMy3DDcyD0FcJeRQm1R3LLbqMrngzN6D1ruO3siWzFGAjt0POPqlb0FcJqUxaOGZFMk5XAhYeGGpEKtxIHk2Rwh791zsHCoPX0qF5oWUQlmeUY7y68iR1Qe9TRzd01z3B3KDi5uuoHstRAqlp3iJste9KwI3V2PV6CrIhuZzK0ZVAc7cfVSeEO4Yvh8YUAfTVuXIVgrjvNuQvkKrRbEiKhvGDlmPnQSo4iCiMZiVvH/VRs5g5zyF8KHzqvFPi2EjpgE4jVfM+tWHiLw7nb/iHOwj9A/VQXGmLNHskBeRcs3kvtVmBtkbM23uQMk+tY4ZI4Et8+FGyX8y3pWtFLC9j48Aqcd0OpFBatpERs5Jb8qY+qty1eOO6YSBt+Mg54Fc8E7mRADi4JwqsR4a17dGuoDHAe828STnpn0oNgXMUY2+J8fmBPNKqC6p3C7Gg3kfmHnSols+eO7BfHOPvQx8rzSpVBFMVBOPKiKKd3FKlQVJ+JVA4HtQ7Q6nPOOlKlQOEBamKhlyaVKghZAeKY+JNx60qVASDjPWqV3y27zpUqCg42E4qaxO+TB6UqVBqIgBxzig1YYslPnSpVEeZa8cTOfM+tcu7nfSpUEF5+Hdwkemf3rZtZnCAA4FKlXlUbNCOPcqgs1TPGI4kAzg9cmlSqYs2KKvl781dik8S+Bf7UqVRSdJp8uYjlFIPXiup7NIAARnJ68mlSqQ7ns45i7zByCM4bnmvXdFGNDJJLfhef2xSpVRK6HlvZaNH/h506Uopkh1EhGIzx8xJ/wBq9FEaXvZndIgzJgkjyPqPSlSrwcDqqr8pM4UApsx+/Wr2mQpqWgX8FyO9VbZmUnqDSpVVn/GVuH/thz/ZqJQNTjx4UG5c+Rq9Ge7uYAACCmOfSlSr8X1sRGWz9q0kz9VWz2S/A1qZVHhbqDXTa9bo6byDuToc0qVYdmuU+kTvNYqrH6uuKnslFxDOrgeFcgilSqiUpVpowgXHnXOa/Co2yDhgnlxSpVBdjeca1bJbXymPKszckV0XZBRPYsGyApyMGlSqbd/q9H047oo9w3EjBJq9b4EROMn1pUqw3VWa6EzaeNxzTNK8UbYY+nNKlVe8s8Mt7dH7zOcMM49DWVeHu5wB59aVKlZX4lkyvKoUtwOmKVqSLnuzyvvSpVJ7LSt7dJGAxgDpircH4iLng+opUqmw2QyzESdAT6kVYiUEk9D7UqVeJmincEgnd7mks7eA8Z+1KlUJewJpnlnYsx46Y4qManPcSFJSJEPVW6UqVQl7QB0e0VHdYgr7+orNV2NyozjDYGOMUqVetlfLeLEIR1BbmpJI1jhVlUBj1NKlXv8AqosGI5gUkc5zVyRtqDAHK5PFKlVKvJCJvEq5AOfKq1zCoj4GPtSpVGVFZlJYsY4l2nk+fnWzbRi4I3kmlSq7HEKtRMtEQrArMvX35qK8neFUKnBPnSpVfPhzSt4E+XMpBZz5k1QPieReMDoKVKpwtqy75yC/PtWBqnFtIB/elSpVuxPOe0IHyly35gMZzXk3bOZrWwi7vALyeI+dKlXUwNV/FXmvby1SHSYSud0r7nJ8zW92T1q4hsN2I5HC8OyeL+4xSpV+nfEf9T81+cmft2egaTfzXEMSTsJkdsMrjO7712modiNHa8W1ltRPbSw7zHIeh9iMH/NKlX0r46zznWbX/wAL682lWs0stlKudlw28oPRT1Aql8TLia17DadGJpJI21G3bbI2QCvTH9zSpVJF6V8bGY/Dv4NtvIxaSvgdMmQc/wCTX0L8Om761hJUA92uSPOlSr2qmXoLqHiBPUedRH6s+frSpVeiOZQjAAcVErMc8mlSqVRWmhUNkdakY+AjoB0pUq9EoAJAPQdKg3EMw8qVKga4w2eMYqrbeCYEeZpUqD5xsVEmuarK2S0d1KwGeM7m5P8AYVYmlJ01n43ttG7zGaVKpoOL7Ywp3piC7VjTcCOufWvLb6RkuIyDkg5GfWlSqCb0/sMxWWzIJBkZQx8//avrbs4gFmkIJ2EYPPJFKlXtSzzr4gIv8zuAQGEEWUyOh9a83tL+ZtI1GRmDORtyaVKpIKCKLdbPT04tmj+ZZTyWf39vYVLZXRu50lkRD3C4jQZ2r74zSpUFuO3U2czdGJxu4yBWaIlEoj/Lxn3pUqA4Z98lxlFxEuIxzhf/AMe9IuRbqPNs5Y9aVKgkgRZ32sMKIt3Hr61paZCkqM7LllDkc+Y6UqVBTuM47wks7vkk11Okf6EVvkiNo8nHGTSpUFTUL2SzumijxsXpkZNKlSr1N//Z', 1, 1, 0, '2026-06-15 20:57:56');
INSERT INTO `tenants` (`tenant_id`, `name`, `logo_url`, `subscription_plan_id`, `is_active`, `is_system_tenant`, `created_at`) VALUES
(13, 'PMaaS', 'data:image/jpeg;base64,/9j/4AAQSkZJRgABAQAAAQABAAD/4gHYSUNDX1BST0ZJTEUAAQEAAAHIAAAAAAQwAABtbnRyUkdCIFhZWiAH4AABAAEAAAAAAABhY3NwAAAAAAAAAAAAAAAAAAAAAAAAAAAAAAAAAAAAAQAA9tYAAQAAAADTLQAAAAAAAAAAAAAAAAAAAAAAAAAAAAAAAAAAAAAAAAAAAAAAAAAAAAAAAAAAAAAAAAAAAAlkZXNjAAAA8AAAACRyWFlaAAABFAAAABRnWFlaAAABKAAAABRiWFlaAAABPAAAABR3dHB0AAABUAAAABRyVFJDAAABZAAAAChnVFJDAAABZAAAAChiVFJDAAABZAAAAChjcHJ0AAABjAAAADxtbHVjAAAAAAAAAAEAAAAMZW5VUwAAAAgAAAAcAHMAUgBHAEJYWVogAAAAAAAAb6IAADj1AAADkFhZWiAAAAAAAABimQAAt4UAABjaWFlaIAAAAAAAACSgAAAPhAAAts9YWVogAAAAAAAA9tYAAQAAAADTLXBhcmEAAAAAAAQAAAACZmYAAPKnAAANWQAAE9AAAApbAAAAAAAAAABtbHVjAAAAAAAAAAEAAAAMZW5VUwAAACAAAAAcAEcAbwBvAGcAbABlACAASQBuAGMALgAgADIAMAAxADb/2wBDAAMCAgMCAgMDAwMEAwMEBQgFBQQEBQoHBwYIDAoMDAsKCwsNDhIQDQ4RDgsLEBYQERMUFRUVDA8XGBYUGBIUFRT/2wBDAQMEBAUEBQkFBQkUDQsNFBQUFBQUFBQUFBQUFBQUFBQUFBQUFBQUFBQUFBQUFBQUFBQUFBQUFBQUFBQUFBQUFBT/wAARCADIAMgDASIAAhEBAxEB/8QAHAABAAEFAQEAAAAAAAAAAAAAAAQCAwUGBwEI/8QASRAAAQMCBAMCCwMIBgsAAAAAAQACAwQRBQYhMRJBUQcTFCIyYXGBkaGxwdEkM0IIFSNSY3KT8ERTYoKS8RdDVHODhJSistLh/8QAGwEBAAIDAQEAAAAAAAAAAAAAAAIDAQQFBgf/xAAuEQACAgEDAgUCBgMBAAAAAAAAAQIDEQQSMSFRBRNBYYEikUKhscHR8FJx4fH/2gAMAwEAAhEDEQA/APi9ERe1Pn4REQBERAEREAREQBERAEREART8GwGvzBJUsoIRMaeMyykmwaOQ9J5BY9ruIbEHYgixB6FQVkJScE1lcr1WeCThJRUmuj4+D1ERTIhERAEREAREQBERAEREAREQBERAEREAREQBERAFksu5eq80Ym2jpBwgeNNORdsLOp8/Qc1YwnCavHcQjoaGPvah+tz5LG83OPIBd1yzlulyxhraOlBcSeOaZ3lSvtufkOQXn/F/FY+H17IdbHx7e7/bv/o7Phvh71s90ukFz7+y/fsX8BwKjy7h0dFRR8MTdXOfq6V3NzjzJXIe0HLgwbHKp8DXNhcRLwkfhdzHo5ruDGrV+0bCjUYXDXNtxUruF4NtWO+h1t7l860Wvu02p89PLfOfX/f99z3Gq0VWo0/k4wlx7HDt0UvE6DwCUFlu4kPi/wBk9FEX13T316mpW1vo/wC4+D5pdTOix12LqgiItgpCIiAIiIAiIgCIiAIiIAiIgCIiAIiIAr9BQVOK1sNHRxGapmNmtHLqT0A3JUckNBJNgFtWXMcxXKVHLJh+UziVVMAZJpq/uHObya1pjIA9frWlrLrKKXOmO6Xov59v77m3paYX2qFksR9WdPyplamyrh3g0J76eSzp6ktsZXfJo5BZ9jVx3/Sh2gTuPc5HoaYft8Sa+/sIVJzx2qTOHc4TlqmbbeWSV9vY/wCS+X2eH67UTdlizJ8tn0SvU6WiCrraSR2tjVXPRRV9LNSzNDopmGNwdtY//VxI452t1JscSy1SC28NO9xB/vNKMj7VKjh4880NLpr3GGRO19bEXgurfZfP/DL8R069S3ieGmnnqqCpaS6J5ieHb6bH02sVqdTSyUcxikF+bXcnDqqs2R58y7ibKiqxilzMahlyamAQk23ALba+k+pY5udYcTApsUwqswqsB8SQRmaMH95o29S9D4e9R4bbixZhLnHX5X7+3wcTX1U66vfW/qXHuu38e/yS0Qe/zG6L3h4oIiIAiIgCIiAIiIAiIgCIiAIiIAhIAudAizWXsE8Ne2qqGnwZpvGwjSQ9T5viozkoLcycIOctsS9lvAu+c2tqmERjxoY3fiP6xHTotsbcm53VDddT6VeYFyJzdkss7VdaqjtRWwK8xqoYFfY1QLGXI2qRGxURtUqJikRZr2e8HGIYBJO1hdUUh71paLnh/EPPp/kuYB1223B9673FEHgtcDwuBabdCLFcRx3CnYHjNXQuLXdy88JbaxadRpy6epVTXqXVv0IPkWGwVS83CDQ29i6Gmu3fRLk5er0+x+ZDj1PURFvnOCIiAIiIAiIgCIiAIiIAiKTh1JDWT8NRUxU8DdXd5IGuf5hf4rDaSyzKTk8Il4Fgv50d301xSNNrf1p6DzdVuLRpYCw2AHJQWYlQMaGtrKRrGjha0TMAA6bq6zFKHT7dS/x2fVcqyU7Hlo7NUYVRxnqT2BXmBQWYpQj+nUv8dn1UmOupNPtdP/Gb9VVtfYt3xfDJjGqTG3VQmYhRjesph6Zm/VSI8Tof9upR/wAdn1WUmNy7k+NqlxMUGPEaEf06l/js+qmQ4nQDevpP+oZ9VJRZDcu5kIY1ova9gf2eixdjTdh8HmPmPkk+vRb7T1dIQD4XTWP7Zv1VzFaagxvBq3D5KujIqIiwcU7LB3I7i2vO6OLawIzUXk+choV6RxBeyQS08j4ZRaWNxY+2ouNDbzLwXHI+xaqUuVybjcWsMA39K9XhB5A39C9XcpsdkcyWGeeurVU8ReUERFcUBERAEREAREQBEQm26cALweN/mqb3VbeS5ttrm8R4LUsHvA0nUX9KqFPE/wAqNpvvcbhBurrQqMsEc4NQSW4qGndYaXiCqOXcKktx4bSPt1iBUxnVXmC3qTCfJjdJcMgDKmDOOuF0o/dZb4KsZLwN5ucNhHoLh81lI2qTGE2R7EHZP/JmIZkTATvhkX+J31UiPs+y8d8Ki/xO+qzMTVNhapKEexXK6z/J/c19nZflmVxLsKbr0nlA9zlLh7JMqP8AKwm//Mzf+62WnjWTp4r2Virh2Rry1Fq/G/uzgWb8pw5bx+ekbG5tOQJIPHdYsOw1cdlijDGf9Wz1NAXY+2DL4qcCp8Vjb+lo38ElgNY3fQ6rj61LI7JYOvprfNrUs9SlsbWm7Whp6tFlnsGxHvminmfeUeQT+IdPSsGvWuLHNc0lrmm4I5FZqsdUsounFTWGbeiiYbXCvg4jYSt0e0fEeYqWu3GSktyOc008MIiKRgIiIAiIgCtudxejkvHv4yLeT8UGwXOut3/THgtjHBUFcburY5K41axllTdVearTBsrzdkIsusGgV9istCkMCkQZejClRtViMKVGNlNFTJMLdFOgbsosTdlkKdmymjXkybTMWWpYtlBpY9QszSRXsrUjUmy9LhMWLYfU0M7Q6GpjMTwdrH2r5dxXDJsFxSsw+pa5k9LK6JzX76bE+kWPrX1zQw6hcX/KIysMMxygxyIu7rEWdzKDewlYCRY+dtyRfkLBV6iGY7uxseH37bXW/X9TkiIi5x6QuU1Q+knZMzVzeR5jmFtFNUMqoGSx34XcjuD0K02rq4qGEyzO4W7Ac3HoBzK8yxmxpxA008IginNmPL78J5X5a+Zbemt2S2vhldlMrIucVwbuiEWKLrnOCIiALC47mSLC5BTsjFRPu9vHwhnS5A9yqzBj7cIi7uIh1Y8Xa3cMH6x+QWiuJc5znEuc43JPMrUutx9KOhptPv8ArnwZWbN+K8d4Y6JrOTXseSPXxK5HnTEmA95Q0snmZI5vxBWFVa5+Dp+VXxtM9Fn2ew7zB3X593UNI+Ckx9oVKDwy4fXRHmQwOHxWsjyVW3cph9yDoqf4fzZtsfaDg4F5XVFP/vIHfK6mwZ5wGYgDEom3/rGub8QtIbt6173bXizmtcPOLrOGVPS1Pv8Af/h0iDMeEznxMUo3HoJ239l1laaohnDTHNHIDtwPBuuP/m6lcNaaI/3QqTgFBIbmnA/dcR81nqVvRwfEn9juMTCdgVKjb43RcLjwdkZvBVVdM4c4pyCp8DcVgFoMw4nGBsHTFwHtUk32KJaHtP8AL/07lC26ydM3ZcJp8ZzdAB3WZC+2wlpmO+IKydNnjPFKfEqcKqx+2gLT7rKak+xqy8Ps9JL8/wCDvNIzZZyij1C4DS9rGdKQgy4FhdYL6iCV0Z/7nlZ2i7e8cpnfaciyub1pq0E+zgPxV0Zpcp/ZmhZ4dqfwpP5X8n0Fh8V7Kx2kZKfnXs+xTDoI2PrWs8IpePT9IzxgAeV/5BXJMP8AypMNpLeH5QzBTAbmONr7e3hW24N+V/2eRztjrDi1DoOIVNBxAX3BDXE+5XeZVJYkzmS0GuqkpxreV16df0PmPXZzXMcNC1wsWnmCORUHFMWiw1gFu9nd5MQNvWegWS7T8z5fmzfikmTJ31eEVMpmhkmhdEYeLVzbO1NnXtysQOS0INsS4kue43c47krjNYeD3VFTnFTmsez5+excqJ5ayczTu45NgBs0dAFQRcIiwdFLHRHQMmZjFfC2gqXnwqNviOcfvGj5j4ItChnkppmSwyOilYeJr2mxBRdCvVKMcTOVdonOe6DwdlWLx7HGYNTeLwvqpPu43f8AkfMPermNYzFgtKJHgSTP0jivYuPU+YcyufVVVLW1L6id/HK83Jtb1DzLZut2dFyaen0/mPdLj9SmSV88zpZHmSR5u5zjqSip5qpc47Q6KsbKjoqxsgPR5KrbuVQ3YqtvNCJW3b1qtuwVDdvWq27D+eSkYLjdldarTdldb81JcAvM3UmNR49/YpMamiDJMalwjZRIt/apkGhHpU4kGT4OSyVMNRosdT8llKbQBXxKZGWo7iwubLOUkLZbB7GvHR4B+KwtENQs/Q7hbkDVkcr7c8qQ0D8PxikpxEyW9POI2AM4hq02G2lxtrpquUL60zTltubMo4lhfE1kksXFE9wuGvbq0lfJj2Oie5j28L2ktc297EaELla2rZPcuGdPSWb4bXyjxERc83giHREBsmLU2Jz1ctTWUkzXu5hhLWgcgddB9VjOIG4vrtZdXBI20VqopIKsWngimH7Rgd8V1pafPVM4UNZhYcTl5VS36fK+Fz3+yiInnE4tt6r29ygT5HgcP0NXLGekjQ8e6yqenmuDYjrKnz0NQKrCzk+Sq1l+6mgmHS5aT7Rb3qFLl/EoL8VFIR1js/4FVOua5Rerq5cSRBbzVTF49joHFsrXRO6PaWn3r1hVZYXG7KtuwVDeaqapIwXW7K63dWW7K81SBej3UmNRmFSY91JEGSo/qpkG49KhRG9lLhOysRBmSpzsspTa2WJgOqydMdQtiJTIzdEdQs/Q7ha9SO2WeoX2stuBqzNqwx3C5pB1BuF83duOVBljPdRJDB3NDiLfCobeSSfLA9B1O+rt19F4dJqFqvb5lcZg7P3YjGXCpwl3fi1yHRnR4PSw1v71nVVebQ8crqY01nl3LPD6Hy6iIvMnojI5ew7864xTQEcUfFxyX/VGpRbR2e4aY4KiueyxkPdxk/qjf32RdbT1pQzJcnB1d8nZti+Db0RFuHNCIiAIiIA7xxZwDh0OqhTYJh8/l0cN+rG8J91lNRYaT5JKTjw8GElyjRPN43zQ+YODh7x81DlyfI37mqY/zSMLfeLrZ0Vbqg/QvWotj6mnSZdxCE/ciUdY3g/GxUeSlnpx+lgkj03cwge1bygJGxsq3RH0ZctZJco0aNwJ0IPoUmMra5aSCf7yCN56uYCVGfglG7yY3Rn+w4/O6h5DXDLlq4PlGHjUuF2ykHA2t8idw/faD8LLwYbNHsWPHmNviseXJehYr65epfgOyyVO7ZYyOKRluJhHo1+CnU79uSsXTkZUuDOUj9lnKKTZa3SyWsszRy2stmDNeSNsw+a1lstKIqunkp5gHwzMMb2uFwQRY6LTKGe1tVsWH1NrLfgzTmj5DzjlqfKGZ8RwioZwuppS1hFyHRnVhB56Eddb6rERxvmkbHGC57yGtA5ldw/KXyxG2fDMxwRkOnHgtU5o8UuGrHHobXF+dxryXLMlYZ4fjTJXM4oacd46+1/w+9eZtocL3Wv6j0EL06PNfb8zf8LoW4bh1PStAHdsAdbm7mfailIuulhYR5ttyeWEREMBERAEREAREQBERAEREAREQBERAEREBUyWSO3C8j02PxUuDGJ4TqyOQetp/n1KEiElKS4ZsVHmyOO3fU0rPPG4PHvstgw7OWFuLQ6q7g9J2OZb12t71z1FYptDc2dTzLR0ufcnYphUFXTymeK8b2Pa8Nkbq0kC/MenzrhmSsKkwzCnOnj7ueaQlzb3sBoB8VnjG0uDi0cQ1Draj1qokkkkkk7kquaU5qbXVE1bJVuv0YREQqCIiAIiIAiIgCIiAIiIAiIgCIiAIiIAiIgCIiAIiIAiIgCIiA//2Q==', 1, 0, 0, '2026-06-15 21:44:49');

--
-- Disparadores `tenants`
--
DELIMITER $$
CREATE TRIGGER `trg_tenants_prevent_system_delete` BEFORE DELETE ON `tenants` FOR EACH ROW BEGIN
    IF OLD.`is_system_tenant` = 1 THEN
        SIGNAL SQLSTATE '45000' 
        SET MESSAGE_TEXT = 'Cannot delete system tenant (is_system_tenant = TRUE). Use soft delete (is_active = 0).';
    END IF;
END
$$
DELIMITER ;

-- --------------------------------------------------------

--
-- Estructura de tabla para la tabla `tenant_invoices`
--

CREATE TABLE `tenant_invoices` (
  `id` bigint(20) NOT NULL,
  `tenant_id` bigint(20) NOT NULL,
  `amount` decimal(15,2) NOT NULL DEFAULT 0.00,
  `status` enum('pending','paid','overdue') NOT NULL DEFAULT 'pending',
  `due_date` date NOT NULL,
  `created_at` timestamp NOT NULL DEFAULT current_timestamp()
) ENGINE=InnoDB DEFAULT CHARSET=utf8mb4 COLLATE=utf8mb4_unicode_ci;

-- --------------------------------------------------------

--
-- Estructura de tabla para la tabla `tenant_plan_usage`
--

CREATE TABLE `tenant_plan_usage` (
  `tenant_id` bigint(20) NOT NULL,
  `module` varchar(50) NOT NULL COMMENT 'Referencia a apps.app_id',
  `metric` varchar(50) NOT NULL COMMENT 'Referencia a plan_limits.metric',
  `current_value` bigint(20) NOT NULL DEFAULT 0 COMMENT 'Contador atâ”śâ”‚mico (UPDATE ... SET current_value = current_value + 1)',
  `updated_at` timestamp NOT NULL DEFAULT current_timestamp() ON UPDATE current_timestamp()
) ENGINE=InnoDB DEFAULT CHARSET=utf8mb4 COLLATE=utf8mb4_unicode_ci;

--
-- Volcado de datos para la tabla `tenant_plan_usage`
--

INSERT INTO `tenant_plan_usage` (`tenant_id`, `module`, `metric`, `current_value`, `updated_at`) VALUES
(1, 'crm', 'api_calls_month', 0, '2026-06-15 20:43:56'),
(1, 'crm', 'negotiations_max', 0, '2026-06-15 20:43:56'),
(1, 'crm', 'users_max', 0, '2026-06-15 20:43:56'),
(1, 'tracker', 'api_calls_month', 0, '2026-06-15 20:43:56'),
(1, 'tracker', 'tasks_max', 0, '2026-06-15 20:43:56'),
(1, 'tracker', 'users_max', 0, '2026-06-15 20:43:56'),
(12, 'crm', 'api_calls_month', 0, '2026-06-15 20:57:56'),
(12, 'crm', 'negotiations_max', 0, '2026-06-15 20:57:56'),
(12, 'crm', 'users_max', 1, '2026-06-19 12:07:36'),
(12, 'tracker', 'api_calls_month', 0, '2026-06-15 20:57:56'),
(12, 'tracker', 'tasks_max', 0, '2026-06-15 20:57:56'),
(12, 'tracker', 'users_max', 0, '2026-06-15 20:57:56'),
(13, 'crm', 'api_calls_month', 0, '2026-06-15 21:44:49'),
(13, 'crm', 'negotiations_max', 0, '2026-06-15 21:44:49'),
(13, 'crm', 'users_max', 0, '2026-06-15 21:44:49'),
(13, 'tracker', 'api_calls_month', 0, '2026-06-15 21:44:49'),
(13, 'tracker', 'tasks_max', 0, '2026-06-15 21:44:49'),
(13, 'tracker', 'users_max', 0, '2026-06-15 21:44:49');

-- --------------------------------------------------------

--
-- Estructura de tabla para la tabla `users`
--

CREATE TABLE `users` (
  `id` bigint(20) NOT NULL,
  `tenant_id` bigint(20) NOT NULL,
  `email` varchar(255) NOT NULL,
  `password_hash` varchar(255) NOT NULL,
  `display_name` varchar(100) NOT NULL,
  `is_super_admin` tinyint(1) NOT NULL DEFAULT 0,
  `language` varchar(10) DEFAULT 'es_AR',
  `is_active` tinyint(1) NOT NULL DEFAULT 1,
  `created_at` timestamp NOT NULL DEFAULT current_timestamp()
) ENGINE=InnoDB DEFAULT CHARSET=utf8mb4 COLLATE=utf8mb4_unicode_ci;

--
-- Volcado de datos para la tabla `users`
--

INSERT INTO `users` (`id`, `tenant_id`, `email`, `password_hash`, `display_name`, `is_super_admin`, `language`, `is_active`, `created_at`) VALUES
(9, 1, 'superadmin@kodan.software', '$argon2id$v=19$m=65536,t=4,p=3$OGNWSXAubERiVWl0UHBHbw$vlyOvsoR8GqNxeug01DjU03ymN53xUQrgMEulBWMgZ8', 'Super Administrador', 1, 'es_AR', 1, '2026-06-15 20:43:19'),
(10, 12, 'admin@pruebas.com', '$argon2id$v=19$m=65536,t=4,p=3$M09YUmFlTzRFWllxMEhVSQ$CQIUuso4GEv3YWjDsK26tvI/BgUL6ag0lHDJjVIKiGg', 'admin', 0, 'es_AR', 1, '2026-06-15 20:57:56'),
(11, 13, 'comercial@kodan.software', '$argon2id$v=19$m=65536,t=4,p=3$VjI4bTRSUHBOZGp6MC9USA$br+PeUQyJxthJM0lZJmuCLBauIKyyDZ9VKxsDQonacE', 'Vendedor Estrella', 0, 'es_AR', 1, '2026-06-15 21:44:49'),
(12, 12, 'marcelo.bedrinan@kodan.software', '$argon2id$v=19$m=65536,t=4,p=3$ajMzZ2Q1dXlDVlRMSUxzeg$qrz7F9S+DnMxCJlrFlvMqcn9ZO62SqkzNFfT/C2M55k', 'Marcelo', 0, 'es_AR', 1, '2026-06-19 12:07:36');

-- --------------------------------------------------------

--
-- Estructura de tabla para la tabla `user_configs`
--

CREATE TABLE `user_configs` (
  `user_id` bigint(20) NOT NULL,
  `app_id` varchar(50) NOT NULL,
  `avatar_url` varchar(255) DEFAULT NULL,
  `theme_colors` longtext CHARACTER SET utf8mb4 COLLATE utf8mb4_bin DEFAULT NULL COMMENT 'ej: {"theme": "light" | "dark"}' CHECK (json_valid(`theme_colors`))
) ENGINE=InnoDB DEFAULT CHARSET=utf8mb4 COLLATE=utf8mb4_unicode_ci;

--
-- Volcado de datos para la tabla `user_configs`
--

INSERT INTO `user_configs` (`user_id`, `app_id`, `avatar_url`, `theme_colors`) VALUES
(9, 'superadmin', NULL, '{\"theme\":\"light\"}'),
(10, 'crm', NULL, '{\"theme\":\"light\"}'),
(11, 'crm', NULL, '{\"theme\": \"light\"}'),
(12, 'crm', NULL, '{\"theme\":\"light\"}');

-- --------------------------------------------------------

--
-- Estructura de tabla para la tabla `user_roles`
--

CREATE TABLE `user_roles` (
  `user_id` bigint(20) NOT NULL,
  `app_id` varchar(50) NOT NULL,
  `role_id` bigint(20) UNSIGNED NOT NULL,
  `assigned_by` bigint(20) DEFAULT NULL COMMENT 'User ID que asignâ”śâ”‚ el rol',
  `created_at` timestamp NOT NULL DEFAULT current_timestamp()
) ENGINE=InnoDB DEFAULT CHARSET=utf8mb4 COLLATE=utf8mb4_unicode_ci;

--
-- Volcado de datos para la tabla `user_roles`
--

INSERT INTO `user_roles` (`user_id`, `app_id`, `role_id`, `assigned_by`, `created_at`) VALUES
(10, 'crm', 1, 10, '2026-06-15 20:57:56'),
(10, 'tracker', 6, 10, '2026-06-15 20:57:56'),
(11, 'crm', 1, NULL, '2026-06-15 21:44:49'),
(11, 'tracker', 6, NULL, '2026-06-15 21:44:49'),
(12, 'crm', 2, 12, '2026-06-19 12:07:36');

-- --------------------------------------------------------

--
-- Estructura Stand-in para la vista `v_tenant_plan_limits`
-- (VĂ©ase abajo para la vista actual)
--
CREATE TABLE `v_tenant_plan_limits` (
`tenant_id` bigint(20)
,`subscription_plan_id` bigint(20) unsigned
,`module` varchar(50)
,`metric` varchar(50)
,`limit_value` int(11)
,`current_usage` bigint(20)
,`has_capacity` int(2)
);

--
-- ĂŤndices para tablas volcadas
--

--
-- Indices de la tabla `accounts`
--
ALTER TABLE `accounts`
  ADD PRIMARY KEY (`account_id`),
  ADD KEY `fk_accounts_tenant` (`tenant_id`);

--
-- Indices de la tabla `apps`
--
ALTER TABLE `apps`
  ADD PRIMARY KEY (`app_id`);

--
-- Indices de la tabla `app_configs`
--
ALTER TABLE `app_configs`
  ADD PRIMARY KEY (`tenant_id`,`app_id`,`config_key`);

--
-- Indices de la tabla `audit_logs`
--
ALTER TABLE `audit_logs`
  ADD PRIMARY KEY (`id`),
  ADD KEY `idx_audit_tenant_action` (`tenant_id`,`action`,`created_at`);

--
-- Indices de la tabla `contacts`
--
ALTER TABLE `contacts`
  ADD PRIMARY KEY (`contact_id`),
  ADD KEY `fk_contacts_tenant` (`tenant_id`),
  ADD KEY `fk_contacts_account` (`account_id`);

--
-- Indices de la tabla `custom_field_definitions`
--
ALTER TABLE `custom_field_definitions`
  ADD PRIMARY KEY (`id`),
  ADD UNIQUE KEY `uk_tenant_entity_field` (`tenant_id`,`entity_type`,`field_key`);

--
-- Indices de la tabla `custom_field_values`
--
ALTER TABLE `custom_field_values`
  ADD PRIMARY KEY (`id`),
  ADD KEY `idx_cf_values_lookup` (`tenant_id`,`entity_type`,`field_key`,`value`(100)),
  ADD KEY `idx_cf_values_entity` (`entity_type`,`entity_id`);

--
-- Indices de la tabla `login_attempts`
--
ALTER TABLE `login_attempts`
  ADD PRIMARY KEY (`id`),
  ADD KEY `idx_la_email_ip` (`email`,`ip_address`,`attempted_at`);

--
-- Indices de la tabla `messages`
--
ALTER TABLE `messages`
  ADD PRIMARY KEY (`id`),
  ADD KEY `fk_messages_tenant` (`tenant_id`),
  ADD KEY `fk_messages_thread` (`thread_id`),
  ADD KEY `fk_messages_opportunity` (`opportunity_id`),
  ADD KEY `fk_messages_user` (`user_id`);

--
-- Indices de la tabla `message_attachments`
--
ALTER TABLE `message_attachments`
  ADD PRIMARY KEY (`id`),
  ADD KEY `fk_attachments_message` (`message_id`);

--
-- Indices de la tabla `message_mentions`
--
ALTER TABLE `message_mentions`
  ADD PRIMARY KEY (`message_id`,`user_id`),
  ADD KEY `fk_mentions_user` (`user_id`);

--
-- Indices de la tabla `message_threads`
--
ALTER TABLE `message_threads`
  ADD PRIMARY KEY (`id`),
  ADD KEY `fk_threads_tenant` (`tenant_id`),
  ADD KEY `fk_threads_opportunity` (`opportunity_id`);

--
-- Indices de la tabla `opportunities`
--
ALTER TABLE `opportunities`
  ADD PRIMARY KEY (`id`),
  ADD KEY `fk_opportunities_tenant` (`tenant_id`),
  ADD KEY `fk_opportunities_account` (`account_id`),
  ADD KEY `fk_opportunities_contact` (`contact_id`),
  ADD KEY `fk_opportunities_stage` (`pipeline_stage_id`),
  ADD KEY `fk_opportunities_owner` (`owner_user_id`);

--
-- Indices de la tabla `opportunity_line_items`
--
ALTER TABLE `opportunity_line_items`
  ADD PRIMARY KEY (`id`),
  ADD KEY `fk_oli_opportunity` (`opportunity_id`),
  ADD KEY `fk_oli_product` (`product_id`);

--
-- Indices de la tabla `password_resets`
--
ALTER TABLE `password_resets`
  ADD PRIMARY KEY (`email`);

--
-- Indices de la tabla `pipelines`
--
ALTER TABLE `pipelines`
  ADD PRIMARY KEY (`id`),
  ADD KEY `fk_pipelines_tenant` (`tenant_id`);

--
-- Indices de la tabla `pipeline_stages`
--
ALTER TABLE `pipeline_stages`
  ADD PRIMARY KEY (`id`),
  ADD KEY `fk_stages_pipeline` (`pipeline_id`);

--
-- Indices de la tabla `plan_limits`
--
ALTER TABLE `plan_limits`
  ADD PRIMARY KEY (`id`),
  ADD UNIQUE KEY `uk_plan_module_metric` (`plan_id`,`module`,`metric`);

--
-- Indices de la tabla `products`
--
ALTER TABLE `products`
  ADD PRIMARY KEY (`id`),
  ADD KEY `fk_products_tenant` (`tenant_id`);

--
-- Indices de la tabla `projects`
--
ALTER TABLE `projects`
  ADD PRIMARY KEY (`id`),
  ADD UNIQUE KEY `uk_opportunity_project` (`opportunity_id`),
  ADD KEY `fk_projects_tenant` (`tenant_id`),
  ADD KEY `fk_projects_account` (`account_id`);

--
-- Indices de la tabla `quotes`
--
ALTER TABLE `quotes`
  ADD PRIMARY KEY (`id`),
  ADD KEY `fk_quotes_tenant` (`tenant_id`),
  ADD KEY `fk_quotes_opportunity` (`opportunity_id`);

--
-- Indices de la tabla `quote_line_items`
--
ALTER TABLE `quote_line_items`
  ADD PRIMARY KEY (`id`),
  ADD KEY `fk_qli_quote` (`quote_id`),
  ADD KEY `fk_qli_product` (`product_id`);

--
-- Indices de la tabla `roles`
--
ALTER TABLE `roles`
  ADD PRIMARY KEY (`id`),
  ADD UNIQUE KEY `uk_role_app_name` (`app_id`,`name`);

--
-- Indices de la tabla `subscription_plans`
--
ALTER TABLE `subscription_plans`
  ADD PRIMARY KEY (`id`);

--
-- Indices de la tabla `tasks`
--
ALTER TABLE `tasks`
  ADD PRIMARY KEY (`id`),
  ADD KEY `fk_tasks_tenant` (`tenant_id`),
  ADD KEY `fk_tasks_opportunity` (`opportunity_id`),
  ADD KEY `fk_tasks_assignee` (`assigned_to`);

--
-- Indices de la tabla `task_history_logs`
--
ALTER TABLE `task_history_logs`
  ADD PRIMARY KEY (`id`),
  ADD KEY `fk_thl_task` (`task_id`);

--
-- Indices de la tabla `task_participants`
--
ALTER TABLE `task_participants`
  ADD PRIMARY KEY (`task_id`,`user_id`),
  ADD KEY `fk_tp_user` (`user_id`);

--
-- Indices de la tabla `tenants`
--
ALTER TABLE `tenants`
  ADD PRIMARY KEY (`tenant_id`),
  ADD KEY `fk_tenants_subscription` (`subscription_plan_id`);

--
-- Indices de la tabla `tenant_invoices`
--
ALTER TABLE `tenant_invoices`
  ADD PRIMARY KEY (`id`),
  ADD KEY `fk_invoices_tenant` (`tenant_id`);

--
-- Indices de la tabla `tenant_plan_usage`
--
ALTER TABLE `tenant_plan_usage`
  ADD PRIMARY KEY (`tenant_id`,`module`,`metric`);

--
-- Indices de la tabla `users`
--
ALTER TABLE `users`
  ADD PRIMARY KEY (`id`),
  ADD UNIQUE KEY `uk_user_email_global` (`email`),
  ADD KEY `idx_users_tenant_lookup` (`tenant_id`,`id`);

--
-- Indices de la tabla `user_configs`
--
ALTER TABLE `user_configs`
  ADD PRIMARY KEY (`user_id`,`app_id`);

--
-- Indices de la tabla `user_roles`
--
ALTER TABLE `user_roles`
  ADD PRIMARY KEY (`user_id`,`app_id`),
  ADD KEY `fk_user_roles_role` (`role_id`);

--
-- AUTO_INCREMENT de las tablas volcadas
--

--
-- AUTO_INCREMENT de la tabla `accounts`
--
ALTER TABLE `accounts`
  MODIFY `account_id` bigint(20) NOT NULL AUTO_INCREMENT, AUTO_INCREMENT=7;

--
-- AUTO_INCREMENT de la tabla `audit_logs`
--
ALTER TABLE `audit_logs`
  MODIFY `id` bigint(20) NOT NULL AUTO_INCREMENT, AUTO_INCREMENT=81;

--
-- AUTO_INCREMENT de la tabla `contacts`
--
ALTER TABLE `contacts`
  MODIFY `contact_id` bigint(20) NOT NULL AUTO_INCREMENT, AUTO_INCREMENT=9;

--
-- AUTO_INCREMENT de la tabla `custom_field_definitions`
--
ALTER TABLE `custom_field_definitions`
  MODIFY `id` bigint(20) NOT NULL AUTO_INCREMENT, AUTO_INCREMENT=18;

--
-- AUTO_INCREMENT de la tabla `custom_field_values`
--
ALTER TABLE `custom_field_values`
  MODIFY `id` bigint(20) NOT NULL AUTO_INCREMENT;

--
-- AUTO_INCREMENT de la tabla `login_attempts`
--
ALTER TABLE `login_attempts`
  MODIFY `id` bigint(20) NOT NULL AUTO_INCREMENT;

--
-- AUTO_INCREMENT de la tabla `messages`
--
ALTER TABLE `messages`
  MODIFY `id` bigint(20) NOT NULL AUTO_INCREMENT, AUTO_INCREMENT=5;

--
-- AUTO_INCREMENT de la tabla `message_attachments`
--
ALTER TABLE `message_attachments`
  MODIFY `id` bigint(20) NOT NULL AUTO_INCREMENT;

--
-- AUTO_INCREMENT de la tabla `message_threads`
--
ALTER TABLE `message_threads`
  MODIFY `id` bigint(20) NOT NULL AUTO_INCREMENT, AUTO_INCREMENT=5;

--
-- AUTO_INCREMENT de la tabla `opportunities`
--
ALTER TABLE `opportunities`
  MODIFY `id` bigint(20) NOT NULL AUTO_INCREMENT, AUTO_INCREMENT=9;

--
-- AUTO_INCREMENT de la tabla `opportunity_line_items`
--
ALTER TABLE `opportunity_line_items`
  MODIFY `id` bigint(20) NOT NULL AUTO_INCREMENT, AUTO_INCREMENT=11;

--
-- AUTO_INCREMENT de la tabla `pipelines`
--
ALTER TABLE `pipelines`
  MODIFY `id` bigint(20) NOT NULL AUTO_INCREMENT, AUTO_INCREMENT=6;

--
-- AUTO_INCREMENT de la tabla `pipeline_stages`
--
ALTER TABLE `pipeline_stages`
  MODIFY `id` bigint(20) NOT NULL AUTO_INCREMENT, AUTO_INCREMENT=26;

--
-- AUTO_INCREMENT de la tabla `plan_limits`
--
ALTER TABLE `plan_limits`
  MODIFY `id` bigint(20) UNSIGNED NOT NULL AUTO_INCREMENT, AUTO_INCREMENT=246;

--
-- AUTO_INCREMENT de la tabla `products`
--
ALTER TABLE `products`
  MODIFY `id` bigint(20) NOT NULL AUTO_INCREMENT, AUTO_INCREMENT=9;

--
-- AUTO_INCREMENT de la tabla `projects`
--
ALTER TABLE `projects`
  MODIFY `id` bigint(20) NOT NULL AUTO_INCREMENT;

--
-- AUTO_INCREMENT de la tabla `quotes`
--
ALTER TABLE `quotes`
  MODIFY `id` bigint(20) NOT NULL AUTO_INCREMENT, AUTO_INCREMENT=3;

--
-- AUTO_INCREMENT de la tabla `quote_line_items`
--
ALTER TABLE `quote_line_items`
  MODIFY `id` bigint(20) NOT NULL AUTO_INCREMENT, AUTO_INCREMENT=5;

--
-- AUTO_INCREMENT de la tabla `roles`
--
ALTER TABLE `roles`
  MODIFY `id` bigint(20) UNSIGNED NOT NULL AUTO_INCREMENT, AUTO_INCREMENT=31;

--
-- AUTO_INCREMENT de la tabla `subscription_plans`
--
ALTER TABLE `subscription_plans`
  MODIFY `id` bigint(20) UNSIGNED NOT NULL AUTO_INCREMENT, AUTO_INCREMENT=17;

--
-- AUTO_INCREMENT de la tabla `tasks`
--
ALTER TABLE `tasks`
  MODIFY `id` bigint(20) NOT NULL AUTO_INCREMENT, AUTO_INCREMENT=7;

--
-- AUTO_INCREMENT de la tabla `task_history_logs`
--
ALTER TABLE `task_history_logs`
  MODIFY `id` bigint(20) NOT NULL AUTO_INCREMENT;

--
-- AUTO_INCREMENT de la tabla `tenants`
--
ALTER TABLE `tenants`
  MODIFY `tenant_id` bigint(20) NOT NULL AUTO_INCREMENT, AUTO_INCREMENT=14;

--
-- AUTO_INCREMENT de la tabla `tenant_invoices`
--
ALTER TABLE `tenant_invoices`
  MODIFY `id` bigint(20) NOT NULL AUTO_INCREMENT;

--
-- AUTO_INCREMENT de la tabla `users`
--
ALTER TABLE `users`
  MODIFY `id` bigint(20) NOT NULL AUTO_INCREMENT, AUTO_INCREMENT=13;

-- --------------------------------------------------------

--
-- Estructura para la vista `v_tenant_plan_limits`
--
DROP TABLE IF EXISTS `v_tenant_plan_limits`;

CREATE ALGORITHM=UNDEFINED DEFINER=`admkoda`@`localhost` SQL SECURITY INVOKER VIEW `v_tenant_plan_limits`  AS SELECT `t`.`tenant_id` AS `tenant_id`, `t`.`subscription_plan_id` AS `subscription_plan_id`, `pl`.`module` AS `module`, `pl`.`metric` AS `metric`, `pl`.`value` AS `limit_value`, coalesce(`u`.`current_value`,0) AS `current_usage`, CASE WHEN `pl`.`value` = 0 THEN 1 WHEN coalesce(`u`.`current_value`,0) < `pl`.`value` THEN 1 ELSE 0 END AS `has_capacity` FROM (((`tenants` `t` join `subscription_plans` `sp` on(`sp`.`id` = `t`.`subscription_plan_id`)) join `plan_limits` `pl` on(`pl`.`plan_id` = `sp`.`id`)) left join `tenant_plan_usage` `u` on(`u`.`tenant_id` = `t`.`tenant_id` and `u`.`module` = `pl`.`module` and `u`.`metric` = `pl`.`metric`)) WHERE `t`.`is_active` = 1 AND `sp`.`deleted_at` is null ;

--
-- Restricciones para tablas volcadas
--

--
-- Filtros para la tabla `accounts`
--
ALTER TABLE `accounts`
  ADD CONSTRAINT `fk_accounts_tenant` FOREIGN KEY (`tenant_id`) REFERENCES `tenants` (`tenant_id`) ON DELETE CASCADE;

--
-- Filtros para la tabla `app_configs`
--
ALTER TABLE `app_configs`
  ADD CONSTRAINT `fk_app_configs_tenant` FOREIGN KEY (`tenant_id`) REFERENCES `tenants` (`tenant_id`) ON DELETE CASCADE;

--
-- Filtros para la tabla `audit_logs`
--
ALTER TABLE `audit_logs`
  ADD CONSTRAINT `fk_audit_tenant` FOREIGN KEY (`tenant_id`) REFERENCES `tenants` (`tenant_id`) ON DELETE CASCADE;

--
-- Filtros para la tabla `contacts`
--
ALTER TABLE `contacts`
  ADD CONSTRAINT `fk_contacts_account` FOREIGN KEY (`account_id`) REFERENCES `accounts` (`account_id`) ON DELETE SET NULL,
  ADD CONSTRAINT `fk_contacts_tenant` FOREIGN KEY (`tenant_id`) REFERENCES `tenants` (`tenant_id`) ON DELETE CASCADE;

--
-- Filtros para la tabla `custom_field_definitions`
--
ALTER TABLE `custom_field_definitions`
  ADD CONSTRAINT `fk_cf_definitions_tenant` FOREIGN KEY (`tenant_id`) REFERENCES `tenants` (`tenant_id`) ON DELETE CASCADE;

--
-- Filtros para la tabla `custom_field_values`
--
ALTER TABLE `custom_field_values`
  ADD CONSTRAINT `fk_cf_values_tenant` FOREIGN KEY (`tenant_id`) REFERENCES `tenants` (`tenant_id`) ON DELETE CASCADE;

--
-- Filtros para la tabla `messages`
--
ALTER TABLE `messages`
  ADD CONSTRAINT `fk_messages_opportunity` FOREIGN KEY (`opportunity_id`) REFERENCES `opportunities` (`id`) ON DELETE SET NULL,
  ADD CONSTRAINT `fk_messages_tenant` FOREIGN KEY (`tenant_id`) REFERENCES `tenants` (`tenant_id`) ON DELETE CASCADE,
  ADD CONSTRAINT `fk_messages_thread` FOREIGN KEY (`thread_id`) REFERENCES `message_threads` (`id`) ON DELETE SET NULL,
  ADD CONSTRAINT `fk_messages_user` FOREIGN KEY (`user_id`) REFERENCES `users` (`id`) ON DELETE CASCADE;

--
-- Filtros para la tabla `message_attachments`
--
ALTER TABLE `message_attachments`
  ADD CONSTRAINT `fk_attachments_message` FOREIGN KEY (`message_id`) REFERENCES `messages` (`id`) ON DELETE CASCADE;

--
-- Filtros para la tabla `message_mentions`
--
ALTER TABLE `message_mentions`
  ADD CONSTRAINT `fk_mentions_message` FOREIGN KEY (`message_id`) REFERENCES `messages` (`id`) ON DELETE CASCADE,
  ADD CONSTRAINT `fk_mentions_user` FOREIGN KEY (`user_id`) REFERENCES `users` (`id`) ON DELETE CASCADE;

--
-- Filtros para la tabla `message_threads`
--
ALTER TABLE `message_threads`
  ADD CONSTRAINT `fk_threads_opportunity` FOREIGN KEY (`opportunity_id`) REFERENCES `opportunities` (`id`) ON DELETE CASCADE,
  ADD CONSTRAINT `fk_threads_tenant` FOREIGN KEY (`tenant_id`) REFERENCES `tenants` (`tenant_id`) ON DELETE CASCADE;

--
-- Filtros para la tabla `opportunities`
--
ALTER TABLE `opportunities`
  ADD CONSTRAINT `fk_opportunities_account` FOREIGN KEY (`account_id`) REFERENCES `accounts` (`account_id`) ON DELETE CASCADE,
  ADD CONSTRAINT `fk_opportunities_contact` FOREIGN KEY (`contact_id`) REFERENCES `contacts` (`contact_id`) ON DELETE SET NULL,
  ADD CONSTRAINT `fk_opportunities_owner` FOREIGN KEY (`owner_user_id`) REFERENCES `users` (`id`) ON DELETE SET NULL,
  ADD CONSTRAINT `fk_opportunities_stage` FOREIGN KEY (`pipeline_stage_id`) REFERENCES `pipeline_stages` (`id`),
  ADD CONSTRAINT `fk_opportunities_tenant` FOREIGN KEY (`tenant_id`) REFERENCES `tenants` (`tenant_id`) ON DELETE CASCADE;

--
-- Filtros para la tabla `opportunity_line_items`
--
ALTER TABLE `opportunity_line_items`
  ADD CONSTRAINT `fk_oli_opportunity` FOREIGN KEY (`opportunity_id`) REFERENCES `opportunities` (`id`) ON DELETE CASCADE,
  ADD CONSTRAINT `fk_oli_product` FOREIGN KEY (`product_id`) REFERENCES `products` (`id`) ON DELETE CASCADE;

--
-- Filtros para la tabla `pipelines`
--
ALTER TABLE `pipelines`
  ADD CONSTRAINT `fk_pipelines_tenant` FOREIGN KEY (`tenant_id`) REFERENCES `tenants` (`tenant_id`) ON DELETE CASCADE;

--
-- Filtros para la tabla `pipeline_stages`
--
ALTER TABLE `pipeline_stages`
  ADD CONSTRAINT `fk_stages_pipeline` FOREIGN KEY (`pipeline_id`) REFERENCES `pipelines` (`id`) ON DELETE CASCADE;

--
-- Filtros para la tabla `plan_limits`
--
ALTER TABLE `plan_limits`
  ADD CONSTRAINT `fk_plan_limits_plan` FOREIGN KEY (`plan_id`) REFERENCES `subscription_plans` (`id`) ON DELETE CASCADE;

--
-- Filtros para la tabla `products`
--
ALTER TABLE `products`
  ADD CONSTRAINT `fk_products_tenant` FOREIGN KEY (`tenant_id`) REFERENCES `tenants` (`tenant_id`) ON DELETE CASCADE;

--
-- Filtros para la tabla `projects`
--
ALTER TABLE `projects`
  ADD CONSTRAINT `fk_projects_account` FOREIGN KEY (`account_id`) REFERENCES `accounts` (`account_id`) ON DELETE CASCADE,
  ADD CONSTRAINT `fk_projects_opportunity` FOREIGN KEY (`opportunity_id`) REFERENCES `opportunities` (`id`) ON DELETE SET NULL,
  ADD CONSTRAINT `fk_projects_tenant` FOREIGN KEY (`tenant_id`) REFERENCES `tenants` (`tenant_id`) ON DELETE CASCADE;

--
-- Filtros para la tabla `quotes`
--
ALTER TABLE `quotes`
  ADD CONSTRAINT `fk_quotes_opportunity` FOREIGN KEY (`opportunity_id`) REFERENCES `opportunities` (`id`) ON DELETE CASCADE,
  ADD CONSTRAINT `fk_quotes_tenant` FOREIGN KEY (`tenant_id`) REFERENCES `tenants` (`tenant_id`) ON DELETE CASCADE;

--
-- Filtros para la tabla `quote_line_items`
--
ALTER TABLE `quote_line_items`
  ADD CONSTRAINT `fk_qli_product` FOREIGN KEY (`product_id`) REFERENCES `products` (`id`) ON DELETE CASCADE,
  ADD CONSTRAINT `fk_qli_quote` FOREIGN KEY (`quote_id`) REFERENCES `quotes` (`id`) ON DELETE CASCADE;

--
-- Filtros para la tabla `tasks`
--
ALTER TABLE `tasks`
  ADD CONSTRAINT `fk_tasks_assignee` FOREIGN KEY (`assigned_to`) REFERENCES `users` (`id`) ON DELETE SET NULL,
  ADD CONSTRAINT `fk_tasks_opportunity` FOREIGN KEY (`opportunity_id`) REFERENCES `opportunities` (`id`) ON DELETE SET NULL,
  ADD CONSTRAINT `fk_tasks_tenant` FOREIGN KEY (`tenant_id`) REFERENCES `tenants` (`tenant_id`) ON DELETE CASCADE;

--
-- Filtros para la tabla `task_history_logs`
--
ALTER TABLE `task_history_logs`
  ADD CONSTRAINT `fk_thl_task` FOREIGN KEY (`task_id`) REFERENCES `tasks` (`id`) ON DELETE CASCADE;

--
-- Filtros para la tabla `task_participants`
--
ALTER TABLE `task_participants`
  ADD CONSTRAINT `fk_tp_task` FOREIGN KEY (`task_id`) REFERENCES `tasks` (`id`) ON DELETE CASCADE,
  ADD CONSTRAINT `fk_tp_user` FOREIGN KEY (`user_id`) REFERENCES `users` (`id`) ON DELETE CASCADE;

--
-- Filtros para la tabla `tenants`
--
ALTER TABLE `tenants`
  ADD CONSTRAINT `fk_tenants_subscription` FOREIGN KEY (`subscription_plan_id`) REFERENCES `subscription_plans` (`id`) ON DELETE SET NULL;

--
-- Filtros para la tabla `tenant_invoices`
--
ALTER TABLE `tenant_invoices`
  ADD CONSTRAINT `fk_invoices_tenant` FOREIGN KEY (`tenant_id`) REFERENCES `tenants` (`tenant_id`) ON DELETE CASCADE;

--
-- Filtros para la tabla `tenant_plan_usage`
--
ALTER TABLE `tenant_plan_usage`
  ADD CONSTRAINT `fk_usage_tenant` FOREIGN KEY (`tenant_id`) REFERENCES `tenants` (`tenant_id`) ON DELETE CASCADE;

--
-- Filtros para la tabla `users`
--
ALTER TABLE `users`
  ADD CONSTRAINT `fk_users_tenant` FOREIGN KEY (`tenant_id`) REFERENCES `tenants` (`tenant_id`) ON DELETE CASCADE;

--
-- Filtros para la tabla `user_configs`
--
ALTER TABLE `user_configs`
  ADD CONSTRAINT `fk_user_configs_user` FOREIGN KEY (`user_id`) REFERENCES `users` (`id`) ON DELETE CASCADE;

--
-- Filtros para la tabla `user_roles`
--
ALTER TABLE `user_roles`
  ADD CONSTRAINT `fk_user_roles_role` FOREIGN KEY (`role_id`) REFERENCES `roles` (`id`) ON DELETE CASCADE,
  ADD CONSTRAINT `fk_user_roles_user` FOREIGN KEY (`user_id`) REFERENCES `users` (`id`) ON DELETE CASCADE;
COMMIT;

/*!40101 SET CHARACTER_SET_CLIENT=@OLD_CHARACTER_SET_CLIENT */;
/*!40101 SET CHARACTER_SET_RESULTS=@OLD_CHARACTER_SET_RESULTS */;
/*!40101 SET COLLATION_CONNECTION=@OLD_COLLATION_CONNECTION */;
